seqID,PC1,PC2,PC3,PC4,PC5,PC6,PC7,PC8,PC9,PC10,PC11,PC12,PC13,PC14,PC15,PC16,PC17,PC18,PC19,PC20,PC21,PC22,PC23,PC24,PC25,PC26,PC27,PC28,PC29,PC30,PC31,PC32,PC33,PC34,PC35,PC36,PC37,PC38,PC39,PC40,PC41,PC42,PC43,PC44,PC45,PC46,PC47,PC48,PC49,PC50,PC51,PC52,PC53,PC54,PC55,PC56,PC57,PC58,PC59,PC60
GLRGC0100,-20.235750097888406,11.885558402500482,-3.829790449943613,-0.6852075241307654,-0.5199715113736192,-0.3509047241504706,-0.6999335719719909,0.5639606098767665,-1.483460189169524,2.2283029472149054,0.855120522126602,-0.3540226381864417,-2.3813411067932906,-0.4676562763156183,-0.9862146432091689,0.7453711660491021,0.052029897717402636,0.3378378891714968,0.7005886232937771,-1.2753663456458206,-0.8815317965578235,0.4335902328303107,-0.4994964405705187,-0.0796188938920301,0.32183312251968754,0.7125627745839995,-1.0850977320791408,1.7427914822760178,0.9937313989988232,0.5687475725278772,0.7752940426285502,0.7656935529467265,0.931119571699232,-0.7188107176180429,-0.8846616950265341,-0.6539226476651174,0.8006063085395968,0.58682059896825,-1.4405105670165272,-0.7563370406735035,1.9244796766141177,0.1083927673968482,0.18073699047865155,-0.2132242241848698,-1.052466658000678,1.5233775638882077,-1.6699496806328133,0.05159545058435114,0.5422987822175116,-1.2514830190795856,-0.5899358341315083,1.227952381231799,1.2264424943764247,-0.6912481101212702,1.4265191516781415,1.3546151143039573,1.3369225342350115,-1.6675052138039106,0.5547301874754668,0.4191590206999869
GLRGC0127,-20.681974101566603,-6.990811745220639,3.8773845303611862,2.641093565058894,-5.534238503723454,-1.8379288073586644,-0.3863727170637235,0.9971163713350025,-2.068026278969947,-3.203430506960852,-2.4435231840495164,-0.05816307939681838,0.9427003807473462,0.8905675990915896,2.624438056363907,-2.567100411789095,-1.8455678295158258,-1.0236425806306788,2.1168417263909727,-0.36810533789514693,2.539629219644639,0.3113077165610876,0.7767651494098733,0.6475988937503652,1.2610667958599466,-1.124985601106785,1.2159994776167913,0.7250997859989681,1.564908578500974,-3.8415714326732693,-0.5462249649897812,-0.9614579274738543,1.6882442129134916,0.9859351488126379,-2.4330869397452544,-0.9339125452544248,-3.9688555518355093,2.7666381552973354,2.0503257755202347,-3.1575709311680713,-0.18658138185284506,-0.2280202174740192,-1.165408322640278,2.995013697779434,1.2173245749401895,-0.9976764451476181,-2.4687537729086535,-1.038903546859407,-1.839020444886448,2.378026799081158,1.3434910886632545,2.329292452130264,-2.4556033203522665,0.7098314500584827,0.3089336997567252,0.2937774354263581,-0.7834614999634372,-1.7789198238500263,0.6694476145167572,1.1981354998040366
GLRGC0260,4.73668296500063,19.63472996393004,-7.694352511414524,4.068920957397958,-6.213076251889048,-0.18424425167885478,1.3837291578410151,-2.6744682096061703,-8.925489375116843,1.4842093190000987,-0.5152971784393275,-0.04810631115731696,1.3333012981770604,0.5985007087918165,0.10933713643539397,4.0796970114277915,-0.38749145980485056,1.7754975481509765,2.128288926852822,-0.17460838692298095,4.147416341878643,2.3787602993972277,-2.088023558342208,-4.192516222168083,-0.8735229026280242,-0.08619076792189609,-3.3395471828940413,0.9374518438813213,-4.525097161890634,1.7965740727844242,0.7823967989376931,-1.1020146326403435,-2.3188522282228994,-0.7093475130818065,0.5799187836485035,0.2554091501726,0.8814199145668123,-1.7758976901802728,-0.691076136573547,3.4016749347174104,0.4991099896160321,-1.2100360773188559,-0.16807431128774536,-1.7825031919146577,-0.5642580695280958,1.6380709933823572,1.080674143244387,0.44207780945048014,-0.5859374917537589,1.4927314485536953,0.9758261154801559,-0.6827215143300058,0.9808099307006748,-1.1119358544761329,-1.4832933097394287,-3.848910903842396,1.6907082844829107,2.514895917094925,-3.6687397760489846,1.703084396437308
GLRHD0746,-9.649408333262594,-11.772162518687802,-5.960507781415918,-4.889017862843444,3.202259023440595,3.096230830280529,-2.003698350395194,-0.3712181008689132,-1.0717012485490598,-1.4610170204959634,0.6535324374848988,0.09979954485841024,-1.1975344766960094,1.8373931010227809,1.5369441750743174,-0.5841402930151117,-0.6889874732760572,-0.8349393169330691,-2.294033607771378,-2.9927278077791484,2.1189603403116934,2.3039244641845094,-0.21711051132801432,1.0787836876583325,0.5319257275418179,0.7888849869209328,1.3945142389855738,-1.1521222061679837,0.16664334486547672,-0.13373691569594628,3.448311039374292,-1.108820712674824,-1.652923055670575,-1.2511851827773484,-0.6984651643995269,2.0231026872768147,-1.0278295451326636,0.9705806826547586,-1.775090430499091,-0.969771486673913,-0.5576585727239208,0.5824198089329435,-1.1862742347947672,0.41420300293432727,1.1603395810836705,2.650252031025125,-0.8120505648692606,0.7146864483179558,1.3543299986576165,0.9378978435415508,0.1851591267644996,0.5281865578998659,1.9927645765797304,1.2123078536105956,-0.9167298419224702,-0.8136362051568155,-1.5881231282601893,-3.37061069203886,0.5873624968074228,-0.9386751173518296
GLRGC0122,-24.138477872214924,-7.336957940007843,4.4826238489489185,-0.8421463927772346,-0.43043789910621627,-1.4117495616172788,2.5739517426309155,-1.1124211041780063,1.980244535394714,-0.17231340509739784,-2.226315956322073,-1.826541320136713,-0.32602080413912643,-2.0420221938053116,0.43817029783528516,1.9682068606090637,0.3806246675647691,0.7870367537363094,-0.5603736265778112,1.2544507217706382,-0.23824245561072374,1.397587263190734,-0.7663541995370459,0.2497235485131889,0.6949393452008727,-0.49995338080382873,2.5152071350349954,2.104214977634399,1.3396715311735943,-3.3377638486621803,0.41463757120409417,1.634768652746013,-1.658225350414595,0.5961653889865253,1.463617632534323,-0.1960534524334228,-1.9442122979157783,1.2142948164695329,1.1201243809135595,0.9127542877348931,1.3311556043792525,-0.8092873665492422,-0.6158991094448547,1.6351472638064513,0.6123243874939065,0.6051860375435625,-0.7691739095103174,-1.7297462093448726,0.44432438529618296,-4.232118164153788,-1.2645783140191982,-1.9427445590324777,-1.8700428209550577,-2.125705648112851,2.7868383625058297,2.1443400001765758,0.3703739202274222,1.0943888716629473,0.5225216711521244,-1.0560439786667186
GLRHD0790,-0.4259639961433682,-9.806295843290268,-2.54484432890879,-7.677192044047637,3.545327444164684,-2.3372723803112407,-6.016457493459343,1.0574805910002285,-1.709209108969075,-0.7604131034387122,-3.0699206532981353,-0.4701937044830439,-1.0964248001527894,1.8223422041870279,2.885320286871662,-0.7735110242973737,0.8514000995768071,-1.762835034547743,0.6492776210776549,1.9701837284637915,0.174120998344367,-1.4193788908264027,0.9725658760274408,2.9140988106615997,1.890900039383103,-0.344266482223133,-1.5782538281098373,-0.39139094980718625,-1.0217930081076587,-1.3632943735628071,0.666104475556673,-0.9892884121972637,1.3762249320948863,0.9608992804356562,0.8678925652316923,0.7607782761437611,0.6367863859521654,-2.5630739800171525,0.2212065980659647,0.18123647864958184,-3.908488723709589,1.2865633531184402,-1.4870843845061061,-0.45389524408804244,-1.2540048006679911,3.3970726841845997,-0.010995082504241088,0.7175468137273016,-1.0805049872066643,-1.6490470683102616,-2.3826367201560035,-0.1585537956317348,0.2786007334802295,3.993686642231037,-0.3222568576510789,0.4401850066776339,2.7264875575053757,-2.703155381724492,2.121225697349101,2.664656558326114
GLRGC0256,-12.805958447979787,4.172164060252569,-0.8154616364895034,-2.3887018581297106,-1.2894720125285208,-1.4968916012732274,-4.600523843953659,0.08193881408357548,-0.09740983692062902,3.209972210722387,-2.6011619912501804,0.06155882183461,-1.1584038494618039,2.36810015096238,1.301461163882415,-0.9931235490237713,-0.9487668846683994,0.8098101896963003,-1.499885630421462,3.534840592777244,-0.25742585816097363,-1.5539806644992087,-5.488982721168999,0.5499952708548126,2.1723486459554624,-2.226339252419417,-1.1281630071199256,0.6731786718157119,0.14792747281710042,-0.22541132584257065,-2.971966215064341,1.8094120819201984,0.8994599264733145,-0.1501575316712925,-2.5167660607827047,3.2211318571452408,3.1020906947708604,-0.279863567769025,-3.439136131950598,2.655269507144413,0.2485680583825806,-3.685000527179754,-0.1255851623872643,-0.8042754456562878,-0.4637841218968907,-0.5117842682073547,0.14350175793367353,-0.3069386598778328,-2.723916344509771,-1.3525672282197365,-0.2904670516147504,0.9172322527975404,3.2244872313662074,-2.148015510295031,-1.6571966388057642,2.0134234133037556,-2.518682208774014,0.48785726499364046,2.7726039252642054,3.062915374836087
GLRGC0274,7.858578452199428,-4.358534009594992,-3.835526782279665,-4.299327708278424,-6.428573867163311,-2.370371798950428,1.6044484775379904,-1.8423214160316836,-0.031961856744384926,3.2521604923569503,-0.9245808866603857,0.027606852537593853,-0.8753426195636259,-0.8635948257985708,-1.153361636181225,0.415696889436403,-1.6984296742501255,3.363022236557827,2.1513982846050994,-0.9548323767464958,0.1503754583690532,-0.5853193204595293,2.4805622280925976,0.636300551108192,2.2060098220202247,-0.861669468611903,1.6664076955682776,0.21097853518602314,0.24036831121643204,1.744299654738512,-1.3622751813184337,1.3370579159727007,1.280774334608907,-0.45522959776365624,-0.7437025145838763,0.3436977421914463,-0.8192910882191665,-2.2900914136968815,1.058599773962028,-1.7591073707653788,-3.81499887028009,-1.2251726267130578,-0.14858897448024133,-1.1927129679273796,1.651828325928895,1.471345313943508,1.674851823433153,1.5708601319664641,1.249876435673526,2.3654851650147317,2.327850091726068,-0.09217621165972788,3.6979595702814967,0.1198859369933598,1.457660422713162,2.3749680083434734,-4.216640859258582,-1.628372681053736,-0.16350527183080468,-3.404446355311028
GLRGC0017,-28.87167713343991,4.003490259585148,1.082889696524976,-5.912881332233005,-1.2291943656264617,-0.077016905333545,-2.9798483417631965,0.0924166155698905,1.2983627805160445,3.3825183924587288,-0.173667283415916,1.7763825194620615,-1.81366075483777,1.1866110911972856,-0.35625458498884754,-1.376049346902217,-1.585691957252582,-0.277991718685378,0.9730950317847642,1.6862310098813968,-0.7119227308020255,0.4873585775629984,-0.6295966047942335,-0.2295208883337605,-1.587878941590105,0.20920208827685824,1.309956568094702,1.2151010869260515,-2.1271045630793015,-0.26560080599643493,0.7627002711315396,1.7781480101003786,0.09532651499426412,-0.3120037767983344,1.2661782457721051,0.7928228616972267,-0.21977778351614544,0.5787748885975681,-0.4467648063522676,0.6251086628577259,0.32293010843202785,1.124670337482278,-0.2227977951451469,-0.46473942726269774,1.4976782932495272,-0.39768171287591675,-1.3485411334452257,0.3420060629165134,2.089389272901731,1.1540352980747113,-1.1730843851979018,-0.5377321051436804,-0.1635004514098137,3.6059156627570856,2.1633010437970754,-1.4260237103854987,0.11514850138093216,0.2722266547167704,-0.10079257573812725,-1.2942158962550274
GLRGC0165,0.43263427339531857,7.389328704920258,1.7263666997046647,-1.5530766947817762,4.6461222817520715,1.8587715274946732,-0.8766893423566137,0.10336397527552979,0.615063518239305,2.8543922176071437,1.1442473400303201,-2.1744475961816683,-1.1392211281971965,-0.7641209367038769,0.5684150265725144,-0.7848684514209996,-1.2346593436852824,2.0680334343138407,-0.18641950159309023,-2.336091831406193,-1.0465248284589597,1.193330232348279,2.1735692571794174,2.310198851546992,-0.36675593297078807,-1.3799506899107652,2.0665752210588555,0.9905116976151636,-0.46499320743369804,-0.7279134133346453,-3.251340958580877,1.9368493715261526,-1.5402981653401788,4.349935607356385,-2.576521249737392,2.111482614992802,1.278790760362382,2.2321122157599103,0.8285823914416584,0.6025836824734037,1.2762152307614212,3.345022918301387,0.8412789879835385,0.1251775480144438,-0.8140345342428748,-0.083410607672667,2.956948656929834,0.4705836698503378,-1.111138153824717,-1.0404712193154149,0.9767371908784942,0.2939089108942054,-2.206719332581651,-1.0852320057227929,-2.493370217687565,1.4357605454558853,-0.04427796035344661,1.3637038124100735,-3.133268825004226,-0.6458290047159269
GLRGC0353,8.500084948423309,25.008554470181178,-5.750651634773692,5.0378322377898845,-0.6285828548242969,-0.8190016830601597,2.2574756391509334,-3.7396115159895156,-11.271549034642087,0.49779283151453585,1.9836669370191302,-6.701300056179657,1.707614802482237,-2.5195690446437884,15.283505483669002,-5.577715963779206,-5.189067408087003,-2.052836090009383,0.7328034825592348,5.484187880794695,-5.725791921484549,-7.034989348174928,-2.4714271631153784,3.9731607605745762,-6.8629755523190585,-2.3353911694287515,4.998692879981057,-0.8171704678933119,6.388524834282378,-2.8243991227915615,0.4166618743733667,-1.28744989450543,0.7361209326169108,-0.8085004890827004,2.75129077262374,0.7226134012293586,-0.42567877648490987,3.2924492372794405,2.1406854909643096,2.3804403698149694,-3.407331171162904,4.3135094612195655,-4.439445536222804,1.1324481410051461,3.5974217907872656,-6.075513750742308,2.6992517047720614,1.6026982698048415,0.044737276172610745,-2.900673998175847,0.2803425849223514,3.2894414062072532,-3.5574433818019413,-3.5908007318309596,4.491626962809302,-5.426569836538337,-2.529248326426244,0.019435939569324157,-3.2282067621772144,-1.360002795347912
GLRGC0292,-22.243092895273787,10.439029031752442,-3.10239990262408,-4.738361561795154,-1.22802961968859,-0.5196521271419643,-1.8748653949816396,0.8742821643838061,0.7188720240730543,0.14016486657223007,0.34924687897677326,3.6327077994809778,-0.13382700242584292,-1.4631823352394278,0.9344526344538183,1.3317408934830972,-1.7149848880669665,0.8184010355926093,0.6719094758433793,-0.7973076113792673,-2.7435877468930823,-1.0206281513262454,0.7891293034132794,2.53179803389397,-0.02498999606832722,-0.7617500439210558,-0.7674119840196392,1.9003278343847327,-0.3944410191932472,0.11328534853224707,0.5792164574587786,3.4337582407685123,1.3938280277224646,-2.3677843864376027,-1.388420095178547,-3.1997457917922953,-1.9698197961893578,-0.11285597512082378,-0.7193525221092445,-0.6853656928609104,-0.19085340322294223,-0.026704310705232288,0.03183582799537329,0.7834441886945992,-0.9150653626619015,-0.6213920147287484,-2.423546850263887,-0.18994543610098788,2.6216582398581156,-0.4583632495297909,-0.45846601162427375,2.496567147435593,1.0528361207830053,1.26012760673603,-0.31811142243657703,0.35879912640163153,-0.5690267321482975,1.1727815287242105,1.7987380870576735,-0.1443361074666115
GLRGC0354,-2.626950471932834,3.203735353621989,-3.3597773438467735,0.6675296163053654,3.119988239951516,-2.7326717834777985,1.9115463751513142,-2.4071868987024945,-1.6320887906460444,-2.888067033785535,-1.1803808974491192,-1.425223300575263,0.5267287617696628,-2.1686895306462097,-1.162449279208903,-1.0430899331700312,-0.746729235059142,-0.8245962311574848,-0.32153860380044913,3.1562502103846986,0.5066087584176586,0.5995387840400509,-1.19150331896651,1.0108707452793912,-1.028466586671386,-1.7925756995949824,0.32232904101660464,0.051987472589874344,0.045572655989897716,0.5623846456625387,-0.285942309423696,1.0969627561731918,-0.5617311971213995,0.41373623061336234,-2.0873824274231456,-0.31631123873326095,-0.4748656282131297,1.9950720459641447,0.34517113863994114,1.4740953201753908,0.45606491374703817,-2.535607871187564,-1.2762850933850276,0.16885447585261995,1.1240155568886783,1.0087458173973116,-1.8414037630230193,-0.7333916657527765,-1.1538485261347946,1.194121161456992,1.4848593991621124,-0.06175907253865792,-0.09233191770090768,-1.6125385667217225,-1.291901749970957,-0.44801782205278073,2.033022598243101,3.7254591635887255,0.5328956369778103,-1.815156382549058
GLRGC0240,-6.4699599318048655,7.773900238168673,2.809051769186055,-1.48685083872277,2.8324034402464644,-0.21135396860766004,0.6633379131810735,-1.5899574734593018,0.3898587737733739,2.259414582028835,-1.6647356223520802,0.996346111237184,-1.584596347059934,0.1455533094662476,0.1106773801326632,0.30288220394814935,-0.21385633662986264,-0.40914692833729555,-1.6547789090670684,0.2062095413821569,2.4477720985004994,-0.416591699687137,0.7161326669856182,1.4199933412351025,-0.10872183376732339,-0.5939278266764941,1.2018011662295585,-1.420908864778492,-1.638818980903051,-0.8086289217701084,-0.9918302159388878,-0.6238343075044298,0.6626604827313559,1.1055012680934078,0.9505077508254918,0.8690338086255078,-0.09535616243671868,1.5469748281334983,0.24999238872668111,0.07414282326053999,0.3035486896602825,1.232557795244472,-3.190531245994441,0.06848559887697099,0.44448164065918155,0.5844293331656609,-0.6369123270268046,-0.09368964534464803,-0.2435646724635778,-1.1408464297319485,-1.9845925344522637,-0.09352971956488203,1.3853597124743555,-0.08648907402602798,1.669840704527822,0.5196906974411966,0.31258281286353523,-0.6015949365065169,1.29702917947866,-1.4261320667258401
GLRGC0310,-11.951453668221705,-5.495853180617701,5.669777911861882,2.2488627775065195,-2.449935101604449,-3.351833030268024,-2.047308972929908,1.6611697965560794,2.7370435513835383,0.30855417872960506,0.3665069605609043,-2.262578768321954,-1.5621668009432643,-2.3617770697945146,1.8489833374849651,-1.1929488390451901,-1.6262015991308583,-1.3696726973268438,-1.5787129623471885,-1.0726879760005998,1.293185911978745,3.268061454589706,5.297864595341339,0.9782920456034109,-0.4402478417948381,-1.6548413648795959,1.679353026814395,-0.4199936835449708,-1.5747512760317601,2.383520900180226,0.5111244820657085,-3.6998560761082158,-1.9393387314167043,-2.0729648882327436,0.6763950468399654,1.2109386477998296,-0.7841512631473124,-0.8052344187651792,0.5362569887305874,1.8618260296460252,-2.144712510798788,1.4945943697654158,-0.2699371574423537,-0.0037477077137449875,-3.2718311552659394,-1.0006453708505272,-2.56086514405874,4.689835365320628,5.198179621244333,0.6443722009205167,1.0293086700159801,-1.428064065748099,3.5756792852177535,0.7142479589568024,0.9295873483458679,-0.6038064030582533,2.0803654691860887,-0.3435509290422803,-2.667730511458022,0.6742726915296988
GLRHD0816,-6.208262650356587,6.2017161658453945,2.5136726352653813,0.1893449697823589,3.719672854828308,-2.992013245698545,1.5105862622636534,1.5462173362262435,-1.0847631054361768,-1.3349938888609203,2.3081052972922413,1.6394204268492627,-0.19554173178652706,-0.906757771217711,-0.5850249735005149,-2.373287160503976,2.5436907399377513,-1.330797737348894,-3.259671255681472,-2.05788589620882,-0.1299686656105984,2.571935138327657,2.2112718162697638,1.60188518342706,-0.3066965986546623,-0.4249249653173507,0.18090616162257772,-0.45509951432302953,0.16007533541408103,-3.100362203033079,-3.411328080891985,2.653786585862156,-0.40590257733453355,0.5038075033496926,-0.9439320930703505,0.07195117880053653,0.25962505977788375,-0.5540023200321633,-1.3704893113115746,0.5710487393126381,-2.6475074957103346,0.18273565108028367,1.793680894483213,1.3074988024275787,-0.6468891475566528,-0.08260955287595254,1.6521549917008787,-1.276827131805144,1.0039630503839212,-1.2211153310342227,-1.7672331780795199,-1.1734933122520808,4.9027031428967085,0.39266270517708074,-0.3499237921978445,-3.6870741735385355,0.6043482933695216,-1.1035274123523993,-0.8793974975884232,1.217877442694151
GLRGC0175,7.723871683589787,4.177077667969558,4.1935803315829485,-3.2640220874431676,-4.877725180974056,2.82459261952286,6.134632529009391,1.2700391940529818,0.2840845826403846,5.254657764178184,-0.40995216888381614,-0.7189058535546189,-0.979540482830259,-0.7825988268207729,3.6070101146416835,-2.7456572548190725,-1.5162188564672165,-3.390369084505842,-0.8605634814623006,0.20711498465920994,-0.18412011310398088,-0.12299576201119886,2.542433546900918,0.1374745054295975,-0.8687263929523344,0.8780206677185443,1.1318579711758585,0.9970659901595856,0.6644355541594157,0.34721618384443526,-2.423670312877917,-0.44040686817797725,0.8075506105078436,-0.2790059250171454,-2.9275035801682527,1.6679416933506883,-0.27066796624605177,-4.31722279715107,1.3205908388479233,-0.5312101890982616,3.1534741650222626,2.6217373885414608,1.2598880733864137,-0.5928735230460574,-3.726859809991141,3.767701913576934,0.8248823966121314,2.6623116094574257,-0.1245701123983062,2.433873388744395,-3.12714243761346,-1.6686299480023152,1.2621398347461437,-0.30350218950982744,1.2214342154614974,-4.132670851641447,-2.8157213282907225,-0.5535995393929501,0.20356095050852846,-2.232476063944341
GLRHD0688,12.733805671391451,-1.2723275446884843,-1.3405206601097626,3.026131204332275,-2.688915493664939,-3.0293104406502476,3.2305488718345967,-2.318880066084196,1.8112194543721334,-2.503047899870915,0.20922271304480675,1.8895255455574245,-0.4324788121298414,3.661377888794821,0.9325006573804319,2.486622934453518,-2.4680649055244963,0.5429742432589462,0.019422534345171532,-2.6497234709382376,-0.6395354682367131,2.8938147377330825,-2.377450131774308,-2.5989679599425233,-4.456283599121502,-4.169183032236798,-4.514524268109885,2.37719503263596,-0.7193939377840778,0.5159842842135841,-3.0378593269119087,1.4496329499194305,-3.0967302677650967,-6.280378932597863,-2.93296043351974,1.8136812308065815,2.2535272209663093,-0.6825493980018849,-2.581747259998745,1.4410834294507748,-2.214712754072911,0.779284807439592,-0.7104650856816076,-0.858067502368561,-0.40776503604539854,1.3625104548467424,-1.9077045448904586,8.433648493173779,0.2986121246184558,0.2988199181219668,1.2813162289519642,-1.0094465807193194,-0.4736846852172609,1.7517724916713489,5.132118693198596,1.7642211785296862,0.03375879509042113,2.9296686434149932,-2.1539770011918185,2.17999397971297
GLRGC0072,-12.419786264012567,6.9876857527469785,1.2875899143325715,3.9263286312810743,0.7276794356287714,-0.46503266776770197,0.8562348481175521,2.632521492888931,-3.1010981436647436,1.7798217213097813,-1.6652629774391934,3.2193773105243566,-0.35918697422423523,-0.39082237716005397,2.2797721268511273,-2.1439658946153752,-0.7571587706659743,0.1478072705302591,1.5856303531275024,-0.4267951474971193,0.5656643064817588,2.546552806474101,-1.450596784136837,-3.4844598406459864,-0.3564745835159075,-1.5643236933472424,2.1033629534576734,1.171766621103646,-1.135386177885593,-1.2752558469228965,-1.6699882994412913,-0.3046834355308213,-1.205471424681632,1.8036348413732504,2.7907606397865723,0.5106014142445332,-0.7641750830675446,-0.013254175266363471,0.037168281923668826,0.33087947996436534,2.6974827967166686,0.23002624567489682,-0.5483899806329523,-0.5721946744232193,0.09630366208656906,0.2800789726064863,-0.38942542150246795,1.4679585171784426,0.6722504678115346,0.9660020453921052,-1.1190219295496657,0.3596110435998256,-0.2930811056263661,-0.583916110280862,-0.6528148397970938,2.782224657339573,2.0856650394495877,0.44543075876261534,-0.8294112795057856,-0.17128112925559383
GLRGC0217,-4.763420628207345,-2.8663371946446303,-0.5041849164826233,-6.751960576513713,1.780470806275476,-2.2652463680011117,0.4521622504498952,2.869067451116597,-0.3004737955585687,0.6056843892467206,-1.18757504188984,0.9545218480427196,0.6576982074903535,-1.3428662452233646,0.8540851986896731,-1.0599656409478804,0.05718515094307124,-1.5749291928745044,-1.1530987595957203,0.2985513499973304,-0.009791733005723646,-0.1795450651128396,-0.7316726630073239,1.286801143150779,1.4600440600055544,0.42244310849117084,-0.394335736658626,1.0804867307195958,-0.8347122439907971,0.7629946483469112,-1.666370175907998,-2.0396828396009137,0.521018036027917,1.5791810407703066,0.3810974821552239,0.8991961005404998,-1.7690486210602612,-0.4242696312191844,-0.717164941734067,-0.19272222310121348,0.540805353585147,-1.0374143666369209,1.6138429531544713,0.8398004951266277,0.2699336518121151,-1.3206068508228463,-0.21199911353698123,0.7053986784430686,-0.5479606093457645,0.8646974608790223,-0.11951535651686662,-0.276109387027741,0.28012353594696415,0.3719398171664558,-1.9199445984017822,-0.7011562377744639,-1.548449046777292,-0.8651863811888364,0.5833180028736619,-1.1875716796280562
GLRHD0826,7.999178989048234,-9.059482904322042,8.852707046172377,5.177862209380585,-1.6107089212429895,-1.59624323377498,2.3075877469436894,-3.0193437518509896,-2.7200302382785595,0.5860954245008517,1.2079660400034384,0.34513418712942545,2.685747451121154,-0.19100486571145583,-0.5353766380618038,0.7265944036540618,1.1076468730666187,-2.725375974303337,0.14462362681262736,-3.054211943253992,2.1406636141296755,0.2873987834187746,-1.1445464234133933,-0.2361396717333988,1.2890006373977456,-0.7342595901164735,0.9461114521350554,1.6057419891891116,0.658434791949083,-2.3166469690385463,1.2062001525358303,0.05929335049309542,6.559180586628478e-05,-0.02413188782332241,-0.7462171964190141,-1.018467553645153,-2.0574233137569893,-0.3344729610755011,0.2759670337461216,0.07202047697955663,-0.026532443704251195,1.26483533443284,0.10749202737946681,1.2403742621882445,-1.2388353243052694,1.9758977002642235,0.4998198622167713,1.7021053062611295,2.1433956883472116,-1.511724521403278,0.7183652491329681,-1.1975380401548277,-4.760105774671943,1.8378493670837153,1.089769840755174,3.498080285573915,3.6890620029806502,0.5168954608717323,-1.5724574630395427,2.352469158204908
GLRHD0396,16.993932798440753,-11.220320762602176,-2.0702056749806124,0.6592517029497824,6.839677398889694,1.5165571037007497,0.36075479447938896,1.2453972469440455,-2.75277458673015,-0.15394629116167302,-0.1947789357370213,-1.2315363236009456,-0.05860260908025163,-1.5791584015982885,-0.1455663930958448,-0.00020270826800132408,-2.1646827838690537,1.2567781124633561,0.5763654716621124,-0.782063014240793,-2.469003027804532,-0.7857377739107503,-1.721233030586073,-2.2939034808438565,-3.4784875216221423,-1.6272619722409252,2.744246024536044,0.18877873027558165,1.7543589329187936,1.4633659778493666,-1.1655927400735226,1.148497328422542,-0.5382216591302531,-0.04145779109565118,-0.5178122362721383,-0.7242635994257426,1.4345945168748955,0.036003456923633756,0.3219826086354785,0.557678029855063,-0.13654630449397176,0.1652005844330111,1.1451514017262163,-0.8104641815413566,-2.278365699566012,0.6554041327998635,-0.012098486383838031,0.24326126062134995,0.7051791142477113,1.5639396517521431,0.7144775013866976,0.2398962667189538,-2.2233578716285494,0.07875064385833189,2.995897353168876,-0.3413319586559001,-0.8946080922702222,0.0012146591071510364,-0.09741195462623953,0.5456580942219739
GLRGC0126,0.7834445025425423,-0.8905375668874538,1.8744469369297951,-0.9435402215421864,-2.85603756847798,-3.083239115573251,-2.1893737161403246,2.977349075085186,-2.3869347768392855,0.11924291332377368,-2.3250798743043775,-0.11607972794801474,-0.09714631761537008,0.0393854221300161,0.43284022635204455,0.027312270410223584,0.140355972276091,-1.381766480023746,0.38749153129823716,1.571115113429128,0.2594834901897745,-1.053244318465262,0.1392880664277714,1.715865916875895,0.8747847020627777,1.3157884156334707,-0.12766384335123013,1.353310223171821,0.13791853888080446,-0.07287273145026424,-0.5135261674119193,-0.5453239650402295,1.6393304973673561,0.10073387694083503,0.21181192367050589,0.657073255073442,-0.40229638544865476,-0.9112940788931866,0.032883236852536836,0.3425898936829409,-0.41533158023071165,0.7361749426460243,-0.5866349177964928,-0.6763274690392337,-1.1605224802513754,1.4652777852636847,0.4184296138572761,0.907113593436915,1.3209012812547505,-0.5741495039922505,-2.036945544943879,-0.9571940379919587,1.00562488533262,-0.6812057610558405,0.04773969048395657,0.8652530969441938,-0.7781557875002145,1.10721144396185,1.4700265519631412,0.3990943193049475
GLRHD0061,5.008099356513992,-4.335656385983544,4.4824150987101214,3.511339669457719,2.9667163353779706,13.06149122170143,4.879551040110617,4.679252994159939,-1.6562537826282457,-4.662380334447906,2.382140388750512,1.262430515495816,4.508911744397582,4.336755666840554,2.2601804235294476,-3.117418027652816,1.2183812398333929,1.859131706390598,-4.717257770730272,1.5262015007844567,-0.08278318346236785,-2.724284612827218,-1.2931565144164685,-4.105877956369489,0.7462561811929908,0.8299778946935117,2.0631395408463074,-0.6162733919819661,3.0016023642565144,-1.6297404286992678,1.6615179047055364,6.196625064973434,7.828843460434893,2.832311615125865,0.3935559764848626,-1.8481371995469436,-5.192038190174604,-3.8826357434668664,-1.7425199665622981,1.0334428802274098,2.582903287999755,0.5277791092699621,-3.9734390675131923,1.838876011914792,4.400894325295351,7.485664155936868,-1.16469530186781,1.6201847475410251,-1.912333081547154,5.936469493685277,-1.236857164303989,-2.8059699326342,-0.4196493463978038,-2.926457240567878,2.1273606366207227,2.3769601366680537,-0.04925970021333715,-0.7902164424838907,0.6053344525194142,5.254414134930691
GLRHD0736,27.604372584742713,4.9143541416808505,6.610031653545901,0.4957768763056457,-3.908183959775985,2.251674133352016,0.1816277587508224,-0.3654756701859323,0.5458104298143378,-4.922048765601907,0.04059334914653018,-0.8599223979588178,1.770699131566733,-2.876951271128953,-0.7579146903601934,0.8078842892925445,0.44980545493023877,-1.86270188672398,-2.7119130490238104,-1.7416714933282476,-0.19110280352941825,0.34721707102656946,3.2460510736158152,-1.939281723328228,-0.9572558364891616,-0.9827777925583174,-1.2497888001494635,0.29014340915982717,-2.0115475184601306,-0.8876999717079986,0.6628495073990888,0.28559356509941525,1.7093017980531777,0.38209738537548915,-0.8198250297111255,2.721037202439134,1.4005525798363292,-2.363394210334983,-1.3986152141222599,-1.3351301355377987,2.533416388763555,0.6056173527065573,3.5796526617506936,-1.6682933835489606,-0.6101255762710919,-4.660351964085196,-1.7203953372120726,2.1079070258546806,2.869644341436435,-1.7466740081242953,2.897885100586119,-2.9557404190060748,-2.784359828952666,0.333403050931133,0.8641282316976977,-1.9371730805149718,1.5213841711830314,-5.599230689330878,1.219001595626057,-0.516523345348859
GLRGC0149,-7.5104886931829515,3.323770485235083,-1.715810115597528,-1.753030602714143,-1.6561309385118368,4.985805506556936,-0.4319697355648904,1.0988956739162081,1.360702551915913,-1.3599384648486925,-1.0583192529019207,1.3626867503995217,-1.5991256867773689,0.46649967140154874,0.37800922091716016,1.1696383109769297,-1.6692373840759689,-0.327864570377042,0.8979605127532078,-0.6658420490067954,1.982344266704492,3.3136998627534586,-0.1696314149214977,0.7230336747029543,0.7650122538220628,-0.14348151883178692,-0.7475396547562043,-1.830286938092697,0.4065100078210725,-1.3187589040132357,3.461041483167095,-0.7443475957616352,-2.1068462701578308,-0.1957900839282148,1.33225939820852,2.183314523181721,0.07826439290434571,-3.4990455544431147,3.8462739392087926,-0.346659190596849,1.1017366757793323,0.7154710076079467,-0.2924350440006917,-0.4312705670512998,0.4461266697569046,0.4102368756699343,1.8668504774699821,-2.2068460218188224,1.1151134587121116,0.21292712618882204,0.6930373395689513,-2.6393810655788594,0.39068250904795354,0.653704540560565,1.1216985623097235,-1.7330294635313612,-0.8674172475770854,0.18646360823863886,0.29061453967480766,-0.06291776320968452
GLRGC0226,-18.887644367022062,3.829436942175131,9.109796556811313,-0.02739662939605445,6.774440788231195,-3.361618670249891,1.2729168188647604,3.662307507375237,2.3495726956346004,-1.9547339465402733,-2.0616705562294917,1.0960088745681278,0.5220955460062905,-2.6883333354923145,-2.9333888101347214,0.3389931638832655,0.058838133029013126,2.1993331911833645,0.4893774009544799,1.5289113990251564,0.26503554412665636,-0.8637962742330412,1.834782464920732,0.17890313433795885,-2.2083598114210665,-1.27094895838089,2.072032788657194,2.131754859553804,1.5800628243090398,-0.9664377918007643,-1.1558494064626261,1.3745127367179613,-2.111364270542454,0.7187044529540642,0.08373066851777772,4.754974843907908,0.7944660181724794,1.0741216153732644,-1.4766012173011795,-3.891722866430409,1.4670675408248697,-1.51293328174921,0.7650328282979969,-0.5982811937187225,-1.5823958856644265,0.16653616628369702,0.7892655927339919,0.6811874190280136,2.1230625387105526,0.40575986611255715,-1.127193396291476,2.353354636671871,-0.9501283260812093,-2.129506604953494,-1.7862574466444543,-0.9777724347717236,-2.491523355164631,0.24491017957364314,-0.8132006883198437,-3.3938934437722823
GLRGC0041,-40.86305252071252,-0.7335428897613956,-2.834945569260811,-0.2360584529961989,0.09168902331157325,-1.1610605095799251,-0.28926519973690323,-3.0011380807145898,0.3948189114906672,-3.39835719914427,1.0256894778462045,2.230129853252736,-1.6992819263942347,2.2419402163276514,-1.7432730713894098,1.2985581905572146,0.8354484763044426,1.0599193223232413,0.6814495293063934,-0.5007355840146805,-0.10606756057888857,0.6042674023602299,1.830634846618704,-0.27746541712117684,-1.5914244335724614,0.21897505077695073,-0.1331732642029421,1.7849343272623925,0.6264606969964002,-0.5177815767784345,-0.4955796555364849,0.7600313440709153,-0.6882517411776041,-0.9598811435304561,-0.03545931782994866,1.179940736177971,-0.1788917480351611,2.571830891528514,-0.43598004823579495,-2.295154384429444,-0.3983808149391201,0.1993112184374656,-2.1689781985609686,-3.2628330431556893,-1.6569400631513254,0.005282885884524531,0.7452844314875272,-1.8801528725322771,0.3329775619547197,-0.6278013858356158,0.779034343486297,-1.324269328651978,1.310633302397722,-1.3895011079510842,0.22068699961258054,-1.719943315759663,-3.711518579507435,-0.7916428430335731,-0.3570294355809257,0.6810567290029267
GLRHD0744,11.96792211654708,-9.221195522163242,6.890878103386629,5.385716804091945,-1.4389217234232095,-6.054966066079387,0.29476896688740034,1.7323927890759987,-2.2351470202847947,1.0038574029108795,-0.3135643415408039,-1.6028389445657616,0.9798523804646172,-1.3719995228186257,-1.8921686068118946,-1.3800161633527943,2.4972399189395187,0.00291079368804617,0.7244010430942261,2.3156862320678013,-1.3017266539632832,1.438381252556576,-0.9641083301318877,0.29374438703570027,-0.668496817188005,-1.9790673178120386,0.9141150682695951,-0.9072177123398105,-2.502289951347177,2.2198522124302453,-0.16725886227581116,-0.9529841933690772,-1.6243483544419788,0.5400263451053274,0.6807739182514321,3.4930049987384053,1.495192686437034,2.5518296174435378,-2.8330676096161205,-0.837652143860834,-0.37740254394189904,-0.5669465101454848,-1.4576374968174228,2.5504659468379827,2.0104291466135273,0.7505410702605883,0.8142077757542929,1.0061034108701337,-0.9909806427734607,-0.7714000523588734,0.8091791931470568,-1.4027403581772884,0.2510372174010461,0.1206890188062928,0.3242441843387112,0.7003950766975763,0.5478308773740415,-1.1412736387101121,-1.91570122427454,1.8952252834336938
GLRHD0796,-8.706824454926304,-5.615926464505163,-5.848665328520058,7.633460251839704,-4.0622709198122795,-3.976644079003743,-2.8387074066427194,0.17390491322429505,1.0349338006549225,-2.8737658727456057,-0.6301617989139657,-0.6504019642056337,-0.9520406618104095,0.7799335720999556,-0.6496183506132104,0.3199556248590233,-0.3966981370355869,-1.3093015410035338,-0.6905448867892977,0.5253177676454063,0.6913887681323977,1.1957994914817025,-0.9614453981273589,-3.874479225920335,0.5147938636597799,-0.8160898751229286,1.3968736901155048,-1.050277601024936,1.1808212258587163,1.0383869923635163,-0.5455860056446202,-1.0276512315692272,-1.975834319041703,-0.8336451411228252,-3.339113860485332,-0.2743716244340983,1.0376072796997666,0.03642398092058015,0.1286997318993248,-1.7450606137894962,-0.6786067138570252,-2.998571024838655,1.110988410338247,-3.6028617807583387,0.6181897955959325,-1.0548926596037604,-0.7738863033951346,3.0929274740914887,-0.4744467017922712,0.12480512997552938,-1.3121896490080733,-0.47617227163656833,-0.10903759737308015,1.3848222191865498,0.7469595094859149,-1.5824501973540217,0.26449928720545746,-1.37783607379921,1.8125486104289295,-0.11595069385931805
GLRGC0300,-0.556735756051217,12.254125803988359,3.4355815330892274,5.255239850200683,-3.980627998868747,1.5043546415551339,-2.62898113208986,0.09580004939952996,-0.8524535769942627,-2.086060782901579,-1.8246851271850109,4.157809617581128,-1.9153105529167664,0.5570026638736938,-0.32296307123791024,3.727158795796467,-0.14438872046982218,-1.1071972333701734,-1.0595024094898546,-2.9342989237474004,-3.6377347042868293,1.513376258653101,1.5016389468574969,4.572772632323149,1.2687001677998513,2.7074485275091544,0.964962614165138,-2.025706654964852,4.046576072200906,-0.9203504494340811,-0.3105286312436228,-0.3418347513091439,-1.6543748951550563,-0.6835933994236221,-4.427613900717794,-1.5893701992264682,-3.5937478465772323,-1.5488680460734563,-3.4457673465105385,-2.969493825135673,0.7384924227326237,3.8370854130611973,-1.2179929763461392,-4.764230485140465,0.13783385977977725,-3.2451053514195047,-1.9112629543436321,-0.41839969042810427,-2.3223062271102703,-0.6758181998512373,0.2512812573843066,-4.721461101562802,-3.71440269683366,-3.5350896459922043,0.3711095465699353,-0.1706187545388254,-1.3186949758381636,-0.5386769295454609,-0.49196454491282465,-5.881123671150252
GLRGC0198,-23.905971196876624,-9.111492449519899,-6.304100110826124,0.12113190184117444,1.947439926550066,8.89092376094995,0.08251870431921533,1.959623012174578,-1.9676062759471986,-2.109284404196256,0.46345367973021134,-1.7255251895309145,-1.7579108665635705,0.7226153125853076,1.5588633208809544,0.46525045518890396,1.7193348402412592,-1.5483602304101478,0.26237587525946515,-0.6603906515759931,0.17526021104017236,2.566868943938792,-1.4990818485206696,-0.6764290469125843,-2.2519850219063446,-0.6948931908138349,3.544703744514159,-0.7898297713579874,0.5291851030988474,0.2962068529653731,1.2383604358545672,0.25927983767252766,0.32027794150483024,2.0014264463494893,1.4893596890366625,2.0839110919426727,1.9517760894407843,0.6308787495406104,-1.0031563824743464,-1.195662988821402,1.2613637285641588,-0.3788154965012104,-0.7414070617466867,2.2913507146348455,-0.2944310404744981,-1.3300748560607212,0.5057862026298101,1.329318247185788,0.8906079182823073,0.21600572115392094,-3.164562430642543,1.8825686372497823,-1.5569150019953408,-1.0253443435362146,-0.035316687017126994,1.2935479798439333,0.9238037912508448,-0.08709928793120172,-1.2971459218032213,-0.36896001896939357
GLRGC0442,-11.715438631570667,-9.308932757780894,-5.890936507022767,5.238858583351712,3.9629424618408553,11.447535257247697,5.1526775679583094,10.5340728327309,2.145512239877314,-1.3453924942410223,-2.0714258538386625,-1.3286688333888212,3.481879294682369,0.08783079250976794,-3.071232704075403,-0.8150750047066205,-0.7291904478690112,0.20542019168649564,-0.812259255055886,-0.3908801405120805,0.4178891142778301,-0.30792205281855745,-0.22798694131952316,0.8960996088027082,0.6398445396105534,-0.0810173748298439,0.7354539221692938,-1.580557702385661,0.1704365463063845,-0.10563717500793322,-0.15086392071002483,0.9946465225259654,-0.550819804104636,0.5266419186790258,-1.1016244295504671,-0.04915794063172458,1.5476157001744901,-3.3434584722248215,-1.211038040112592,0.6638313008396771,0.36837504670994586,-0.8741743147184572,1.005126257178463,-1.5421433313712642,-2.8770038294759215,-1.5149402341407545,-1.073276208033295,0.4821361239371481,-1.7432468435001558,1.9927762892308876,1.1106814771146503,-0.008183664478188147,-1.0545768553219372,-0.6567203690436698,0.12090872396592005,-1.858076981161038,-0.6281769719047229,-1.372648542443956,-1.0191547584342076,-0.6894069351216955
GLRGC0322,-8.65690258951007,14.261295849364066,-4.238799143642804,-3.5704254806481086,-1.0603768633231427,-4.605468157621817,3.6943975612036333,-0.5845358665535134,0.03094512512060074,-0.765454981917775,0.49395748750628204,-1.2007271291337802,1.0818339158852461,-2.087348191334443,-0.7296992943380275,-3.2554126315797705,-0.8881366395315456,-0.9283795426021674,-1.1128192089189435,0.42818038116848733,0.41295825922838264,-0.24992085256256347,-1.0252298013393644,1.5021235366594288,2.0765132497648575,0.9288178056522921,-0.5429239770717127,1.2974382218861573,0.5275482949779363,2.0994607966873664,1.0426112754486185,-0.9649415612423196,-1.5068248808947098,1.4491061964550396,0.5381273147388095,0.662824128862295,-2.1806914285377346,0.3371483447699407,-1.0146596333245432,0.11930570201297216,-1.8121880439966296,0.24398924917860135,2.6265603678426297,0.9744339012171377,-1.8749444252595628,-0.08582872772240963,0.5370379992007374,-0.2710948808160383,-2.4415740011304226,-1.392981552036734,-2.5414779900035187,-1.0310721435048138,0.8071514885545299,-0.7980748023656891,-0.8092171150211449,-0.08610218215165566,0.7045119883989418,-2.805627909138272,0.2141597314182359,-1.2060928038668222
GLRGC0232,-2.849797647885641,12.174385403042313,-1.1737573200959464,2.4700970689069184,-0.624852962994949,-1.6564830081315276,1.2824389110966816,1.2099008370510937,-1.765847041725887,-1.130803818180661,-0.7550613008837692,-3.235548594592579,0.38487896128210136,-1.0924968580553687,-0.765685361003555,0.5113208182175887,1.9402641569757195,1.4159429833691375,1.7370681963976864,-1.2126340038358145,0.861685688637998,0.8128870596002911,1.06382272154149,-0.726876637788348,0.5416724015519464,-1.77697065518366,-0.9866888361018193,0.5745611525555183,0.835241308954187,-0.6840461350498511,-0.13826836273247914,-1.7433190771425169,1.660007720889874,0.7566794126562131,-0.5173691786868988,-2.352140728255604,-1.7398494842416727,0.09095106704265592,0.5565477173117857,-2.168363982975244,1.7876048473350379,0.073617881778072,0.7289012860680942,-0.03469130544147263,0.7312102231962706,-0.44277428166577026,0.21218016891536318,0.559602378476203,2.0723531305176373,0.038347553851638065,1.9589644498311143,-0.019016773700350646,-0.8385749088854673,0.9052209520081085,-0.14079830621702763,0.3898077870666094,-0.43226562424085885,-2.0410049620976545,0.9267616187789678,0.17800286653671965
GLRHD0666,27.123495003674456,-3.963038253372071,-7.4899336375711405,-1.24283587469691,-0.9703171752153491,-1.92841136247124,-1.1520782619053695,-2.2590874810969837,-0.14601715124367395,3.7665837040123766,0.048046081994592156,-1.547370894111115,1.0116071250557261,2.195741813263663,-2.41942361245408,-2.301223720698101,-0.6904670109001219,1.4713920643471496,0.7185195511280476,-3.343162899067093,1.8388499635131819,-1.0770457536582672,2.3154811307891463,-1.3496583274370457,0.12748632545284733,3.5744874734992456,0.6103939170925532,-1.1755916824989692,1.4792437446287359,1.100592685096017,1.7385849315783737,0.4413192254408883,2.34082612056253,1.5120685546449724,0.2969951698831842,1.9864262186857167,-0.632797341078726,-0.365365865280233,3.2798385383467905,-0.8775880597168556,0.2384268114691916,-2.0299393200320432,-1.4918914679182542,0.6257283070720798,-0.24553432172740314,0.42784235127680975,1.9463406395027765,-0.06369473065477078,-2.309106907222219,1.505989938138238,0.09503822378760947,2.3616799284504832,1.0665193750817792,1.8453178164292063,0.2763146643310117,-1.178505598092405,-0.16437647462759458,0.06830891187970882,0.725021037610162,-0.3642047328888362
GLRGC0172,-17.131322326860424,-1.4234645849748937,2.7810454268440097,-0.18444546746672502,-7.910240413598185,0.8528729913771348,-4.4278186098666605,-1.437206597540374,1.4050067711858472,3.158319744816222,1.4159132588791836,-0.6811352317579753,-1.5346502150705208,-0.2585460509166067,-0.39882550090626917,0.15908816168535556,-1.5157696966641387,-1.0772133319353208,-1.342051600878187,-1.2193077126295067,-0.685510691793694,-0.8644692458429957,0.6591913888851303,-0.4646393727106248,-0.7319657058548853,-1.012351162744726,1.1399206203219518,0.046618957073181956,-0.6021005266270162,0.2032252604391431,-0.9118347139792037,0.5131277158592565,-0.21123592067425404,0.2006878838146836,-0.8319765938852387,0.04838297349752225,0.1960479285943208,-0.653955615608616,0.27124679390549855,1.2495513279868349,-1.1103097378309656,-0.8188089296550278,-0.4281326758121712,-0.28367313420239076,-0.6665144266848634,0.31605658515014,0.49218525090272186,-0.007248272719438353,0.43127259819554353,-0.47182385578148256,1.160171526286656,1.0219028015496152,0.057380012558711516,-0.8500054770476555,0.2949038596122377,0.18312760620400023,0.07858401045607873,0.7315684455990692,0.2743987693591961,0.5590759053038993
GLRHD0795,9.691633837162113,-0.9557931976803591,3.0005528711399516,2.3255756059742927,-1.7463647319762654,-1.0686602246235368,0.623155659217457,-3.550539293407723,1.5270807620974964,-1.4905574147092127,3.328711297206073,-4.980340466062434,0.2723830157907624,-0.7078500262444338,-2.0422464163097716,-1.0977723190009763,3.2061910893353653,-1.5750768015726166,0.1809083935258836,1.8647547953489123,2.1015167746052077,-2.843979092937604,-0.38783209382541245,-1.0799571111266706,-0.1305765520632025,3.5470899626886405,-0.05409149336054083,-1.2857868748197978,-0.23080342915190952,-1.2606933850654964,-1.3949815962097312,2.242886510675979,-2.6922252476104163,-1.8942199265220045,0.17560276682912962,2.5251240789872558,-2.535809882274337,-4.650029809747249,1.6561099596728872,0.19554340748966326,3.128471965519863,0.20958479638481625,1.8054345778929746,0.40197063203370886,0.4148150702187723,-1.8082351855301682,-1.68843808088077,3.367796636160495,-0.732775860233221,-0.2646267323912913,-0.9410961500890633,0.37121130202525426,0.5942934412923101,-2.026191952484557,-4.020730087872341,-0.29205961865320773,-0.2370284959896606,-0.6390106064935135,2.41910820296104,2.0917433296029064
GLRHD0409,16.85175797912088,-1.3914226096465654,0.40814865420549934,-1.1545735631143428,4.08098117039438,-1.8776267853584498,0.18197710435196096,1.9151913672344525,1.303700122359957,-1.797808754214738,1.8786955297087167,-1.4065745409542794,-0.4537380549891584,-0.605774388726094,-0.4074056578061278,1.0518129794864555,-4.087791173913708,7.139408404664065,-2.067646732773484,-7.257506731676698,-4.049918998326889,-2.6599863764479044,-1.6899358736765993,3.2933998774314124,0.45100573982823705,0.6167805690039939,2.56147578447611,2.679394520230703,-3.5915213658368974,-0.5500064955457584,-5.325687528296337,-4.192340089336294,2.2483109467463356,2.6576637709969892,-3.417568817854059,-4.243716760626825,5.043297478293902,1.802412234558777,2.4576092297030545,1.751974604357686,0.7713747161740688,-0.5975977109355879,2.0793625373390405,2.7563354339556034,5.159153906615557,-1.462802171952603,6.8940583995693725,-2.126073315026974,-3.1912179003544017,0.7475422923108437,-1.7322460441692566,-1.1989989697441428,-2.1750145134518766,-0.8186165674968499,-0.9965550173210176,2.073247333595163,-4.624100555383732,0.5873617149495665,1.1210773158344822,1.5368964360971995
GLRGC0333,-11.495820678949402,-3.710252682262091,2.003591365553314,-0.36024098706640445,-3.060930757531779,1.8227316973872552,5.779401797427359,-3.757115044585666,2.983078138198778,3.0023564808044654,-1.1809888353483426,0.5416816427202685,2.0770405710693316,0.4075391313769482,-2.051682318857571,-0.6904643765694259,-1.4805999703216592,-1.0439813434164416,0.12388925745897167,-0.010987307288365394,-0.3628970123929865,-0.5730269538829575,0.5032540028522453,0.5786880417123655,1.2996541182352075,-0.8189680034106736,1.555135818965933,-2.803730259413611,0.7647706173445113,1.472347089136806,1.3575384422094807,-0.4199573746668966,1.1875017459308876,1.5630000058341194,0.06075868098916419,0.7402445869632456,3.3282746333451767,0.07000637474173582,-0.26049314244263255,-0.5124144053838522,0.1591795586309591,-0.8853390395440096,1.1125413579727297,-5.001350560338828,0.18671946194435066,-1.4518275919260681,-2.1921992428874906,-0.7767279833062446,-1.300500423650099,0.10770798733272968,0.6208464926394469,-0.15360120010916647,0.20441249257190347,-0.7947955838190253,2.882030239924794,1.6269257784688829,-1.4143532349174628,-0.44704188649996807,0.0915056235884799,2.8819437331085975
GLRGC0208,19.47961590559092,9.046969082213852,-1.7998302351402535,0.1626454612396658,-4.0917950622442545,3.074630050891265,2.180852706325411,1.1284951570350812,3.0754222795563413,-1.1198694553159378,-3.666309701984348,0.716613393470591,0.9939146483866077,2.2455871891673342,0.4874594123628581,-1.6522074062265237,-0.09832220135127827,0.6205634543540597,0.3020123707188977,-0.267457764272589,-0.37105968879358053,1.7121202228867425,-0.7679745208343215,0.4600523919322602,-2.0836049534560175,1.5477396019996512,-0.3430332310663302,-0.1373979131235296,0.17474610294748547,-2.579384801766711,0.15524561521627298,1.4342878771280616,-1.228210752351492,-0.05797130347992363,2.140615967913909,0.2548127227359098,0.669973878602777,-2.7337375172163827,1.1587462915329392,-0.29570192642808685,3.0817886658184586,-1.3163583051991656,-1.0429463947029323,-0.009911621405150202,-0.18763428300207582,0.26755758448661054,-0.16486036962965542,-1.9177274401400426,-0.982279802290133,2.275284144809013,-0.09473148992651625,1.0507492657648643,0.5189235007758718,-1.377837646195269,1.1023796767175866,1.8718681332227423,0.25013463298842536,-0.44855312364723515,-2.419382771998066,-1.1064381243971206
GLRGC0120,-15.787737551711787,-1.5791111179462332,0.24129064428039126,-2.4669633437724774,-1.8027625625734693,-0.7474728216574772,1.053466730333247,1.423500037616221,1.0012197153261275,0.4453543189813759,-0.3843539164925687,2.3106026416615806,-1.4828409460890664,-0.08812496994643897,2.3342673969277787,0.16646397962078902,-0.2941755660425802,0.3340733192688863,-0.17891662201928327,-0.874004478789051,0.9491631266368515,-1.924843822152864,-0.22432776785355346,1.4380274242122466,-0.5635242454996728,-0.49878544293515664,0.44390284935268276,2.5940682815987017,2.1940597207015546,-0.45496807354143814,-1.7414458017974073,-0.339067284046784,0.3821891194422341,0.29772463368010704,0.9089004222560038,0.5973127382091384,-0.6874868405107756,0.2675568570200662,-0.2689513691995869,-1.7793237751087894,0.12450929126164521,-0.3883409554927933,-1.2939311150290607,-0.09227210100902061,0.46656777104697306,0.4731186339075496,-0.36322712763393117,-0.6309264421579055,-1.524839054940498,-0.31970670625019826,-0.7495637559158974,-0.3598600165187012,1.1386187259805398,0.2114958647018443,-2.0336528203007895,-0.45540756168569585,-0.2934936428190743,-1.2910540833261845,-0.1994121999582507,0.21198290712693435
GLRHD0766,-11.106606571964953,5.958871117452219,0.7218589245167749,1.9977051813632862,4.599293227740048,0.8406867753333509,0.5664864711065437,0.8287441177224635,-1.5816662292064587,-3.042177949317319,2.2108343722310813,1.87940775592682,-0.7319707185278812,1.031181260733973,-0.8906047263724576,-0.7867481558197267,1.2666995831818977,3.7458620904817588,-0.05466749099670929,0.24580567653418994,1.4443836670062002,-0.5421201755457329,-1.9202348571165775,-1.4697706226832203,-0.43004000852252294,-2.3354809895749153,-0.7317469631446969,0.9304731038986365,0.11705371720935012,-1.8537219985064577,-1.2966878930651333,0.713487003830431,2.261287970968964,-0.44213408215623595,2.417192069630275,0.5464705934439668,0.07417630497696866,1.378349722069403,-1.1642197711662514,0.1376956668668061,-1.7414258775609759,-2.0718208854832185,0.29882078578324334,-0.44148187561388025,0.07378029190291692,4.463615898149536,0.862581040040327,3.4364390882282585,-1.5172027530119006,-2.121055024853773,-1.117860711845996,2.423569544497705,-0.5634736326243778,-2.31792376574768,-0.9943747465553749,1.282520197137063,1.4207523657464942,1.9368883145294389,1.8606142873335287,-2.346513977947529
GLRHD0673,3.394497669763897,2.6252353772053656,4.018844298266969,1.6134824944182848,4.01551632600504,-0.6650568394047104,0.48019717749197766,0.7861586521139313,2.616600159848214,-2.1960216390246097,0.8040682783663069,1.1116358175875354,-1.2919821162035012,-0.7131733060423783,-0.38674519337451674,2.2412696721025105,-0.5170762560929938,-0.5783681055725393,-1.729986678920198,-1.7479683411917217,-0.2918547216574887,1.4568395651181478,0.11751174465759642,-0.0023390286629373586,1.3284742883692937,1.6982757139058697,-1.691848839648883,-0.988733217887469,0.6628851066471662,-1.1136034693104537,-1.5626692869467151,1.4534187948183153,-0.8514313782540838,0.24246351540591649,-1.474579310960931,-2.4793107773311034,0.9518552332213898,0.4923992451076884,-2.03866532623458,0.3372621329949371,-1.3108463445189702,0.02003644095270689,-0.3948589478840488,-0.4209187060410309,-1.7207660265262512,0.23030839465819622,-0.7413942568422665,0.4719003477639314,1.4826584002942234,1.3227113416851497,-0.12440665736706005,-0.29376499928142297,1.3616915131669622,0.17878356179213967,1.9178261889387718,-1.6154701731776056,0.859100300417907,0.7583730639489077,-1.7730219833399314,1.1779780869055576
GLRGC0269,-30.422013127329503,8.397738985113284,-3.1580923909887093,-9.981628362565074,0.11039839992731502,-3.354117514827085,4.866223243119259,-0.8777309955510267,-5.532389897662996,-2.996699632004533,-1.2238933745436475,0.8638740012824578,3.1794298290995346,-1.4888217840451443,-1.3284714623282916,2.848357826041683,-2.6627656008431617,1.6464208202677255,0.6166477151951794,-2.0171321531055253,1.2994913276893933,0.22663488289708458,1.097084409331007,-1.5590200076337777,0.9656429274380618,-1.5620484465683602,-1.3212086312811402,0.010534528711433715,-1.1392375098097074,0.9646491992666023,0.5759802467100759,0.24161145775753312,-1.8111642052758317,0.7979486810616659,-0.33865620271498253,0.18061273879722045,-1.5763774062597657,0.14853092604338358,-0.2612884705842464,1.3803715610204437,-0.9100424212376154,-3.47268780868408,0.09031311218520388,-1.226900963234877,-0.9028538341040876,1.7565743437389207,2.16440067043919,1.9263710719899174,1.0366817414128982,-0.8813516577723935,-1.6666277531747633,-0.6705533670941075,-1.3215705820531245,0.4981108996038312,1.7370813859989758,-0.00201381524442765,1.6728361428850813,0.667943532417558,1.3947815310394,0.8992434479495569
GLRGC0440,-1.3591595861810915,6.280588290631464,5.272582986790707,-1.5995464795181877,1.8986724436487563,0.44768790544011544,0.7497607414924738,1.6668109226275147,3.973502721352891,2.278058706708255,-0.12751936028476518,0.21057622639790535,6.07708899076606,-0.2101862793477311,-1.2125863403766026,-1.531493115681577,0.47986184372591156,0.458359453949242,-1.5542234652467715,1.1854757842815797,-1.2633787063713433,1.1946332558537909,1.5365738418281876,-3.3265399878387933,1.8584001537393267,2.4171300530695663,0.4641304045970117,0.5496304452092189,0.8431652011462747,-1.1975174784219178,0.21848141428608855,-2.569065451685335,-2.1957000252028442,3.6599316820437373,1.3114164565179416,0.16675468697998555,-0.7334509434483933,-1.7710741968506347,1.2655657918380736,1.2872307594951868,-2.223327848499591,3.397192061323566,-4.214557881040752,-1.628476901230732,0.1503395589219537,-1.3708480587309622,1.2685318140915147,-2.908910522806828,-4.791169531124284,0.8764356683243985,-0.8032788312550107,2.471487273916819,0.23132199028164735,0.2843074655827996,2.2997171830970804,-0.6270530712037266,1.1974430183161777,-0.23970160529931644,0.8467646077516194,0.3094797104236514
GLRGC0151,-0.5421230822616637,-2.484169464887316,1.2858316299994372,-0.8239945535639237,-2.198436731090659,-1.3284211584422143,-0.8301174799477969,1.9254466165591568,2.4499338857320785,0.08784545589135642,-0.9700939252084804,-0.05994639249920991,-1.0618035721765904,-2.0487760464527733,-0.9085479666449531,0.5455119525046412,0.9751207213484304,-0.4898332031254938,1.7561043696728595,-0.35332560077799036,0.49317068612104276,-0.7507181876294718,-0.3411917115243301,-0.15814436347124464,-0.8217156478319593,-0.8946737462816468,-1.4307131818639442,0.6300190585589499,0.2836303563123271,0.8906286127192152,0.5972948795331122,1.724555945381596,0.5212202699279498,-0.9056866313918804,-1.1179922001380134,0.3089850470008169,-0.6621548823309403,0.1663949199913527,0.725073260599312,0.08254793700715915,-1.6955656429045534,-0.4969870518862969,-1.1901164141059752,-1.4592508429281725,-0.06986807945750127,1.1855797978256992,0.7613097991257491,-0.12259842723294095,-0.41152191460202225,-0.06063635993133625,-0.09741228348239067,-0.1890778301520458,-0.3123860235901227,-0.25393131165149263,-0.2751681044659341,-0.1162818720697051,0.291004693478552,-0.590725909772808,0.1367926917778406,1.2362683737618696
GLRGC0279,-15.15099822145236,-3.9131402670485187,-0.16924916201301907,2.6352541056671734,3.2253413920090774,3.4773998529611085,-0.2415502005010267,0.2667638756460346,-0.5175277203020757,1.0177629621221016,1.3513548366158856,-0.6992914369053004,-3.3030682332369623,1.2342078456506484,0.07370400010765672,-0.2579088746479444,-1.0064304269826168,-6.175991099640115,-5.1187061863590975,-0.5623668775127828,-2.4246049307057858,4.906392994151014,-1.7385851055656307,-0.42570033529441464,-1.4185692195095736,-3.226438535044153,-1.7283213462128946,-1.5283765471425839,-4.756621457154645,2.843602145535294,-3.9611059009197933,3.7657156020841804,5.5192607416674795,0.30181798332700654,-2.9610043142615634,3.691589883625477,-4.237056717823255,-1.4270928695331302,3.716306963636804,3.875318135402104,-0.11109656931850767,6.4834386136828135,-2.0731855858368524,-2.383193313009621,-0.002044667448110847,-2.6968615347936358,0.7386792366166274,-3.9682641735508524,-1.904883322602313,-1.4795116505210018,4.744911090229115,4.250727276002422,0.21915960113113644,-1.3086476055192926,-3.3921934918869026,-0.6966984058834104,-0.5057781042403754,1.9497831296926122,-2.414625185653126,-3.1141347481569226
GLRHD0823,3.0965904984462727,-4.819736546367838,-1.0814265674261812,0.34217791539311937,-0.2993953256693822,-7.396676800533859,-1.72910060550079,2.8396208313061884,1.3136826237896442,-0.8867731816088116,-0.49068989098629523,-1.3339731166329318,-0.0931123938403092,-0.520703950794308,-0.646945895249449,0.16353086636066147,2.729519807767402,-2.449791389122698,-2.3310401319982654,0.4793314501450581,-0.12398637278648279,0.6277364873750614,-1.2306628211637964,0.30893826028843113,-1.284274467433762,-0.7806455953458706,1.71717860510307,2.4860244681997306,-0.34465029406725173,1.8567243622851268,0.33428610542857234,-2.3206278228509865,1.6928123689391283,-2.6308232592642327,0.22441488094502318,0.32933354236308504,0.33145802471027264,1.3061694673416875,-1.525143722560481,1.0501826673929577,-1.6974646961308932,-0.8933110316832017,0.7953150696159502,-1.7436630154632007,-0.6498512174886111,0.8447871089560494,1.6986732696340026,2.4442584346980136,0.5091626422067933,-0.48986562699229685,0.9613098373919546,-0.15827207816508354,-1.3631735857886025,-1.3362549799688326,-0.5195735821404839,1.9450796925035823,-0.7180064219346414,0.9569072368208718,-1.2005940217066398,-0.8180339317063476
GLRHD0745,11.898702381756479,-1.344131900294648,6.011185012515077,0.9993841544537043,-0.8802619040836268,2.4345631752330537,3.618792374616589,-0.10883165112925687,0.838764362674463,-2.878239883274355,-1.3688707463797425,2.4300785990060265,-0.21120394293599307,-0.7732071457851233,-0.6100194963817894,0.49631543575328557,1.70291728242163,3.059285510706307,-0.4508787060914992,-1.9328511818934606,-0.10565479526551232,0.0028577627342376536,-1.418842489126867,1.272456697311267,1.9079353282584368,-3.5952591241401577,-1.5422537167109671,2.737184354467761,1.327602338759172,-1.0905356545933633,0.12025090949833583,2.147845730623629,-0.8852096307950846,-0.03038294140103466,0.6057387128890817,-2.5872157650188323,-1.2261052126824254,-1.1085424092301324,-2.6421469926122714,2.1512865108051233,0.20552104189651504,-0.13111515015030165,1.5103020148219461,1.7088094204247606,-1.0155421509506628,-0.7461088011379083,-1.6823833989233377,0.3248395575285928,-1.5208719367027874,-0.7073789166140121,0.413070012888378,4.2353108125273815,0.16554624348501942,0.27708444352512107,-0.6686863751675723,-1.2230738135846206,0.1739391200936524,-1.752287984822968,2.2432479695805396,2.155975584349502
GLRHD0449,34.45144923714765,-5.085710406483668,-1.9077432622687112,-0.572790508610069,2.9186725533804676,0.7890723459751862,-7.0701613933695,-0.8764862417140545,1.2120332232857727,-0.612609143053736,1.6273258519337777,-0.586484816780951,1.3684635748357659,-0.004145686675771235,-0.6844489796593343,2.500591447195832,-0.8017056143773306,2.64474536093951,0.015245994257503911,-0.0738039046785175,0.9331775098025787,-1.3356470502692155,-0.2251679961391452,-2.820234498997514,-2.7732592905442295,2.3763531442389465,-0.03534442930905545,1.3307332859966834,1.7928668861422818,2.632368971195406,-1.7197180168673036,1.4787511876724655,1.138076720156718,-1.7355195191838122,-1.316667042343956,-0.48996754997026504,-2.6548257678520653,0.4399738097611269,-2.0632674302286427,-0.5366985186642336,2.837408169008355,1.6051091355119067,1.2776760801237015,0.4900476256587333,-1.0950225197705723,0.3037098282702238,3.2582799060727474,-0.4184269347676277,0.21329903057334298,1.027431619088274,0.6642783391987838,-1.4078552846028995,1.3335034509177002,1.519285322402488,2.360635424907594,-0.5360452545874348,-0.7987082218398927,2.090807660138201,1.466879839141317,2.324502180496715
GLRHD0684,-1.3724811433133834,-5.213072303666618,4.993654273339575,-4.236152139171764,-1.7454854646925297,1.4241804643556246,2.717794152204515,-1.2659625545042583,1.7128214755963307,0.2252921733646702,0.5303581513517032,-2.107543234677976,0.13777835222572707,1.1365027277783137,0.45159644728654785,-1.3164256209376002,-1.0060710590279784,0.9099204438791444,-2.558539339226909,0.4620067225069177,-0.7634811398538199,-1.0607859335497203,-1.1365642265792226,0.9168493833562936,-0.9747821727034695,-2.3536787584573866,-3.0004847555464487,-1.1385799472861178,0.18323483046481556,-0.5178519724201002,-0.27382995251344305,0.6491056702070462,0.6415092747006327,0.5343710236512839,-0.05074466076761069,2.079943525005478,0.07361586317878975,-2.091787694161021,-1.869038048305515,-1.1352275993728564,3.3470498748702684,2.014969320198818,2.236880862010138,-1.9962580032597386,0.7198323635750778,-0.6107014573224949,0.7922312051617503,-2.028490210057133,-0.8218113276574049,-1.1588158576346086,-0.18062196732043598,-2.1588034797051336,-2.6387740059050557,-1.973530961800475,-0.01537026012612993,-2.2883183119272603,0.6445826681708919,2.106041849186675,-1.0367174429966526,-1.2911102074756662
GLRGC0303,-8.283658211438095,5.321607063369414,13.523518604403508,0.1290605555336279,-0.5890857352514832,9.062236954082833,-7.501038846414424,-0.9260669681267923,3.1604515233756927,4.219911872414626,-1.5134834451386479,3.4323325242433875,4.342370923084928,3.3007528570574802,-1.166965284411923,-3.8261626162634896,-5.717687520902157,-2.3810515028031447,-2.214611670914518,-1.6924455264048812,1.241723583506035,0.39596938087344086,-1.236439288995734,-1.5696176182628658,0.9371337712854799,0.6080710489023294,-0.7899064345713036,2.3266563960079014,-1.7437016141916613,-5.461990325575453,-2.3757697157832793,-1.9587715033217754,-4.942015489840977,1.3300407465130588,2.7977196769191597,-0.268519085271265,3.2157063072949965,-2.4144925004537385,-0.05796598402329069,-1.1804698943077092,0.4021544639677945,0.9206918016334593,3.7820607325159163,-0.4296803899266855,0.3019485611532431,1.764788368651881,2.813445904731259,1.5988331253959642,1.294113537146138,-5.738506246992142,-1.9236352421320226,1.29813075695736,-1.429848632768249,0.26276261522247224,-1.4418911191831218,-2.919746801807344,-1.2251752161644507,0.39612416136082834,-2.0853399169452183,1.4617489548981264
GLRGC0293,-30.818159114456208,-3.8069994911962195,-1.314363850494692,0.4271687766369989,-1.6561258947415525,2.7470804193004876,4.3298533952331155,4.586390865072024,-0.2840125613035227,2.0374551366602,-0.46943852515667833,-0.9305299480485121,0.7317844738539805,0.19352288610286192,0.5227075083950893,0.14051616066626188,-0.35276726042973494,0.5162832862126424,0.5288126315013356,-0.44237141785362616,-1.079563338631061,-0.40260600505993166,-0.35624332855670565,-0.24188332352519581,0.6004326444511218,0.4047990985840365,-1.6118337852442708,-0.11270563877928517,-0.29452122837503847,-0.41976532243015835,-0.6905911559376275,0.995870926821824,0.1553617016505674,-0.5614912909572167,0.33695831598241044,-0.9879759695260726,0.6416832691022584,0.5962387864835144,1.3169850011071722,-1.2113361793704756,-0.6977937228309897,0.7435967029180517,-0.10740567884674673,-1.1307793630324265,-0.13497725287660464,-0.26697014348789383,-0.8385310387750279,-0.9203452302967312,0.31324244517549127,0.6480481374527248,0.987884923856426,-1.329684909800459,0.7236899577520454,0.23571583572232033,-0.06107301628793204,0.460133500786633,-0.43762605804417476,1.5483165621673123,-0.20063793877545635,-1.5414566744408313
GLRHD0660,-14.845122842040102,1.101931306895237,-8.621650156548505,-4.57719082317879,-2.85898133350756,9.369330092875636,-2.029816613192726,1.209888938862635,-1.9854295014847558,9.361470130510376,17.056153040717817,14.127340533039343,15.82664056723293,-2.126586230600754,-1.2426952426502174,8.518323373595553,4.955543306111961,-6.104136285889438,0.8110776649812286,0.40538216388968806,-1.5921630170970846,2.5897328242630797,-1.3955926590581371,8.031740107854814,-4.289494746400151,0.9085868051154841,1.410389670620555,5.912848541640976,3.035407266696966,2.746674096275136,-1.1723220104253815,-3.217432400082306,0.22741740635813054,3.3963699866300248,-2.8108414844664833,1.3540723355877098,2.9201288692710374,0.4310980848457482,0.048733935027880294,-0.9416312576146986,2.0541374325809247,-0.4626701027127007,-1.9180074084859604,-3.1470000344477174,3.2199197637499886,1.468891051165843,-1.2770611556285159,3.019056509509094,-3.8058962297232224,-0.8024085098968065,-1.0178301166780412,1.7460826952435602,0.32205314390250117,-0.18757538354671197,0.1588556403908456,0.4274952650301156,2.3699243853247736,-1.8349728740673732,-1.5490432460054882,-2.4646086909457896
GLRHD0609,-17.155915588411734,2.2254697713865297,-2.0078829429008245,4.632411359788927,-2.069340977463658,-3.670305468786375,1.5362920327197833,-1.260261769563729,1.3191426779342632,-2.1711308516919154,1.09788137699002,2.841958084731994,-1.5579628329325468,2.5777603346976274,0.6038653793289849,0.3960014188637002,0.5383424814836074,0.48416947738300764,1.8732966584389468,-3.828764339194216,-2.418299283290231,2.1594708310844215,3.2351530966988284,-2.846809575116875,-0.1719911121984289,-0.3695245224078865,0.11630793081783555,2.8093014138919874,1.799237596712685,3.7745940423520143,1.690840678517194,0.6255914715066243,0.3441404649274762,-0.24644280136356997,0.571581970980709,1.370343631181554,-0.08687650140779227,-0.9336506664153728,0.26518929300800176,1.651724644296898,-0.6218957875060427,1.6120180229758896,0.0012053277583338922,0.09614741998175946,1.503251430326329,-1.1983316997747404,1.0581220109311003,1.1333453604098125,-2.0233054033102924,0.6811344613917479,-0.43099373802559376,0.7918919800451568,-1.2106241860332936,2.6857326185209924,-0.6836674650966055,-2.2495642747796034,-0.9525582024162548,-1.6175862045044704,-0.8649739796821095,1.1451975463735353
GLRGC0045,-1.2644176980459112,-2.958182216794577,-4.169264682172613,4.499742611444703,-5.522071615770628,-1.5287813626310196,-1.0067920164781723,-4.872637324227172,2.095483546089337,-2.141708414943821,-0.38583055868524946,2.246590322796093,-0.1056951544056563,0.9810413141421248,-3.4312214983490636,-2.32033922536458,0.29654298479561514,0.3727748155724127,1.518681456834006,-0.45970173270392983,-1.139359024061554,0.013782976718340452,-0.9075355763150891,-2.799560116035577,-2.997540078161037,-2.04027366598612,1.0998056207667226,-1.240319972629887,-2.4918515364357554,1.4781554030935942,-0.7603858099005459,-0.017488592479591957,-1.4006763863585503,-0.24938059860089634,2.5366660227858304,-0.8436406522386549,0.13067578095977178,-1.7297381168564008,0.8890570294328575,-0.42762931051134806,1.1566169230905765,1.2052779967499527,-1.0906122230758708,-0.455951894634082,0.7820626164760833,3.737761133493868,0.3199811620213304,-1.2095581398156454,-4.09709509399144,-1.8989609660705795,-0.19325885397004613,-0.5170200278037148,-1.0124619624892388,-3.103780084844064,-0.8587972712606491,-1.925917225778258,-0.9476861658223587,0.17978294450478424,-0.9553891416606786,-1.3065239662308534
GLRGC0249,-6.728801932370433,5.020300335425534,-1.1093886560729107,1.9260972157518892,-3.9052901951160575,-4.1667857394221235,3.8959612659154828,-1.626099046950733,2.0053831444547203,-1.620191756924364,-2.388149469786184,0.8713432757341151,0.8257864179762203,-3.217620368413482,0.0268324041373164,-0.7368454123606455,1.1155399902180247,0.5371261650352368,1.0621470535959194,-0.9888982627783743,-1.1978063417096698,4.752425381033663,1.4201497439789275,-0.22800393151586545,-1.0949772043920476,-0.8382893808212629,-0.14055600591637685,2.168609655359315,1.2167693523577066,1.8985614741111025,1.1357954713712466,-2.0517529116247877,1.8449212825476309,1.701875723930586,0.4810549111324745,-1.5781931052550278,-0.24181835006602992,-2.5628306876205214,-0.45529201057368,-0.5052642027761801,1.5934116199033361,0.6079738405077814,-1.6443761634726044,-2.289478945440973,3.6647002697833506,-1.2223651564519897,-0.6061164976657739,-3.3022222499127776,2.9101648985049655,3.516421305257847,-3.5811113993066037,-1.0835622963339202,2.084902235475005,1.241990987837236,1.533939809746642,2.089339200386187,-1.3735319411478568,0.0781583153353307,2.7880401152358467,-2.483550502434993
GLRGC0339,-3.8155555611857,1.2341538221493624,-4.154940171799654,0.4755179652521955,-0.7786275421521628,-2.8652804815371606,1.6140942905754265,1.0953783951977012,2.0039246735324103,-1.3575928126850922,-0.6367704431031829,1.0823205344204077,1.1524814458789319,-0.9936852979797697,-2.842487943441512,-0.39694735530545155,-0.6773472321912914,-1.0904316552723805,-0.5313196061856954,-0.004702516312396709,-1.551959695574104,0.44151132231386886,0.8255503998601591,-0.13607610324878175,-2.6028391755333455,-0.2864389302736774,2.3934866730542788,0.729495979399241,-0.9686687161581642,-2.11453605975845,0.10936174083371895,-1.3310090030348263,-1.612152088385622,0.37735724385223296,1.8997833729947715,2.0289747420958,-1.926905266816535,-0.279106781379743,-0.32914406462630535,-1.5554782615908236,-2.0645676136825832,-0.47731887625794284,0.12126726154769064,1.2182813675703696,-2.6914817989695945,-2.2582404625988515,0.674614887397179,-0.3316086943709718,-0.052061114310993854,-1.2077712623943349,-0.5632050553648121,1.3323915359842426,-0.31533628722806945,-1.371770547496587,0.12405188455985015,2.6316248220598686,0.1596695607065949,0.34574740975595986,-0.04140008144055072,2.7730395193573782
GLRHD0731,-10.580162910216746,-5.478578334413466,0.9287553807928078,1.273523717269605,-6.44733926000288,-1.1913272759031652,-5.542129745498053,-1.2213432423325523,-0.05716685630274263,1.9958645245978772,-1.5228636523777992,0.5819585073054809,2.257544654767484,-0.41264698572123903,0.9367743142182359,-0.585069072560063,2.130315393400389,0.8892544337169613,0.3868907325008756,-3.63215842085637,2.7690050742721715,-1.0591332297253013,0.04015608806832694,0.8199969094318603,-0.44644015489644756,-0.9035007730971631,-1.0028567779394018,-1.2193058382591522,0.14516437308274044,2.3351102526042458,-1.3029584365829543,4.237016236054025,-0.6869241411861243,0.7499921365304094,1.1783577960528824,1.143827531074856,1.0591260179084403,0.5440623016950762,-0.06481846599196428,-1.0639703176617668,-0.3437674981241119,0.5217988635904943,1.6175807546275471,-0.48089903205310064,-2.030273183652262,-1.3940536750026826,0.07837537927735812,-1.8621471746713971,1.6931674746945296,0.3418336082795275,3.8758268983688446,5.043055898179128,1.0475448319346439,-1.880110149944607,2.9765046850634023,0.31699859491873744,2.0901094728326886,-0.9331468568138053,-1.7127433127126146,1.2875667219078966
GLRGC0297,-17.424311441567006,5.733016148950532,-1.8999589503332301,0.30606575618401183,3.0469110515551603,4.081340021904162,-1.7269643358671787,-0.27132628661214286,-1.7420394374535113,2.0514472445220466,-1.4392821662566757,2.906621038052487,0.43101132592754376,-0.13015753004526592,1.7213031735328923,-0.9783588367191569,-0.03374061320498966,2.4714577027569504,1.859890142809502,-3.3266842442401936,-1.4668306997553047,-0.9465781725991894,1.0207598183193634,-2.819430378865551,0.7149410031469052,2.1115364837278108,1.7174359244738,1.133853539794853,-1.2627745668953594,-1.4252594853108715,-0.5933262234459685,-1.173847853273572,1.36323878510599,-0.8688437788921612,-0.6330577780824255,-0.937597222987545,-2.4002996342141167,-0.4700250139267051,1.994697192076201,0.35685291920850276,-1.9518145705064516,-1.3746936581862772,0.8016701195177057,-3.2306864652474294,-0.5569755571839969,2.8853834366791244,-1.8328423296277234,2.0556277280996786,-1.2551184498989534,-1.3070126288899524,-2.334635164368214,0.8358884754542413,1.510680179975794,-1.8115452349071228,0.40580750872679316,0.26381285681342165,1.7588635650964437,2.2833094777165464,-1.2932203440758485,-2.398565450938689
GLRGC0203,-18.3696385385009,7.654878021261641,-1.8083673476834403,-3.801711660135783,2.3693364333719873,1.6486691319205624,-0.8710772392983389,0.5413392683005478,-0.22366731844615087,-1.0558757152446594,1.4358784722967775,1.553530804723731,-2.727635604313938,-2.0412578512725044,-0.09092438949886636,-1.8504890301564714,1.4665936155122794,-0.778358772336847,-0.5955252014375733,-0.7714890145800882,0.06003983381901162,-1.6077676095070363,-1.3850595542938755,0.21164826223657646,-0.6782553404491526,-0.8430160533954808,0.7929489514655232,-1.3716363020291191,-0.6419150475729704,-0.7001506890069793,0.9023182114088247,0.3923229520785639,-0.6104964133065409,-0.2811045083181239,0.45007366771003804,-1.6257630142410828,-0.0028371249676436166,0.9684757955528097,-2.235162419273945,-0.06704124838910633,0.4121041309754403,1.3508634045385035,0.05423756421681049,-2.2034628998514534,0.1388172739714789,-1.264401998068223,-0.5098277958958645,0.7150465107745605,0.6782540203855022,-0.19384950741561183,0.21106000564351293,-2.070115000522439,3.174748019990294,1.471527905697233,-1.0412104147396162,1.9430117652471608,0.2868299928370299,1.4603231397486325,0.6204157492230045,-0.013615574302382454
GLRGC0132,6.504381712582755,4.284210811806563,4.989169936805624,-2.8948528418404664,-2.7934689288113743,-0.5910492724376377,-3.525445410420237,2.8617498133382484,2.968746453521445,2.440046455153195,-1.9984605475168935,0.4786053977415841,1.055298333368801,-0.41785786157435906,0.2793720695543288,-0.10860097024464241,-1.1245763148926824,-0.6125879753111748,-0.5343745243627835,-0.16822501152392463,0.5933707213588055,-0.31795130325755777,-0.4928534331013204,-1.5887156701842022,-1.2092738881027794,-0.10938746459021746,1.006481718628471,-2.1363872359780145,-0.8332349966310271,1.3611652805638597,0.05603778132734364,-0.18115128412054649,0.7124941567167702,-0.6446431872576197,0.3506779454127004,-0.40738472917454666,0.039596790419445825,-1.5324204012555234,-1.9613091521637125,-1.7082356746066978,2.1031043702369443,-0.3135038058322306,-0.7246241429755594,0.29385914049194123,1.3210044535872594,0.5999017541060807,0.7020378108892044,-2.944051116188964,-1.362825063281956,0.2573689436823978,1.0788556667904914,1.990903550644644,-1.4413895063338462,-2.003353669871995,1.7488094508191583,-0.3545445548496969,0.2908323103718851,2.3039388419264824,0.28407048605073554,-0.7826994053025635
GLRHD0642,24.44378587134647,-8.781824567986302,0.696163335710193,-2.5777962077745684,1.4985563796538,-3.8226431041159845,0.5253507271078366,0.7593504002886576,-2.2407657139735786,-1.759613717199262,-0.12522813028077143,1.8891464778038216,-0.12458676085647376,0.259765824593561,-0.38531804325717284,-0.6459596231385374,-1.9835557108820914,1.1444679023334408,-0.393905658215926,-0.6710232878514333,2.043875407370402,-0.5182167448639805,-0.9255279181227564,-0.2262945335189247,-1.2616943133686283,-0.08497269023443253,-1.1113908213959844,-1.1689024788260438,-0.8618729935108721,-0.34502032874039024,1.317652173628715,1.297688698819103,1.105012630993697,-0.7084386957225207,0.7099116594425924,1.0183841577936976,0.007781846408040534,-2.4356777070691558,-2.2461286519348294,-0.6797950146637521,-0.8829364161832323,-1.3619797560448093,1.3582749226502657,0.8262735332441938,-0.8259067664061378,1.386357040672052,2.0298994174059835,1.2527306469626638,0.36507200020938685,0.025582998371140468,-0.3691492003524958,-0.8055638467185716,0.09366847959650156,-0.6866127098819821,-0.8455082223709088,-0.6910462058942639,0.6475053785523165,-1.049586413546763,1.0671814769718142,0.6144880547487767
GLRHD0757,42.98022846016388,-11.830834293867424,8.851631354745177,1.138186665978055,9.009421299003446,1.1726660786351353,-2.176265590080784,-7.6847368115810255,-0.9085219220573603,-0.96237331056168,-1.470460920405323,-0.553596665432187,1.7959431559670784,-1.4589671316993325,-0.6268755972226138,-0.33970420386206296,2.147938421963606,-0.972987327048832,0.5535058268025744,-1.2191942759347547,-2.6034365638312984,-1.4141562103731764,0.3749338911688641,1.1311126546743542,-1.3593672730332758,0.5669674991517959,-1.156888704934415,-5.030767602058075,2.7870669984646104,2.680017375762637,1.276368753877785,-1.767369336382691,-0.5954580646246159,-0.7809789089970128,0.055525108265135285,-0.987105481963807,4.22250416077512,-0.13163443363485747,1.1424154375632616,0.885101151422735,-0.2558098327286838,1.2447094706557942,0.06462908261001125,-0.15401805286457673,3.6944339800323625,-2.0564831986862657,1.433751726385299,0.9784215631853732,0.9700141754595333,0.2696202527340755,0.8135952876780099,1.8365618324435355,2.1840054650152023,-0.540632080605822,1.3765216423142335,0.9631794382121562,1.576705110018867,-0.6865784289001396,1.410102992610766,1.3554736309320776
GLRHD0783,15.11269318195902,-0.5991723165674647,-2.913603019321645,-0.24377493103810546,1.0046307279175364,-2.14615986736967,0.6754012766813742,1.9958675165654045,-0.7505732787193948,1.1717245652773318,2.5344078369517145,-0.8554800476847453,-2.9392596827958277,0.4861744492246305,1.0578521818100517,0.9321920774222938,2.1123422891398933,0.6234088312048648,-1.0404261367209073,-0.36788072758679535,-1.902708410723861,-0.27909301285205257,-0.688587832830066,0.6131132568897926,0.056204599380416595,-0.11143400405147509,-1.5765414584201318,-0.4149852147999916,1.0811371273589943,1.6988276754645393,0.2724790378590876,0.5787345135172178,0.6145197373018633,-0.3317737988635469,-0.5311589970909641,1.374607158070659,1.2055744920355667,0.1984513427264111,1.95115461393904,-0.8854270977574635,-0.15301275750524843,0.29549795671674084,-1.0073795621112076,0.6036345573527018,1.358949144543824,-0.32046443168852906,0.5263200452486094,-1.9297172762519827,2.337503296103786,-0.5911914961806216,-1.8434262007860518,1.1611305214367629,0.35495521757543635,1.7714106298315546,-1.7471750933968915,1.6091475886516282,-0.600174982731634,-1.3312746433960436,2.6116872128985515,-0.512063401200907
GLRHD0721,-1.0193830753517519,14.608289788446703,-10.596592383909575,3.6991714865071863,0.08734390747100354,3.005162280711382,-2.581584677976739,0.2580893497196726,2.6277019891509137,-4.711278288639739,-0.7066452810541878,0.37150306037743086,0.8143682450740091,0.6553395372957384,1.3190810232810652,-0.05150609722175221,1.2890388917784532,1.4337407416338772,0.881950750806968,-1.2514836420800513,1.2360205276382075,0.10193780920798452,-1.0437279493110099,1.7618222500828093,-0.24262766304915034,-0.12322561387170018,1.127973106863686,-1.7718891538796944,-3.5119562619851408,-2.4719757829152362,-0.7139249749917304,-0.2673195837254491,2.4829879838548434,2.4041462665765962,-4.673984366382506,2.3419617394524663,1.035166365181662,-1.0628074284336564,0.7547665805237004,0.9423204060754355,-1.5228496754813245,1.0442494852006046,-3.13505004394865,-2.25232289953856,1.582892762719853,1.7383809773381584,-1.7556730863268786,-1.5846270914466987,0.14667629361993523,-1.2495076993142176,-0.43332564236888843,0.5165426663467669,-1.650871179354767,2.5094681854083785,-1.8339344194342804,-0.023953203948284055,-1.17386091288687,0.6096241290385521,2.772512568389979,3.777861106996813
GLRHD0139,4.802667462041915,7.434018212632311,-6.503275221729893,2.346221052998391,1.1034500897899864,-3.598700690282135,-3.458104856706019,3.3140578422361866,-1.3955047736611617,3.0038570287000703,1.4643393613517677,0.08046909286449112,-2.0814523886925755,-1.163190639001681,-0.1988420766919176,-0.5922355619787465,-0.2496226087981483,0.17816737647074382,1.0185219486355346,0.3405525999097361,-2.2332896077434374,-2.6660563203429124,0.7450821353276404,0.5323786263083569,-0.3377459889906752,0.8401831512728778,0.2296196993427636,-1.2079771135860344,-1.6992620938275473,-0.1334643176366209,2.646422153044932,1.7270700907193803,-0.02724417806676222,0.15089331434256564,-0.8163326247587933,1.186967726918259,-1.6148633743200735,1.6625890478370662,0.22346961696416204,-0.7029280037332847,1.0029885396514973,0.1303051828205484,1.392098409577839,-0.4097760743702675,1.386044050388834,-1.5084783382738143,0.1352902382009353,-0.10936863259853392,0.5655685081035621,-0.4641036042962572,-0.06276342491781417,-0.5914074792664541,-1.6581809415552136,-1.3395579942870997,-2.9044817260307307,-0.1024614352273345,0.5289580527588175,-1.7544453584512611,-0.7456366050112514,0.5953102967450907
GLRGC0130,-19.069334726547574,-8.107400075388197,-5.5018616951748225,-1.2883785409821216,-0.5572456097946559,0.09313212728108644,1.6668727990595555,-0.07793399799141207,-0.5533803973318001,-2.262790672148631,0.2651916970518326,0.3142981757861313,-1.6962208071089289,-0.12463336513131697,-1.5928728228475866,-0.04398713737179968,-0.4806123359235584,1.111968894798352,2.1099489000766414,-2.243321327018797,-1.4717074272828203,0.9932192808976116,0.3680349604939095,-0.4167437869045757,-1.9289317847018577,-0.9461904136603255,0.01363715009202228,0.36694711236325717,0.674891502141795,0.35941645288082225,0.15574603116569005,1.3313607878412086,-1.0537058696095543,0.47301458872946,1.0394058786097553,-0.507021364971745,-0.08644798113002425,-1.3391477706361516,1.1485128198248946,0.8880667012513094,-0.9396528813472159,-0.42264304330470104,-0.07985499908646927,1.2425773903012036,1.5838640302535585,-0.07552048935326632,-0.45417332341362154,0.4278464283600902,-0.5979065785838932,-0.2562859008395079,-0.8347004306518231,0.4730991126422752,-1.206826049732194,-2.4184018156277234,-0.6143036162213976,-0.5780660186037115,-0.8633774359798385,-0.12579469733580662,-1.5890695891518267,1.832674317254018
GLRGC0437,-17.1859779855069,-5.599363571584978,-2.0899966454508827,3.050759672565887,-1.030722835982405,-1.454414065835188,0.31044253759296375,-0.035780874616662926,2.0687578510758424,0.10368740758831049,-0.7598716774528014,0.5164236091438644,-2.4572742538931616,-0.102201771720482,-0.598367636287434,-0.03198655202409084,-0.379673328630538,0.20375833203757357,-0.5402233083477449,-1.0468017309478075,-1.0006417147681756,-0.16301491005449004,-1.3515545481068774,-0.08652700819528389,0.2961099283046145,-1.2290577127341606,0.5201890434642872,-0.5605004435561141,-0.051149003608933326,0.39157094447373014,-0.09779300790773182,0.7377129343730835,-1.4403983830361253,-1.1750578675204237,0.40220921698658857,0.7649706804650156,-1.1808870730675436,0.9912658163146537,-1.4506053614457781,-0.6735772160584451,0.45650786967046597,0.2613760272337542,-0.7047280300691299,0.6047826680106827,0.9736612142060435,-0.10358898468809113,-0.5908064220099598,0.9617657888018428,-0.8412828906341621,0.5410167682221577,-0.7126464939446802,0.044620922162709145,0.6739386473827286,-0.25832186543532565,0.9600680896315235,-1.494301140568118,0.40069412168070195,-0.5808961705299289,0.46809918923322075,0.005519105232606082
GLRGC0329,2.4672712111911252,11.97078677658654,-0.8023407454982406,2.7561786196247944,-6.815893329435651,-3.55375395307307,-4.653505079139491,2.2767000468408023,1.8956152014797147,-1.005222265072637,-1.636732938868308,-0.0007403876839449247,2.7209792353174627,1.6950715497837399,0.03395604413388136,1.5093247259072373,1.2813704172180493,0.8986819964915471,-0.6399665797645702,0.18494258347571033,2.2567464138577495,0.6537950696442686,1.1043433119502468,2.205324803988725,1.0574364428476277,-0.950376271617599,1.367551117390173,0.0792068366464801,0.3151938026707263,0.6298030377155028,-0.6990211850379843,-0.40044128268927326,-0.8276609959676039,0.8597718143211571,-0.21413189344771982,-1.0912318612732026,-1.238033533361656,-0.8650922984432339,2.912179841429209,-0.3141736616968295,-1.7827362570255296,-2.46593765406868,0.43986343399094097,-0.38905957014723197,-1.3241775804229243,2.9177749056580007,0.6680626191350091,2.134306084360323,1.4056510113008174,-0.3601041988272803,0.4273781320724078,0.30797831262121156,-0.9779747738062368,0.8590143670646573,0.6041749772916337,0.8396921477518138,-1.4396245260600087,0.206808970526639,-0.965334768587035,-2.402420012074097
GLRGC0161,-12.489680163810739,-0.8208104060546997,1.2012808143792222,1.8887371493746046,-1.5691428622793302,-1.778938227784529,-0.8730373050218425,-0.9332158119700913,0.4893393284075298,-0.9341406717593285,-0.052102025554946224,-0.582625432277387,1.2036163520025238,-3.4178571883035027,-0.19020654880640095,0.9722479521900185,2.609168438446297,-2.469273001804372,2.307535826873139,0.5232370801032734,-2.339020486456801,-0.27319291019710595,2.044715291893064,-2.92350512355149,-0.7635291621921881,3.1816124040966476,-3.4211396573132777,-0.28431721108513996,-0.23633404995810642,-3.238831432243172,1.8420499342921612,1.7457069164131693,-0.19495689487667653,1.513091552190157,0.9397138940318831,0.7599469351323088,-4.848255633836516,2.4684076104680335,0.03238558845506359,0.6424519666585005,2.2813728177265373,1.4482278366606751,1.2072136111532825,1.1468530625461666,-0.5989609657441404,-1.1092426107699271,-0.4203839699415231,4.539836954956386,1.1454093525074873,-0.3050655109001003,-1.1222846178851185,-1.7477216945009348,0.05259341357301688,-1.9465345735323205,0.6761799898799026,0.7997679734336802,-1.8561791651079456,-0.6028498931564114,-1.8960231715939182,-2.2443232272311575
GLRGC0215,-5.976063646271387,-7.400241611835258,5.416748927927852,-3.494204743515176,-2.0111772455953667,-2.309176022451067,-3.090532015099584,0.8850949536857501,1.277100519836025,-2.920184851404425,-1.4514981090566372,-1.0323609889536673,2.355125752029676,-1.5352285322821564,-1.2750049049513004,-0.32980521411865066,-0.18024441537609867,-0.6132636386461825,-2.4528540040020417,3.2757094727052225,0.4828263292397998,0.4332742110567689,-0.4759119621898967,1.148143743293002,1.879973859133114,0.7207336984586108,1.914629703680823,-0.4613577905598496,0.8517931090392085,-0.36631647704285863,-0.7031242914119251,-2.175025417479214,1.6876287114528519,1.3072450494564565,-1.7750431003125933,-0.6935689327370222,-0.3454257619268435,-0.47701207840689863,1.0626749477601476,0.11501324521593231,-0.5057423815784813,-0.8826104772538509,1.321401956171668,0.39329710338147356,-0.21009062678426974,-0.14180084688026248,1.385192911724821,1.393867110983142,3.0890661375803874,-1.8493120701003545,1.221220587981046,3.8095755214746494,0.8854576013218395,-2.2346995760446133,1.4710391954837314,-0.5574747525732011,2.700567655537048,-0.42333084206045135,1.8847526756340953,0.5750908104666569
GLRHD0410,-7.730470287620866,1.7888366475825632,5.075175608026255,2.644862762322714,5.156872050130991,2.3689362584731435,-2.6596629552814592,0.54274564798893,-0.9827788179642569,-0.7051171534575804,1.4917714189126083,0.2050507151887005,-0.853815352578091,3.881901698935287,0.34318359230396284,-0.2939293015870798,-2.504284670988571,1.9781760186684643,-1.7930982921083873,-1.8565493336478458,-0.589289878383594,2.1406580307199747,1.1869464125153615,0.4791089709186589,-1.1515736862936619,-1.6336255819406058,-2.344632782973921,1.29282910752796,1.5289231588043486,-0.8417463662932503,1.5087483933214623,2.983479235843051,0.7073470067927854,-1.14447074285044,-3.090107165491276,0.18086456315883667,1.074163632684783,-0.8315749521823527,-0.36398940299443444,-2.4481586313650006,-0.5359363467632018,2.293326806657442,-0.9001464136775414,1.482747481320382,0.2387854311648204,-0.7268064396892753,-0.4855993558388726,-1.1930785902787724,-0.9018169583804825,-0.7104779258970858,0.5612812101376289,1.2638483508702034,0.09588759725012383,0.9298937871453695,2.3971551717581496,-2.244735844235641,1.7371778203551047,0.9236384133960557,-3.265782627613398,0.9685930913507831
GLRGC0291,-12.050771387375091,4.334363904016921,4.376443781828399,-4.596644055503398,-0.9712326202289302,-5.832166702740096,1.4254107035697205,2.609848253993792,-2.0478831073153603,-3.3943799247249227,-1.5197446882212053,1.2252586658082898,-0.08125945449441098,-1.1878485802467502,-0.9612629552795836,-0.5587585115615787,0.3738403598547202,0.5457257818707916,0.7156555250556819,0.3148960109345592,1.058148763414184,-0.5545694120162168,3.466140147266983,-0.4375777028722021,1.1343198207875274,-0.9295245076882148,0.48879391332431327,-0.9253879971527076,1.9125279188848818,1.30000301398681,2.6873438362217095,-1.296653644927785,1.8402090321678024,0.7606693829559513,1.0150392846966574,1.3253956934415758,0.08647369911901868,0.3792934939568536,-0.4032036469630542,0.3323626954419083,0.9628383260542199,2.4612006800150614,-2.440999377688005,-1.274795687284536,0.7946166389409535,-0.9406603035039919,-1.1484957954850448,-1.4701454148876067,0.7956355301372495,-0.0365441837687637,-1.536742486492689,0.0863682199575304,0.08946590360256586,0.6079470647663744,0.025960880313426117,1.3167303579680505,0.7321202771428957,0.771349417871427,-0.08477188151762546,-2.4490346029357615
GLRHD0824,2.602837638740127,3.2469705497713988,-4.625171009955851,-3.133015463914541,-0.35176320642443165,-2.1977806908286657,0.08735037716614012,7.235684805904192,0.7325869857992733,0.39559082496135956,-0.5796126520909038,1.3270836763650014,1.1074491868524508,-0.15181602438999797,3.2530322560089435,1.6551228872108594,0.5496659506406011,0.5604092193737598,-1.3870045332864245,0.2007782664051726,0.5860322997522586,0.9068300492989818,-0.4658161725937416,1.677455214577209,2.165591889332322,-1.3976395351867186,-2.4144129429749586,0.7966688554253406,-2.757498002393032,-2.3137563415994817,-1.1270318467003615,2.4220458147429316,0.24389830152418696,2.0890326040562117,0.4920044754767488,0.2080135152853571,-1.881580995119269,-1.1570182575844685,-0.428636449251687,0.5492018455085425,-2.6055807299955416,-2.89502043380075,-1.3752756692342165,2.474066081987881,2.304129594548433,-2.9153895859347534,0.42187389903827743,-0.3210701693130162,1.9450835563124922,-1.0886203839675552,0.0022470092391603438,0.4049397672725572,-0.8357785939595985,-1.7829328569754672,-1.764234517447389,0.38078399996012835,-0.05160741688934893,2.9216877301454716,3.8600678507523085,-3.1051697822706
GLRGC0154,-18.855876629980315,0.18437389656887082,-4.822421149947396,-4.685417685299445,-3.2076750116513932,0.7757950145889582,-6.979648125332983,-5.461155874365862,7.1123919156383275,-6.957080953556959,-5.263456411947206,-8.161227193199558,3.226599465694128,2.9582555697229176,0.4378330559878121,9.250782668754347,-3.4382632701589357,-4.996563489373211,7.126140135432359,2.947458885702406,-1.793017957785234,9.275072036475471,-4.009592000851485,-2.7511443913716715,2.0020721835436737,-6.792314968810846,-5.496312678993984,3.427345675978579,3.798749986300281,0.75745755499528,-4.493008050745323,-1.9748723561581762,4.181632288834138,5.349107773051992,1.0317133217024852,-1.4241117658562972,4.448515635276061,4.91795808629606,4.028172336550566,0.6273517549345062,1.028949148443555,3.331619692492272,2.577575437937524,0.6648974502755319,1.7819223632956358,-0.9167140053158749,-3.620289372365216,1.9075021055177677,-1.3301837965880678,1.2294002154713994,-0.48421995790487926,-0.8509085141060808,1.2599674968927168,4.239042864326842,-1.0351800616651254,-1.1029967794287907,0.9891080317483707,-1.7845280238730408,5.664140782123584,-0.9867372608325612
GLRGC0428,-8.012039948290534,-3.058730865128911,-0.234648964091094,1.713049411344076,-6.406040334726633,-2.629257763765429,1.5038414140849834,-0.5122092452215594,4.1219639424689305,1.312323896002952,0.2818676576483695,-0.22091527347721004,-1.6712472582338374,0.349382258445515,1.1632032235317817,-0.31706563231582974,1.1891181087846834,-0.6179389772643072,-0.22718136454784446,-0.30901216983248864,-0.6941946332239641,1.198539095670519,-1.0842468568644408,0.8047749996065904,-0.17449334711466574,-2.3797528477403946,1.8723071248806622,-0.8647389349207492,-2.0288528475431264,-0.2305375753939183,0.6455173919162651,-1.0565260015442404,0.08164372786247387,-1.2056017952839602,0.5168402087845705,-0.44387232034299146,-0.3541874308540515,0.7620013591933693,0.7366442916877575,-0.32647446660586793,0.34889754747753704,-0.02920903446047253,-0.46581360908382624,-0.1530186746882317,-0.6197102703310667,0.1382657625017657,1.6853703834150744,-2.567848870807065,-1.4157858025343681,1.4235168864967558,0.7053647430495602,-0.6095133527923683,-2.1385950249160395,0.4266287450621182,-0.8642869095418567,-0.4238512222349165,0.37429813443363313,-0.8239330118860159,1.7474268312249743,-0.06486815323115092
GLRGC0210,-7.890670286961324,2.874548025517327,2.221690593202747,-0.1686184715583973,-0.21593629941723338,0.9766856639175323,-1.7440670175486088,-0.6184774794221857,0.42564187304522105,1.6095022661655005,1.0090495837602533,0.02731865113968791,-2.3961631907598355,-0.21607749435152052,-0.5786248108472635,-1.2191112501230181,0.2364213482530808,-1.1447769727461283,1.6131464516444698,0.042468655512418324,-0.2628842885773048,0.03294763871816302,-0.08035382996280413,-0.11867644612575096,0.3352969070818637,0.12177496774053446,0.8851499110156649,0.16866615828015666,-0.634952995824389,-1.2413496971226234,0.2787609489428295,0.05239576651950238,-0.31013558283225073,-0.9708073604403457,-0.5275500887478872,-1.159621313190299,-1.6754752354055822,1.0878142374629924,0.6654106881871823,-0.3358025401133225,-0.9973753516125313,1.081968573000327,-0.821054223870337,1.767971850196374,0.023449451946618394,-1.9341230123966489,0.841016048150002,0.6290361383038746,-0.7157757384873075,-0.007273910805346451,0.05425658246587597,1.409762577913355,-0.19785600911336776,0.5469256875277725,-0.9246154159939102,1.3183180747884296,0.57684886008014,0.006776976290122498,0.7532194069389535,1.4729382519277183
GLRHD0626,30.213047672670854,2.2566168107446813,-3.472883013187369,-0.40232694601677266,5.703216681162493,-2.8151579584129522,-0.7190720558042876,-0.7437326244476499,0.6703411826666186,-1.3225175008331531,1.9222012237847759,-0.1424059694371888,1.772188818650827,-1.316338900011939,-0.6930825385180751,-0.47226036062478993,0.3194884218740438,-0.3236614215943054,-2.1206573567389055,-1.4193161044416143,-0.37196242536891777,0.03985688104998346,-0.711174601128862,0.19225863318684944,-1.0753544891805156,-2.30960009169812,1.3514851002416555,-2.2724714992030566,0.08402431015598143,-0.5611062652442054,-0.08232525953931401,-1.3729695408619504,-0.7111791963437375,-0.6608181027305392,0.5000773322517956,-0.3008412982787593,-2.192465327491507,1.082794330354304,-0.3163493861531963,0.7288869692040842,0.7526193074145516,-0.7719669648761572,0.07241684512263283,-1.0599979896610667,0.9564783817850793,-0.6229341088940396,0.12337118132894964,0.5195035766285654,-0.43540950617166907,1.2664525171697802,-1.6325926077672552,-0.22411929436254815,1.4232998950895175,-0.7680925982386139,0.7933450953580489,-2.3692142194393666,-1.1838820159541374,2.272098732067622,1.106663972546074,-0.6278860005913712
GLRHD0764,-10.89563479653241,-0.7096904392350782,2.2235071431890265,0.030701821096181973,-0.15585045808220804,-3.1528445365939888,0.09750387985481317,2.5746518188652496,0.4831413354216595,0.02542676832179345,-1.0283907630016527,-0.19762432298873148,-2.06171884404619,-0.3532787829384788,-0.7117472762682969,-0.24345948343800222,0.6653877239214494,-0.5799665748372935,1.1444571296545198,0.540008573535397,0.8170127526272004,-0.6365285210955544,-0.5418817106441439,-0.9251773142920032,-1.3517802080670083,1.3522253609135317,0.6273827625239009,0.15555982297103035,-1.0602253247245095,1.1355284258076552,0.5556853835392983,-0.8435827133974995,-0.5852475298037157,0.9043601697149555,0.32432161652621677,1.4093415805674578,-1.559085806030203,-0.0551521720521312,-0.4817399639890246,-1.3253906203505448,-0.2425065114397033,0.04221783355985656,-0.1407492519176149,-0.4149286291639173,-1.4554857901665839,0.17973039953439499,0.9699320158609698,1.5922865216052104,0.027409872200835916,1.7162640445462187,-0.2767164901160546,-0.5759577752553717,-1.1381603921188084,0.0740860165721026,0.18492540151996473,-0.7587114934848931,0.5306993585119766,0.038035521112060475,-1.0115564778596522,1.439518608009436
GLRGC0168,10.959927028498237,-4.721012538597249,-0.3973239881387765,-3.553754292567829,-2.999770632365718,-0.2092636800527231,-1.2731107014921286,1.3185177165217101,0.9926183429731082,1.1220909779624957,-1.0643262505717452,-0.8140895858730924,0.04384827405853614,-2.2435489714258887,0.21805704467301032,-0.735600096710852,-0.5660327646707183,-0.8471564772645465,-1.38465531650323,0.40931247822487116,-0.7491604493697067,0.7290975866257836,-0.8102289480831383,0.7993480815447532,0.031339913079803945,0.406909765255338,0.04969658971171115,0.10793662265388833,1.4380476822422386,-0.6856110428295122,0.8531628989540503,0.30698320841175847,-0.1899000583249707,0.8443025229190481,-0.09694410735502014,0.45537974283042876,-0.35352250757256104,-1.5242384118911103,-0.11614926766608424,1.0472010727638132,-0.015235664764641877,-0.08292144448919508,0.23638453039145582,-0.0887094768310938,1.7008593750442746,-1.4056399111636404,0.09541275005882521,-0.7123670215669753,-0.7092244626835041,1.3475132884472578,-0.17078366689434726,-0.16209283987221762,-0.860487775979411,0.41031509340015454,1.460444593131453,0.6490055225072522,-0.16751110485391563,0.16695441194175098,-0.5182561022620445,0.24421278277159128
GLRHD0590,4.030947987395818,-3.557738676670021,-0.751970427119524,1.6186829021051703,-1.1887574558440515,-0.9730984274474868,-2.4286444773882203,4.146922376213428,0.13345976053632172,-1.1626983600843823,-2.2323031677407155,-1.5975969805537473,0.5305233888230039,1.0308724731912349,-0.09599450194073476,1.179696884431924,-0.04305411897251141,-0.6851094928656032,0.722291232669201,1.1518612866030948,0.395986884659515,-0.5921572951895127,0.9976626242724856,-0.36169420986823714,0.014920214588782617,-1.4917860344323788,-0.8039876593980515,1.5169746115534126,-0.8172782555281565,-2.934710513022023,-1.6328527103415724,0.46689178735338616,-2.417282147977677,-1.040524490443135,0.7538056880858746,-0.4214051626876683,-1.3412621814502967,0.26919145873878475,-0.3333962360128236,-0.3286343599686235,-1.022092498606993,-1.2023427557566613,-0.3638699313579212,1.0782322892805274,0.5759464097554833,-0.8873610407305091,-0.9648413053809717,0.8568151899744814,-0.2784538785423759,2.4021414828596224,-0.26999451300822525,-0.4194768373800328,-0.09237799198476045,-1.0977110226163171,-0.3077863655427154,-1.837312687307802,-1.8265807184750313,2.596663426649579,-0.47675289754442896,-2.1315178128732195
GLRGC0026,-21.820567176425026,-0.28238518946839525,-0.04778090654740487,-0.5463451880067024,-0.4617818703360674,-2.7706154224906916,0.3764311233901358,-0.4401305609569741,-2.2033794541430027,3.237917974256297,-0.47627700354694313,0.6523818267081763,-0.3238959836382241,0.7631032929432342,-0.3426561209642732,-0.3489483419578252,-0.2233827887557329,1.2157109661222543,-0.47489911720279065,-1.0952862552861473,0.9833060589745799,-1.2731279771297783,1.8112130140934186,0.9767715373129378,1.8704724221647637,0.1566693404820351,0.6880884244978436,1.0269914718368762,0.48867561826492556,1.459006882731833,-0.012364811862131207,-0.591273244335476,0.7162955783361347,1.8623213908327108,-1.0252346934292027,-0.46620761922624127,-0.8467934098047726,2.5860404974830056,0.05973454806640143,-1.1111524006680298,-0.40884441948065886,0.4699729717105197,0.30345157883971824,1.2774864822318182,1.1849756955478612,1.1347109166002984,1.5138233185143333,1.4168648997231266,-1.1915508895804197,-0.6089553468164292,2.5876552698698987,-1.420545762061442,1.0898514639582215,0.9865708955116567,-0.025972206437585684,-0.4676784999476302,-0.35902400977325594,-0.47838221839482487,-2.760789057088104,-2.023356267310344
GLRGC0190,-14.252936413675314,-8.014818900471347,-3.9766587460263483,0.36784216787044555,1.3302856753971275,2.6285414657002373,1.7073044022666286,4.262402282723118,-2.208502718231405,4.1032973281389555,-0.5161308900522863,-3.66508879571768,-0.30488823760443506,-3.5172948942211297,-2.3854376470910936,-1.4397988385601397,-1.588118249583396,-2.1371016355949433,-2.6876677160984856,1.087297959082781,-0.17530066140981262,0.595898358491852,-0.18044895661346128,1.1402523551074704,-0.46781487029209184,0.18988459406958452,-2.796207514071631,1.3912515978699063,1.4120745043170633,-2.547867761668499,1.1420581818260278,0.2951663673778526,0.9318511836024765,1.3697173301761905,0.9697082365075419,-1.9148003676526388,2.681053792770623,-2.9164927887952548,0.48045380330281706,0.02825787847731946,-2.702767025149563,0.31186378429502026,-1.014269591545098,0.6610354077639176,-1.5217648306311,-3.1218698276652557,-0.026353833558477688,0.9653476988808446,2.5908922622285346,-0.6542901195088091,2.284573279185757,-0.3012057313593453,-0.5525513435987132,0.2671570950963176,-0.2260790670880241,2.71329000567186,2.704169339149186,0.9312149892176007,0.890420691688817,0.45837160492433493
GLRHD0653,-4.089971471361253,-9.41157567408881,2.1709824098333756,2.8182273551238444,0.3860350241873257,-3.6285171730869235,0.5903260018807843,0.8636148632150309,-0.387532597398861,0.3649341599747175,0.23156267442096234,1.0742722016564457,1.1690444409564482,-0.7807682748539837,0.311725668157088,1.2293295313423522,1.2473143359881858,0.1547784551242517,1.6474991997326562,2.9382582238324333,0.04286721047870172,2.8439701281803056,0.8897452515222354,-0.14205260217103266,-0.7598829637589836,1.245231456068022,-1.7184599818621626,-2.4566672296936445,-3.7055096476376064,1.963257257037918,-1.1443014347157352,-2.0369155999911337,-1.8810556365056348,-1.8130182194916051,-0.671419258226172,-2.0828613519181083,1.509915996531645,-1.1179346031779893,2.3228838177171274,-0.18469502779256236,0.7932003505889247,0.7447653210666564,0.3487551035857005,-0.3868688819234602,3.2177369085182175,-0.1306524547263601,0.20784819867163598,-0.05017259813831052,-0.3960324069331442,1.6183294011839764,-2.8522191729900785,-1.3875209078272406,-2.8401833337234215,-0.0820506203351102,2.2038340601032886,-3.3200443426526545,0.22435503494239328,-0.8268453920335416,2.1260237633294077,-2.4677645039888514
GLRGC0228,-21.13090906902192,3.898653857309831,4.302272321965899,-11.737069116338441,1.6664880196754834,-1.8050136083486092,4.060704205549386,-0.11378726791376234,-0.03996233883289077,-1.6074600503941685,0.6036968255648835,-1.7174833934686926,-0.14383192032278733,1.0334178979296362,-2.285159104699116,-2.343617542631917,-0.28655567852937447,0.2912123123632099,-2.2552231812356207,-1.4817172436331183,0.4736223605451199,1.188179772201078,-1.3025714490645088,-1.757634654224802,-0.8783154685204101,0.4511336799224572,1.5429018816984819,-0.378169849295809,-0.7688928575787477,0.9655237838452335,0.8701637527588831,1.5909893541543667,2.183990771146319,1.8328184219340142,-3.828622807884099,1.0942155532439601,1.3969904539454259,2.775473852432317,-0.3893877661907766,-0.9809646310368632,-1.9574355980408515,-0.8650793805127739,-3.314193845491924,-0.6713539415532405,-2.764351724312621,-2.199821157776238,0.12648337395503803,0.021960437192838828,-0.45174631087451017,3.1357037412342663,-0.5649020503928693,0.326713854642774,0.8879019416025157,-3.576025838401047,-0.1535713438041637,-0.2025957136390059,-1.2877910489858229,1.5371506326573063,-1.2491771395225157,-1.0516575730841342
GLRGC0186,-1.7307358604409353,2.4004844302238197,0.5299514285034371,-5.0308266762992915,-7.846841940600492,2.228305099808272,-6.6154419535206985,0.8388112310412401,4.529035966212837,1.1755990384243156,-2.315855836973317,-2.301628557750663,-3.8895022094671488,2.657227834203512,-3.8600067988312885,-2.1442926573759915,-0.3985007812837241,-1.4370321498399075,-3.2133242812707934,-2.210284861754347,-0.5596176722115999,1.4041205944052446,-2.986171899396911,4.664126723887049,1.0696038421531275,-3.377482098403406,2.7830677210550374,5.621787896846136,3.209815661904476,1.6835320403164185,0.8363339372800414,-1.8768320766581272,4.004984074170485,-1.6666409582916932,-3.1910577774133393,-1.762751501600015,0.877244270331386,0.6368903477785641,-3.381622771269041,-0.6126304095975542,-0.07257332028369477,-3.943354912114832,-1.8037065425557428,1.2201736070876155,-0.1616107691809131,-1.753228464036039,1.075205564706217,2.9427913281823903,5.149175243431955,-0.7275085019451581,5.163298052711954,-3.553419791535119,-2.96354007273214,4.071577571450853,-2.679588420466878,-3.499864956430854,6.460858349141263,5.802705838360619,-2.2082218489301346,-0.7224852904863185
GLRHD0773,8.591908046682711,-4.330911442533906,0.5432375459364589,-2.5277061854459024,4.390621645924599,-4.885596161118465,-0.16771422485267928,0.806050010279939,1.6347092511225334,-3.3953161507271856,-1.2346410464444555,0.4884853536207754,-0.33904626828797035,1.1440237598596903,-0.6205872840183041,0.7991190541545086,-0.14354010200965758,0.3989415743036867,-2.0925762559813057,0.40559847608150223,-0.8978228998703125,-2.6068440707953147,0.19260077041503135,-2.768722879998995,0.6757337510658578,-0.8945005485103722,-0.8047421196895365,1.3706284092206513,1.457635384103913,-1.068166695399208,0.9440584222147554,0.6409148543852703,3.9155161514811594,-0.7901315799697565,0.9060442906370483,-0.8396236560384454,2.7748768413969835,0.8062444353606146,-1.608553699730262,-0.7642672399725384,0.271635697867782,1.3651759736727604,0.6730019488913508,2.3200658378258634,0.6629735781878433,2.7315781079117696,-2.1289585905491992,0.5267699678501998,2.104321856431592,-1.094612738747006,1.2728549503942606,0.14363047753405445,-0.31850315096547244,-2.505919211288711,0.6801007592222735,-1.1666460774476017,-1.1922348182513889,-2.4005137719991523,-1.2862413648825877,1.7249165827756363
GLRHD0634,16.16093774658506,-3.4649387462266197,0.629993168812336,-2.4896445632429254,3.8357101149037724,-1.9273932468923716,-2.2681300187919056,4.391960633637276,0.9872752589743956,-1.870370635236747,0.24076491008641163,-0.032484332772154303,2.060238508842663,0.5497162010330527,2.608219741393899,2.1973334268866798,2.6727696046341856,1.5586765128781135,-0.3725677476522376,1.9524775154134317,3.399475567243731,-2.5590931131561283,1.0252453886546244,0.9435580755058179,1.7545636030322829,1.8361659684481826,1.0812071910255978,0.6197056872234138,-1.6083368219608398,2.2149714496374195,2.263756913529845,-0.49998437494850606,-1.176215214587944,-0.9887218003835756,-4.081149019404913,-0.7986436913017696,0.7524154772923296,1.8299067992430993,-0.4547153267069509,0.017254131767181057,-0.9515244035013015,0.27423760436898564,-1.031052509338233,5.159452511787263,1.0768450654433535,0.4738264825007998,-0.7945862658206332,-0.35494044296715577,1.2873065868964246,-0.05778108132122949,-1.1481669974898059,-1.5174789802479887,1.4816980661285888,-0.35491021759330776,0.6712170185438027,-1.7839185418582775,-1.1183896400169522,2.0909716832792493,1.0185297957224901,-3.282469201902853
GLRGC0237,55.06143455452084,-5.2645554876037,-4.236059703653358,-5.6431215458816,1.7367432731876555,1.8506634437767027,-3.1571291497500393,1.1087156866099053,-4.621883424006722,1.5285381355557242,-0.7843214799287211,-1.7987234107866212,-2.1570552618374768,-3.9032319320760474,-2.174902678669869,-0.97986422136966,0.6384286777224742,-0.09444780787451598,-1.6490794856751547,-0.1250821163737362,4.2151081483486434,2.85533796640853,1.2734433954219666,-1.7255118459273435,0.28724342428469357,-1.424574411147984,-1.0845290814059854,2.347820733696137,0.09874635612362917,0.026068010625841215,-1.4686312180327845,-2.517725280346869,0.08303402380601124,1.9273942435256286,-3.4010836270134144,2.5641423382278425,0.010481647529712017,-0.40426594318180786,-0.32282896924231297,-1.638454703745642,-0.24254224589939166,2.1744074905301267,-1.131228479844083,-1.217461801296204,-0.9279626825897641,-0.7212700168886322,2.4053242607758976,0.47256397516509124,-1.2091020205936849,0.8002549337062482,-0.5316202944888321,0.04226405904619436,0.5896851015841391,-1.4591577846244537,-0.40231810719147176,2.2140828056753854,-2.397981816865036,0.24621172872219463,-0.25582050410196694,1.4949813007277604
GLRGC0037,1.208305831653774,6.273228871269438,-4.496940427899881,3.0240447768469036,-4.154480843677896,-1.7205147481946979,-1.5984729028948859,-0.4087027995156488,0.8006831722466159,-2.099326901096929,0.03655616447820809,-4.206578918380442,0.1655214895264119,-0.6286471968641784,1.2826494788874967,1.9159510160596813,-3.2575734792824846,2.244334810413885,-0.44480118771105726,-1.6294842103318987,1.546519011831634,-1.9583485329018875,2.2684186044624854,-1.4601181010187392,3.97806687773313,-2.23620695009764,-0.28751882634722253,-2.02264022520578,-0.3477054536747499,0.6499280367400345,1.3500319118421786,-1.374177746088936,-1.3968360093539398,0.5848217778684832,-2.15931732730348,-0.8532434100750119,-0.22300011011316984,1.7180085048433855,1.158903635624871,-1.5212169307876557,0.31820990170110913,-0.9444728924588552,2.1999667742974784,-0.7135718042519988,-0.1749839888775256,-0.2580157224604426,1.3607010557089376,-0.370723496530736,-3.163495856942295,0.650167508549205,-0.2518439499508946,-0.9146067737518392,-2.2221445315374604,0.42900966475098185,-2.770497771011016,1.3179133975245694,-0.07160176821687543,0.026112064426285483,-2.2489597349058803,-1.2292424033943132
GLRGC0209,-7.3959770098705375,-3.237784786117739,-0.18760790122565027,-2.989641782380414,-3.455152845128478,-2.469642425756105,-2.876046823057103,0.44525505604599686,1.2979571053453591,1.0316475362208872,-1.064726388524343,0.3726848172887256,-1.1684652468793422,1.0639695147930759,-0.7485154441311034,0.01698258719193799,0.5857245877666583,-0.5440693104453398,-2.3422727157347696,-0.09163366622623104,1.2898774509376878,0.16885099632484238,-1.3943840332042954,1.5288681599258913,-0.16128559218089691,-2.0836658796797005,0.8549180410636011,1.1548198621955357,-0.22785486207081,1.1689375628002017,0.15619227973782876,-0.5569303277635945,0.03135975827244645,2.073970725330684,0.6753867586333056,-0.9940993198678558,-1.0241321522444664,-1.638071310392518,0.0872521406920375,-0.5117583174734889,-0.5755832685452226,-1.799532379614293,0.5826942530249047,1.7576329941596776,1.7388597887879602,-0.633607544143358,-0.7196301557045166,1.6327438464249746,-2.794932497832678,0.4665826777643876,0.8135011301187526,-0.37769788353190803,-2.4149043054202646,-2.2722280018214653,0.08969850872404626,-0.8476208133662229,-1.0311167166259065,1.4217611367970224,-1.131556536389631,0.6493444304702546
GLRHD0732,10.51181083283122,-5.71946796763665,-0.7418087884209564,15.600787397315885,-1.0437372193235108,12.292398744252116,2.965430149584601,-8.978229792830033,13.031061193092961,-7.413532300281508,-1.396584597434746,-3.1886657389986373,-3.3392535705431357,-6.750498791820141,12.099789825838563,2.0174474426466613,-3.810477833967372,-7.371565202473016,3.9122433222098087,-0.4260557783329579,5.916824489235383,-5.085011172644751,3.673332493390164,2.2168021381953964,8.52059753212028,7.256242687876701,-1.1548834003062696,9.388094150078672,-3.398145884378155,8.16871964385254,-0.9861063807858929,3.378340334458347,-6.136353052838619,0.2598059460087857,-0.1399538772312985,1.9364692949136728,-1.103735754795668,-3.5007010098730653,-0.856681296189062,5.037121701838588,0.1341687956209703,-1.4192098102332968,-3.2264999075249654,0.38832305384822474,1.686438124458743,0.2754172740547294,3.178243618510287,1.3673913154933823,1.8869572173889768,-0.9928301285558597,-0.7909709493759413,0.8155856045033739,0.9185872553713365,-0.3299875005219229,2.174328570203925,0.6310273810484818,-0.6965639853058258,1.2675394941367955,1.3743825612992566,-0.7979342620023557
GLRHD0791,-17.33729064759826,5.230717521120979,3.013829250007662,3.715027222082881,4.406908048648285,-1.268056510209879,0.4710495509964954,-1.643336699980981,-1.929516124678411,-3.2595287713418,0.46623537326289793,-0.9579874699505893,0.6881887546491983,-0.9627996785010118,-2.3152024104367332,1.4208989422135536,-0.9986367485273242,-2.9427707851366396,-0.7260438424457839,0.7250038123801013,1.731779122479035,-0.28941247235983725,-1.4324931109021544,-0.40382374933461535,-0.9527450148793773,0.6452147790986087,1.0541135434709437,2.0230275399123747,1.096061360006514,0.31873902403691895,3.451394145538978,2.552969574550867,0.3834425678148675,-0.11315896663913999,-0.3711926097561609,0.3372037322916385,1.8918336574753478,0.02989662102022288,-1.0469685065279177,-0.43431278201644646,-2.9681369813372194,-0.4436498843763054,0.40517928260522146,1.0431641716049667,-1.2138668802767347,-3.899175044750153,0.032206848432321085,-0.7502053727164423,-0.644841010467181,0.29006099078023123,-0.6826799129167842,-2.543239339042218,-0.47419658890692884,0.8090333238148075,-0.9821287527249075,3.1059598893536693,-1.702981822839846,-0.5409998599443057,2.9266875207888097,-0.052424976552553515
GLRGC0150,-8.501399503348269,-0.6796567584426195,-4.540233759735489,-3.2621668936751846,-1.2756133348520375,-0.5368861208376859,3.10321046041656,-0.18585357358468954,0.8149254482707482,5.887583801913499,0.34819105828429436,-0.9744680787631503,2.610533770325398,-1.165653775350083,-0.19550186470631245,2.641717386509404,0.055608784486985495,0.26357706038775114,1.7731587609172579,-2.426662930105757,-0.2120850276634875,-0.33687533319658747,-0.37059698646735667,0.9988138139647103,-0.5772993661838255,-0.27025028644480326,-1.271603399796261,1.0807505870745906,0.7382385461561178,3.681099256955301,1.3324290874870166,-3.5602568694728736,-1.8906104446483891,-0.3025756574956689,-0.11627215492368863,1.7504656693353844,-1.4753262070321569,-0.5188596604327047,-1.4531693678999609,0.9367060805682929,1.952017123776534,0.758614172738141,0.9439953137932875,2.957000328947844,0.39785732850697464,1.1832576805113963,-0.7180099103721476,0.3066119852317302,0.9636865941545272,3.642521242981392,-0.8789955303868553,-0.38136327224308403,-0.24097660295378356,-1.4812133188992413,-3.731516744548878,2.1826401639205746,-0.04828634679765831,0.5482205153168124,-2.7965689777002805,1.186290170587644
GLRHD0657,-0.7854033615362684,-9.891225812470976,-10.420342960057694,2.2764026323427946,-1.460385320151673,-5.8876262078271315,-0.19538294124398303,-4.296457993785425,-0.32143683492153846,1.1721714791204565,-1.0431495999908311,-0.21176941250232229,-0.7207683238509012,-0.30283564624417375,1.5650689760383187,0.9284992491978986,0.9789631205942031,2.2542835237042484,0.9648322705551522,-1.21203153264584,-0.06075736183878249,-1.1893353913244238,-0.519123118757081,1.7628031299960076,-0.3682856661870941,-2.8926549510255053,-0.06709825787542498,-0.14028860816130245,1.8570086351491741,1.052649210051217,0.5279584226779612,-0.28639608460272953,-1.524140770469624,1.484833454444243,-0.18520107533960992,-1.3665810922064043,-0.24594823414648717,-0.29834388055029554,-1.7864666507282905,-2.5624523665127925,0.7146898711808085,0.06822770520671914,-0.5828102921595479,-0.4703633914768833,-1.311618174715918,0.7046971190538913,0.794321946113628,-2.1601629359466643,0.24071963855789782,-1.9342361767837277,0.9762891023136716,0.28666342285773705,1.3320412376006716,1.6985146953726138,-0.11616432620385021,-2.5296473858932367,0.8678371343800676,-2.888972807430736,-1.284257682467544,-0.6935088871573621
GLRGC0272,-20.11960068095566,-3.6323424067927412,-5.442418963100774,-2.092072510888616,1.3974837789710048,8.114265447414788,0.17593873341682337,-3.1583430776338606,-3.724538030114811,-2.734201353469945,-1.1538852568189406,-1.508275258545712,-1.9914510715327147,0.5366678393771207,-0.5148595602130218,0.04290142035221222,0.5826574110945077,-2.0911091084066538,-2.5168068542296718,0.06764592248901073,0.5629753441086252,0.5993402462178041,-2.025830713630633,0.4134310197842474,-0.3573391571439852,-2.196152968024312,2.753361070332699,0.6923309819237183,-1.2682861976789792,-0.9210689937580108,2.238786952917076,-2.433309349568605,-1.3319805258015018,-0.09704837451002063,1.0409368899257285,0.7678194367048355,0.9736123538675849,-0.15108270838774845,-0.8693085251068723,-0.46677308386324584,-1.8433569789219442,-1.832936941894519,-4.205984306395018,-0.12694516749768125,2.051976067853326,-0.7732550465086457,0.3466936170296766,1.2047170653503159,-1.8377955865548545,1.4604848179031258,1.2557811301428279,-0.0006615874155228414,-1.9051786958404475,0.042630619102602685,-0.9382221612713055,-0.0018119983972358367,-0.8850827853680916,-0.7783724818159091,0.4805465759037525,-0.04979598667949868
GLRHD0587,24.130967462058063,-0.20843841025039878,-3.699954821897369,-0.18706355975825534,2.807278657270791,-1.8203398801108266,-1.6828792088601223,7.267688448628299,-1.2465150020378781,0.909081777915739,6.8623401471866705,-1.2358657772937391,-3.366387287866578,6.664886146078154,-3.2103753123820415,-8.025784645277339,-2.5954597219328432,-8.311828803334581,7.3729451673671385,-5.079437193839753,-1.4177772001385307,2.4992059337031924,0.7743167275944116,5.398049989353313,1.832755752641522,-0.7330232203468401,4.004252747257699,4.359902015044504,-0.7317069134206516,2.248754045908844,1.6741401695805194,1.522415710832641,-7.710296349750006,-6.286087316668315,4.768109622275443,-2.0672769894876324,2.8090944495953796,5.410388903076866,5.08696458028518,-2.243381848928345,-3.189764813744401,1.0319374116492697,1.0579926092731904,-0.2147299649951302,0.8302903761989752,-0.5271762895666126,1.1750297888243202,-3.449700255854546,-0.20097639007401588,3.4927245777510865,0.07829077260383527,-4.738647730546094,0.8110915087024726,-3.1338695258082048,6.643492443684479,3.044859583613191,4.7885896224876845,-2.8421626051537827,3.878248057554093,0.6293498157356492
GLRHD0491,4.946058810061826,-2.9767820960007376,-2.338845018897571,7.1306414987085365,-0.7421562871126877,-1.4035730802333573,2.653838520050658,4.6969899517381295,-0.4531941438218394,3.6095479083996733,-0.9907163668026572,-1.6824272890903862,2.2050338396884372,2.2226036884649334,-4.105431476836387,0.7070054336940865,-1.26179899797024,1.7568302066846373,2.73941977915308,1.1486793768493724,-0.13303616790270278,-0.7756504704218229,0.1354410896672519,-2.488964104902153,-1.9993226785598424,-0.6637628816926681,-2.890162657255884,-1.6734057928978785,-0.44483234509311875,2.3228620611252917,-2.1447401366311434,0.5572353333670541,-4.420508234603431,0.3752003275020812,0.760614897619296,-2.352198144685608,-2.7984296927901133,0.9402699077875751,-1.7556809721883406,-3.260030686572113,1.3768698419370267,2.4964268681574153,-0.11516189340768364,-2.75620703803532,0.14384265239909827,-3.2846358362626313,3.4613268727720516,0.729161440630788,0.5732332318772962,1.499694474011612,-4.6423201027289975,1.7371445160811667,0.3413169792132805,-2.8221270785293324,-2.874710432087731,1.0217752540584335,-2.41922009530298,1.4028220096347752,-0.27067302674475885,2.3764742449273513
GLRHD0813,15.40182862896986,-14.117788243234315,2.384017738100983,2.9090363547023594,2.3695671242283596,-3.0955176581157993,-1.9139695073472525,-5.567433454850186,-1.662709258464117,-0.2404023306868535,-2.4609546738103587,0.04363606549842154,-0.5038505562996529,0.2535652322865716,2.5034413042152153,1.3900784657457,1.3964937955290955,0.8932058212706926,-1.2247188167600633,-0.8059335666309738,-1.0806569553582885,-0.603317317906014,1.3078926516974696,0.18704605982498856,-3.6297374153211024,2.1123245865041613,-3.3324493737715937,0.4904755235522255,1.6798709433571364,-0.00799753875450224,-0.6490477662332665,-1.2427847748052119,-0.8471364850099466,-0.6902969519848602,-0.4650712368329865,-0.8113330787212003,1.1318629836027667,-2.593662351062716,0.0862823416902699,-0.13297538646954477,-0.21816684636185507,-0.03465919329371546,-0.09949462971854307,-0.053176411939861924,-1.4021252350394777,-2.4708166438597665,1.523510232954293,-3.928447479315813,-1.881049460680238,1.2527006533246507,0.3650139682396689,2.0191792677018836,-1.8246794327780433,-0.34775464542848417,-2.01965783526593,0.4829062818217065,1.1776233693191493,-0.2167145305953282,1.3167093596566932,1.7367170726850283
GLRGC0229,-5.3285917131857,-1.9462664072657232,2.341834901001544,-10.887202528967885,-1.5776666887941688,-0.8217289388262278,8.206043488920175,-1.429360266631758,-0.5682937178272734,-2.4232558706774343,1.0874952859316083,-1.9177934750844194,-0.5746676884725557,-1.5798808146306007,-1.3276776959158443,-0.8522939083468393,-0.2658140735285054,-1.945750073502291,-2.165801265596087,1.4983781958783138,0.42652222002581586,-0.5919954216081936,-0.15380204861278787,-0.2511913899057432,1.704892919355021,0.7401454497038994,1.0736927187782999,-0.024784939492449847,-2.25323430625198,-0.9133043960181189,1.111085457514446,-2.7793587948407397,-2.4529089893059672,-2.0323628785270182,0.4408300652022627,-1.4087561914929834,0.4066172145999822,0.4960964714838786,-1.1895878259717558,2.643458490532535,0.03114573933088946,-0.8382092728862938,1.2255016099074025,1.0448184705440946,1.5284207319603211,0.8786127625782247,-1.5550311693663093,1.441825212158761,0.9488391039617479,-2.3559296093540496,-0.24661140167284767,2.9345278885064268,1.262903179092707,-2.181866158670973,-1.2187069233337824,-0.6397335700850921,-2.348575450699789,0.028652561011643787,-1.97426519446122,1.2495802259356759
GLRGC0261,7.724155559649165,-2.0554239857934355,-2.8080558313840567,-6.133887598971784,-0.31360671042213734,3.1880158700973045,-6.529421892743629,-1.037190735635819,1.4702165290779694,1.4016441907750714,5.9246750459904325,-9.404147752918483,-2.8084118991715403,0.018599480620763317,-0.6344419971121944,3.2917084798109024,-0.42107348443177695,-7.390071377930483,-0.4574913730706487,-1.0419408708039484,-0.7572218893450894,-2.581446333050058,1.5216231592773493,-0.7651205960573502,-3.954201217416469,-1.518968869576991,1.525647827329855,0.19774731012107583,1.3874939286770736,-1.5175856810925128,-5.026840578469995,3.8988574224082218,-2.7549657211232903,1.4978724465410025,-5.606075225255155,2.3222367021607084,-3.396525216594292,-2.1344291784484315,-1.4699212339285903,-1.5287418736057299,-1.522902637856218,-3.5028766929226776,-4.247847014597854,1.4893158153228268,-2.216552744138576,-0.7972479695145664,-2.9206994430937634,2.2561753875897272,-3.1462641703934997,-2.120823505582471,-3.127863195807575,-3.3435624053425177,-4.11869848992676,-0.16763113045505718,-1.4091067763152654,3.0580483636951574,2.0930755683514635,-0.1579691117798656,2.7341804314689515,-2.1537649482965024
GLRHD0806,-32.19441495050434,-0.8948879914388826,1.4764980467056616,4.672896599559811,-2.4859526649655566,-4.278921993370864,1.0893634117658832,0.8700205728631033,-2.699112987868624,0.466543331215907,2.1491015254149124,1.7498733028670128,-1.4940598294234095,-1.434354274875299,1.2598425343149835,1.8372645479279597,2.0099501491949727,-1.9337378011028823,-3.3489542476553855,1.5335814704118809,-0.4269061492323005,-3.547123274484027,-1.648728627387607,0.7833325974784338,0.7585426455783943,-0.27800795123082256,-2.6395862054523547,2.8089711925630523,-0.2538844630704258,-1.6884618722909894,-1.2328105749846572,1.942170351068578,-1.0011521559818346,1.7481356436521953,2.039196388848371,1.3034906922478229,3.2674016485374984,-1.5477737048994287,-0.1567674277582175,1.6896321483697154,-1.0228080325025108,-0.5682337675943876,1.5597808659569803,-0.8715460035586511,-1.706844178560042,0.099429333070073,3.4340735946853944,2.135822525514721,1.9227637261706567,1.2877254663724726,-1.5710190191479405,2.6231780109493466,0.6273320831770857,2.126847085277396,3.9945864744660455,-2.4473528068415833,-2.7783868303695107,-0.855748686007689,1.6058688734690385,-1.8297398863990457
GLRHD0099,25.647818793103216,2.7012543126494175,-0.8102756134629574,-2.1799770782384895,-2.4113255420469795,0.5794320942182977,3.5732144975426303,-2.5326740990075964,-0.5414295119995938,-0.270993664022552,0.8975536156222642,-1.36079746475016,-0.3779163970952199,0.7227177369678403,-2.427274766604621,-1.669562563018919,3.7574094034664145,1.0209758876734103,0.4010861914504134,-3.0484183596707917,1.5345724037622086,4.601446938838321,-0.46860658709626957,-0.056373734485650556,-2.0780788528958865,-1.602429218333643,0.37568878594232014,3.9898382173563616,-3.094437810970485,-2.8870678174767113,-0.9425327839089139,1.878185905803155,1.0398243601827364,0.7537017339645774,-1.602475150470545,-0.09123653727262884,1.6091760819043812,2.969322885490803,1.4832101288913664,1.0633168950546055,3.16044491014824,1.3782781159028603,-3.411263857533744,1.8339880616598319,-0.2825199598149367,1.2638503183522016,0.5331108637072258,0.567325946193218,2.8297102457206553,-0.4407333022639925,-2.223496048054527,0.22594115390367914,2.068222868077625,-1.3609330826527428,-0.8874828241404373,-2.3271899658518485,2.3875534910269955,-3.290831621340404,-1.8479376144977235,-0.40369421053652155
GLRHD0685,0.4247215058840237,-5.408841180144434,-1.9905503601377736,-2.155073062305774,-2.340447856774657,4.181462393033377,2.702371670161371,-0.5250219330136985,1.7869200962173928,3.5172517345902063,0.6152369881389919,-4.436602238200724,-4.506559666919502,1.9767633369013133,1.971249159312168,2.289419013834038,1.2932640386532388,1.0594635691492957,5.247366024501187,-2.1288399045430806,10.88675595026433,1.73692312589547,9.363931094376625,6.789643209522984,-2.15937241572638,3.778551192354603,-4.196245301462222,-0.8129622161030964,-6.686265526283287,-4.7840310372358115,4.601484063197167,3.2046682068011876,9.214560778776764,-2.3144195176946103,-3.170586971547582,-1.016276021493283,3.265050207066662,2.3825218510416115,-0.24761482803470816,-6.02975246592363,0.7036859956135358,0.7808499840108054,1.7382573716410858,-1.7197368634000159,4.990687555341623,-5.25628456665611,-0.10180450886141613,2.474354826057026,-4.962968955243638,2.7086898653829183,-3.466308340162039,2.4095907953810367,-1.6498608851484693,-3.1027856637726003,0.30887338230695816,0.1299190238708056,0.7600927868106563,0.35010443299370286,-1.8794899848686624,5.587195625420816
GLRGC0438,7.452821482899034,-3.4298106599923264,2.097837347926303,-4.068476566001449,5.559484583117469,0.0955191576151187,-0.06413498218455402,-0.26754038202361213,3.6939130318061517,3.062548895429514,-2.272736807276492,1.732633984751403,-0.5731151833835726,1.194979527273721,-0.9244665858119316,-0.6730513602223749,-0.5023420424665926,-0.8051234606934127,-2.098602720004551,-0.07909532186648088,-3.0457705653072282,0.29609211238663496,-0.3392998477609139,-0.44307325438760714,2.9530574085444616,-1.08772075046446,2.0653450083800093,-1.4066636371466774,0.5182061329411509,-0.33499200389378786,0.184196364351084,-1.5890309935512168,0.4346670815559613,0.7232999290073858,-0.8005645185579965,2.2917053369137546,-0.7599516875465073,-2.1983060809020296,2.828157088700501,-0.47461237935238204,-0.7060160450480478,2.188613440439827,0.33830493396567957,0.8049075919202864,0.4671312137951589,-0.23476910153482353,-1.5330079811824073,-0.9546455616484558,0.41535427917384743,2.481098203138072,-0.8165669037597675,-2.2497922845510385,1.333547433033737,-0.0239160542396816,-0.3484763663667783,-0.8571653961209041,-0.25976764687737885,1.2499943316952216,0.3386514214821735,0.4005806826333986
GLRHD0608,20.622800046600677,-12.854575072771121,-0.6374575800645365,-5.04749674582585,5.9167813552614215,-2.2318056704670957,-4.349929943037478,-0.07570977212501961,-2.870702988623197,-1.4792025158044908,-0.9662056221950553,-2.9429842697619324,2.069154447221224,4.260018270976886,0.7232159711346083,1.0245877611811276,2.349013721022175,-1.7651451059036642,-0.22584918731820808,0.6221053530476319,1.3665110501745115,0.592083749855907,-0.9308866323058141,0.20828997173808506,-1.0718794056146144,1.7098179212645395,-0.5497601845061576,-2.2570077340246453,-0.0071959437357330775,-0.5150107043694732,0.7998667257142514,1.4117890021024322,2.30755925686213,-0.34867885736175747,-1.2294876620542234,3.3685030544936336,2.2260900821052747,2.5728550107099086,0.19132406717024517,0.6323792707147445,-1.8161861963175092,-1.3857246432005876,3.452271236052523,-0.001048741735549341,2.5667207226905617,2.3501647298032307,4.4847013676815735,-0.414428629318186,1.8430868792802522,1.2227635989944325,0.29667817738068586,2.5950635973827816,-0.1203420844355382,0.279817164424808,-1.990683338654338,-0.025410507513184178,0.835818001109942,0.10793157887244408,1.451824474293643,-2.9677134391075835
GLRHD0762,29.33255682455199,-6.260897087899878,-0.6195558144428115,-1.9142046908949766,0.7973988699238959,-2.3608101849666414,-0.30774565889594024,0.10831184099629411,-0.7661898419323211,0.5881993673205281,1.0400714976610574,2.430846883652875,0.39526526143141566,0.45098605703228917,-1.2399665415219296,0.9185316143568054,-1.9845535917895907,-1.4214157817970197,0.29898745615535394,0.2098262863550213,-0.3018952763114752,1.4008020265411643,0.32656014278549905,-1.2935969723058809,-0.3433092436889007,-0.8906287265711247,0.9581033042033313,-1.0260941812838562,-2.6978575256663397,1.2471691266113265,2.1318755165171828,-0.2760319364492391,-2.2385428898655815,-1.281382002424209,-2.197612225588508,-2.400007635061747,0.7467320312970543,1.126038175048698,-0.3037137150234308,0.7263606127033764,0.5997321332273442,1.4553064523423531,-1.7632881817949657,-1.2931300836349688,-1.2091001928142808,0.6371884698625724,0.41945959391765963,0.7838435882726424,-2.160079608184369,-0.7639982134286926,-1.6893390379261197,-3.2183408695549365,1.054896073283739,0.47931273229047205,2.5406826381962735,-1.0218395439839298,-1.6038610420882886,1.586788442257786,-2.022802036130259,0.23004519924611508
GLRHD0079,-2.4999881264007864,-5.329059467514174,2.0818244883917907,5.318671914860716,5.062610547442437,-2.099004497125639,2.5887340933697836,2.473583076976487,1.7045434585631258,-2.0924337912318154,-1.0387863517325573,-0.04861695606161035,1.3249491258422004,-0.38740413705186527,2.231460818992874,1.7063485385442951,2.184088927863881,-0.6061984603871616,-1.5790244148334494,-2.289284298037719,0.779852543340549,0.014305537763829338,-1.2356419966793954,-0.9348913426801481,1.5812269288152523,-3.232223391633899,-0.14782325925423873,1.3508400221230752,-4.280124647943214,-0.700289611369763,-1.2395281691909568,-0.22796588200948523,-0.8542213178691044,-1.7703487608133335,-0.2452378766477773,-3.6007862966767235,2.1811151491859917,0.9007840578454422,-0.8266945437535385,-0.26545281804566073,-1.7721259342014206,-1.88874393865581,-1.2293835555145443,3.571419237428171,-1.0937611285816768,1.0506885911413784,0.7539015479364884,0.7943962561547906,-1.7663724175439075,0.11927330543072821,-3.59308599191636,-1.647533701904071,1.7882095784253371,-2.85289497791575,0.03475081560611123,-1.4449609471092848,-0.27132131433761497,-0.900218080325117,-0.18608286457553005,-1.299934593894804
GLRHD0678,33.192516330675986,-3.9908747755851177,-0.6067180713765314,-1.4311345892010405,-1.579808013562846,-0.27423503700413876,-1.011221663839717,-0.2208277801651191,-0.6365328784002355,1.5058681793198998,0.6525843297882927,-0.8715639578746723,0.4107111276117099,-0.43464722205461465,0.5680721042116966,-0.9414623540092304,-2.7330799086872077,0.9575899200146322,1.9064783155959464,-9.244821600254885e-05,1.377493710286008,2.873515301386527,0.4144384338033589,-1.4594505517483092,-0.5817383040468614,-0.5914717343048614,0.6785788462712259,2.038045784339682,2.013289550054627,0.8341992478033727,1.9816322878688692,2.353367898833029,-1.6716844735562661,0.71620544410725,0.557656182705424,1.713644325607307,-0.5705288700503557,-1.2170697706577567,-0.5324683854123299,1.1785752625836248,-1.4720857705173607,0.41656453391082204,1.9515957749691555,0.27776567622605935,0.554116453949202,1.509725085465093,-1.315802181335014,-0.5235648339830746,-0.369879319945874,-1.8177156448568905,0.4677417287805983,-3.406265752529951,0.7584566748783386,0.5352478793005182,0.21585433275721344,2.1833310949312743,3.059925887157907,0.2179820421019091,-2.277856111661472,0.21047197364107376
GLRHD0717,-1.850432016083158,-4.512356270527652,0.38872364941252874,0.24356984695850947,-2.3972131194030366,-5.613242052506455,1.2439074259503506,-1.4932875696646155,-0.1451170798112359,-0.6880284689074082,-1.1651267976602537,-0.566984059432668,0.764277976999752,1.1868829173151274,1.041637352925814,-2.0842410278574617,1.0931631885452997,2.816111804410585,0.6661205664560305,-0.27729996583781735,1.247744542588982,-1.0294309179840782,1.995273378029989,-1.0520552945392376,0.18990947582753812,-0.5680892925160592,0.460822433114443,0.17099137896537978,0.3670392539670601,-0.06032005664957818,-3.081040008009197,1.1602153617372162,-0.03312034744542565,1.2986068828132724,1.3880618823349848,0.7828391527336722,-0.6582519279738692,0.33909708810353534,-0.728379265616738,2.452509608385892,2.959861940471439,-3.078521909350347,1.5848717197905904,1.8908683910876218,0.9112775402516956,0.7381155257956658,1.323146158976909,-2.807716453816151,0.17118438693778934,0.2663516824861096,3.4092970917947047,-0.6415988661724106,0.12910356076458,-0.6253301464491855,-0.3767924068329145,-1.822113208236959,1.7451910584854493,1.1817874920471871,-1.2198152818930472,0.7145669260159901
GLRHD0754,-15.754517803472412,-11.813805590465012,-8.816588323650485,6.160637530032413,-1.873594117013578,7.772126276010196,1.993459441321171,5.4980265371676555,0.6200583630757579,-0.6926494281449904,0.5877949528185877,0.01706271502394015,0.3676174832307303,1.8654994883184737,-1.6448708064420756,-1.2615105576865822,-2.126440410549071,0.33380815302132627,1.518074246003231,2.4334166952669407,-0.2621359184990543,-3.3230270539216127,0.11506450351338658,-0.9593556654454487,-0.5495757445088092,-0.32328351458554117,-0.9788067807118063,2.2207544347579415,1.2541764550640933,-2.622501522515984,1.816907953856293,0.9494713513103106,0.27741100811944225,-1.3750377571504049,-3.163597803874446,-2.089965135694355,3.017959933361352,-0.1007117555746068,0.9494000456446849,3.0532170832315106,-1.5191323863316926,-1.1761742153788293,0.19057380875685728,0.5939386992743203,0.826225911615545,0.38742978620207336,-1.1299358189242945,0.28035213142536114,0.03718298577907654,0.6552775224607239,3.8604633054430675,0.678313094566129,-1.6274129491247578,1.257930565684642,-2.951699708773204,0.7153023358086288,0.29019967320348194,-1.2153405540258886,1.9528535283548798,-0.9123929899281868
GLRGC0340,-3.1231270297237117,2.9279388655752108,0.6333667882981823,-4.375361686700799,-6.60498758336218,-2.888061880224869,-3.187371905433235,5.53647972092277,-0.40513960750857253,-1.9059558411219861,-1.9569695645112901,-0.46520541568231133,-1.1317105843434678,1.7455936586669047,5.749279384830423,-0.8141176752467323,1.6848456436125046,-1.484835660355086,-1.665811691002794,1.0678594963211858,1.0061399238487756,0.5112644856076292,0.11815577075175022,-1.419297956687339,1.0914099110965747,-0.06650560954084922,-0.18278624619917455,0.6092561747527246,0.5201336910941031,0.5135266807922462,-2.740461069494272,-1.2631073035718277,-2.9156958289522965,-0.3778419783399697,1.7927104081865788,1.9384287470109893,-1.0772074725009804,1.6251319150170993,-0.3738656910069342,-0.7251925492044085,1.9695747571213724,0.7162817236751492,-2.6166378357561015,0.25609589044457587,0.08477195354018453,2.168424301556105,1.6263638089744994,0.9187938698343906,-3.7690505991839114,0.6367827978148181,-0.667752954087551,2.3989799890133163,-0.16949462355936906,0.06848144708125195,3.3638267074016377,1.5727063337322102,-0.1618684692492139,1.2515472877631626,0.395235261465182,1.8986179265064451
GLRHD0120,11.39612165608874,-1.7456249322931656,-1.943287713998961,-2.659577662893897,4.7954483048484615,-3.531254118950511,0.1548646021757896,-2.1802622083756558,-1.5110508045754352,0.4926862188824931,0.6785759959797356,-0.2907761769093389,-2.3261253574219283,1.0425102479457067,1.9341826486356364,1.0270354583280217,0.17014846395732722,2.4481828305565836,-0.9777319494318745,-2.3248918875024174,2.479607044172348,2.6914149436088026,-0.8048898168615652,-0.4892183986362813,0.20205197939750602,0.34771766661569864,0.8699081919522734,3.4182514421917625,-0.42142267581543463,1.3804695848935669,-3.4436341731558655,-0.16474984864583506,0.3689041163102692,0.361594548144583,-0.9293676911430684,-2.0535742409250286,0.8655174262881482,-3.380405552769182,0.5436211413336407,-3.748497076034954,0.7578938809686737,3.006294470039274,-2.5349179315016017,0.32600118106187265,0.5276498701530875,-2.579281338112764,2.4850128912590383,-1.89738522484137,-0.25032469044208916,0.7564368770581864,2.059700245671657,-0.5183090952703207,-0.7736419194531573,2.606898740834715,-1.8849648467729414,0.23582863841539534,0.9229615605487307,-0.14041944963556646,-0.03423721507883892,-2.6450374998196624
GLRGC0358,15.432281562991735,3.42750879183202,-0.6128612447578977,-2.372498355343981,-1.959648512822067,2.9365382848969146,-2.049459024775882,-0.09733487358287693,-0.08851555157094763,-1.264337258501318,-1.973753380997534,-1.4147959480050571,-2.7163725683813382,-1.7868876008864905,-0.5178759666482594,-0.47059910015034956,0.43938022002590116,-1.1712833337296533,0.3151527232755334,-0.4899059984486481,-0.8922837069213386,0.10287845143186299,-2.088756469492078,1.0742199812596154,1.0186791471779848,-1.7595252179962748,0.7866659556350413,-1.0653556937678506,-0.6742783430344651,-0.24185689128081156,-0.3207066022975193,-1.2924033771111518,-0.07345866764404911,-2.366782650605072,0.9512279456076059,2.4490275039492886,1.7442589774014676,1.851499078904473,0.24065638221221808,1.3266437653039627,1.725675853399458,0.4800031169784528,-0.16781696905563237,-1.869539825793513,-2.042809475160161,0.03520109225993556,1.8236581418991664,-1.2075157117421265,-1.0003575797678812,-0.6471707721552044,-2.2900807027987002,0.6787087478524506,1.708433123118962,1.9832371185326023,0.3990124174618602,0.44495710109525244,-0.17504797772753594,-0.43818651130404823,0.14590184157353686,1.147585771299819
GLRHD0664,8.17290289783983,21.258086543194942,6.842636398803785,-0.1999499067416176,5.342499180369957,2.3517940138516913,-3.0696427453498636,-0.3878616149154929,2.3074440293012226,-0.9934422666996098,0.13781709810582624,-1.824018652705578,-2.904910931164171,3.3035515937025917,-0.546228434147173,2.1740354690120793,0.006748622749584964,0.48824981573387394,1.0735221688460395,0.1830551261610109,-3.3919796138341565,-1.3193934782028305,2.1670037999776603,-2.171893081915169,-2.4320841551463714,3.39131846585042,0.6784102049247639,0.6938228336836119,-1.0112572867324987,0.6110484617767453,0.9065167579274221,1.0400343018729181,2.278517632316905,-1.1528606277502222,1.6069168128686073,0.7823536152093655,4.097040263952615,-1.896697284451821,-0.04698031599250181,-1.0842984085194525,1.4280900110255217,-0.06330989992482731,-4.602890898645238,0.10930850746680167,4.2284896113141555,0.6566878975868694,0.3287533265002161,-1.6980195715051736,1.9863351014715085,-5.003278697145407,-0.9074698830398278,1.7682959141884085,-1.344079094801898,1.2234698948851073,-0.5558236315443521,0.3898803235282839,-0.012903728630005634,-1.1286303224525687,-1.7355083268492233,-1.0412264143264365
GLRHD0695,28.426013081661367,-2.4690927504540507,1.5901277216847474,2.168062186368083,-1.8093935923248228,-2.4211398076587027,3.3863693612073944,2.502907368476533,-0.9484636071995572,-0.5490913998435356,-2.5552638274925337,3.999200299957532,-0.6345794546717186,1.5186824485457493,-0.7784986123335834,-3.3534905131346373,0.7912298713952918,-2.1241553477308472,-4.488623751763289,2.895947097543493,-0.7939652631821897,-1.7314365502846243,-1.4246917884748949,-3.247912866032879,-4.426580429532273,0.11094781218624272,2.393988849732147,1.3966495088695547,3.5870950130271018,2.871014546785532,-3.4855946705924303,1.7433454848650873,0.2844817292899551,-3.6778968328206036,-0.7071592461181693,0.999258875467207,-0.9443417235159717,-2.573395928795628,1.5120343049324396,-2.764276398057946,1.5783968319261708,-2.9803297498969985,2.1770636946384485,-2.5265272267223873,2.530139445792805,-1.8881531574370958,2.2135243562718125,0.8626725447536822,-3.153059167665147,-3.3220753337462545,-0.8306361987477714,1.4731823138649103,-0.4404955463318719,1.7041395615314656,-2.4678644018596545,-1.4728874161705978,1.4232741392755253,-3.008267549619812,0.3566568336461187,3.167285644454293
GLRGC0378,46.72873289844609,5.363208951869238,2.184602988029987,1.9282115138227194,-5.848143552863024,1.0308091755225894,5.7034209300499406,-1.28707319718059,2.0674173139442953,1.6097680769073823,-0.19611837523573178,-0.33254887984070325,-3.4482022817111564,-5.359754616492367,-1.8903092513290076,-0.3813991602070446,4.151261097858933,-2.710009030659665,0.21496494330375523,0.9270921751924784,1.05696547024053,-0.9186392613088556,-1.475983473716642,0.039622221668887715,-2.1475707559682773,-3.02669945730467,-0.8797002998526288,-0.2907186555554512,-0.26521780355925695,0.3711757553623573,0.9599602362628824,0.7877981518227343,-0.16231122655286148,2.8218284001950398,2.441197907210102,-0.7917391758673433,-0.5339879510098742,1.0238060091834837,-0.005766421923723349,-2.9310523128798276,0.8411203943918386,-0.7459267719000514,0.8583893623891999,-0.7473594451915642,-1.6454922018442368,-0.971410756967431,-0.957073395423772,-0.6627211199316192,-1.998531811943915,1.9375395949623933,0.44316791042774545,-0.4329642703671085,0.04475129935236242,-0.23297497608719483,2.2124393951776837,-0.25675291947128404,0.7934012565298273,0.03247400390470843,1.1515113097209522,-0.09427594653066802
GLRHD0674,-8.868339079189587,-3.3646419838073816,-1.8157818733618378,3.541061775699336,-3.617315228517794,-3.2499332695917267,0.21480455246544924,-2.1039382867350525,1.6898795450334114,2.144264609391869,4.467419592239932,0.33403928402579125,-2.026983085709875,-0.5219299547966113,0.03347988308523883,-0.06355701798863447,4.768834257489298,0.38101102911161394,-2.061680763662837,0.8207801063596785,-3.6312200122877996,-3.0379628244993597,-0.9145290883442495,-1.57559825702959,0.32692420702930175,-1.3452607678072324,-2.2427073765175387,-1.126260513267124,-1.7757408760717293,-1.0509243749615789,-2.318230552245724,3.0347913271812734,2.513221855791824,1.6266231694844346,-0.9552134133361551,2.5122664920498208,1.8680201763747075,1.864239521877696,1.1737410293321873,0.8067388286698406,3.1515917833194536,0.8880056653892218,-2.36620430353158,1.737137729581926,0.4808681032613329,2.227019275037904,0.5129937690032014,-0.8644341211568707,0.8291348042780626,-0.31258770304538475,-1.2742487657125567,1.298580041416201,1.7420227569393127,-0.1990823765445097,4.220134515700707,0.5703527759483553,2.707867807476869,2.7245840955707816,1.5194435965139732,2.040525735170327
GLRGC0136,22.98770758394933,5.450371432914641,-5.053077874563088,-11.831203567800397,0.4274422510070554,2.561413315932899,-1.544772156199245,-0.6833409995814944,-0.21295096361155866,0.4259136500171266,-1.1530218865831814,1.493062353254777,-4.201631015121301,-2.983028394157353,-3.5673486192665576,-2.721745427687752,-1.5248307371909844,-1.6715504927617153,0.37326267235808824,-2.4506459105347864,-1.6454450542199937,-1.4534269953071748,-1.3228835204445,-1.1053631502871364,2.943278732639573,1.5483106837706917,-1.6447661542496643,0.015632770194766197,0.39173166456012165,-1.6248043018473048,1.7241999888890203,-1.6187073752345167,0.16196435120127117,-2.2097760969148363,1.9864183510522537,2.789795621600577,-3.197181024855936,-3.0793323994480972,-0.4738040963131758,-0.23861001600922616,-1.1257367784083785,-1.2627488322057887,-0.29798155092399553,-2.666933209218502,-0.1157361367928629,2.2803024272724115,1.072524111681796,-0.4717306331876326,0.8442659982162031,-0.44006661298794436,-0.6439156789288222,0.13152495779610945,-0.7795303051032795,0.2264965502965581,0.6525090678063054,-1.2989172693504973,-0.5685939681120045,2.9391615158863105,1.7214957174050534,-0.07250030410595487
GLRHD0670,-5.244268502798482,-3.5865170251372867,2.067810011788088,-5.422698058036598,-1.3995259722799527,1.950815748501478,6.541417964881405,5.089431083241233,-2.7081520165724835,-5.069156101940654,2.284946447424401,-3.6080875869060147,1.8378610398590216,2.936735495564324,-0.5517931769254937,-2.375390418566053,-6.912779046412792,-1.8695001502768285,-0.8326479138726625,-2.91235128242389,-2.77962357622822,4.827684712093603,6.025976258982748,0.7469076922425798,3.5984481584608634,-5.233320609415744,2.312982327587728,-0.5858771204209586,-1.9742251408315363,4.683637547525719,-3.4313389090297917,2.406724074040329,0.49585436054637316,0.9887078368290896,4.5117155072392485,-0.5313285433763734,2.3738497628290234,-1.4824221159739848,-3.780075099192105,-0.16347295453866376,6.284310490009835,1.049391249378299,1.0421655816983388,-1.1471136729083506,3.8188159932928665,-1.0911121831442605,-2.3667035533013037,-3.3849136918346514,0.9690395621403548,-4.372050316817224,-0.44767136650116895,1.3854257625562199,3.490648878843088,2.442569233008773,-1.3578040023965912,-0.37665973079061565,1.783307986188933,2.4394682278906163,-5.178823271345048,0.8184321966316856
GLRHD0752,-10.989234725068545,-2.1444837124570686,0.08243998446035011,1.3612902444798645,3.2772671963279847,1.3446898542390022,0.2723059299553812,2.812474174555434,-0.11967083171161522,0.6764381155430274,3.2351415977802427,1.8220638313073816,-0.01541387778400677,-1.3442827114699485,1.666333788125395,2.7312434265213494,-1.761512323393799,2.76637722593567,6.018449400646003,2.5959861454209063,2.346001186687217,-2.4214318345296886,1.507324918279605,-0.256409668245989,-0.5410385393429069,-1.5955413824641898,1.2313357338126214,-1.5041972970979178,-0.8037861991859815,-0.4140148507614293,-2.2901385700702246,-0.5839512404942349,-0.1812406184813089,2.804380921534225,0.9567323605676108,-2.1489371681026426,1.8483830052139032,-0.9007618743197093,2.0815719913278286,3.0926220578318335,-0.8100876920185748,-0.40358370108664643,-0.1555915857448911,0.5682193692769649,1.1587697432037483,-1.1141259625223836,-2.340531963206887,-2.547721760977258,1.6537188263555496,-4.672476830635502,-0.5949743753802763,2.539554975202671,-0.5347496923284903,-0.019736998552722197,0.02656558986266724,0.3733882465395047,0.6523420187722275,-2.779029533803451,3.8995403835204554,-0.41929713647821754
GLRHD0724,1.8854216650001623,14.564704507598906,1.4370278690438492,-1.0560873915852755,6.603846359189087,1.881926890963225,-1.9277431726184806,0.787784628610392,3.204145881101371,0.37779127364215814,-0.12910337143942688,2.1868530117989815,0.2049300853503839,0.16541299503820434,-0.5064289091820618,-1.0128260804637281,1.2193136060154723,1.1960319198789857,-0.25755703243889616,1.156837054784518,1.2694711541077603,-0.5179299377878741,0.8673479099850495,-1.7321760726523776,0.543070576320605,-0.46998757214697773,2.1269487961112667,2.4171907511376367,0.6806025740373349,-0.48320290058987514,-3.0055397115878097,-2.5015934585528545,1.9919532206063066,1.2569481155000726,1.0036327669796268,2.2542049859773847,1.295228538703967,-0.428668356864421,1.351077365231176,0.3686201719360446,3.4667919587368106,-1.3492649895308204,0.8745028871314684,-0.6591692356265848,0.30275862953210214,-0.7403608975317553,-2.3172865224194723,-1.5372965827461873,0.1587836629169472,3.1171275433124066,0.8196424618658767,-1.9815078730239257,1.3286023707848607,3.1816198256655346,1.4760699450798773,2.4052574147136827,2.1870136222405945,0.23781117572365623,-0.3405858104497006,0.10186486786762218
GLRHD0517,48.825198822580774,2.7974758221665086,-2.9375651252127124,5.9442451979395585,-5.504680175347366,2.476841407012608,4.744967752757166,-0.045676308520953696,-0.3758358135510763,-1.1210020596023647,0.7994114911213426,2.2044833488266713,-2.58132849442576,-0.47142313277902786,2.039561769751475,-0.3310425365094783,2.073526264367819,-0.80353997539489,0.06754677289917975,-0.6222792453843252,2.294757846243762,0.8667222523873346,-1.4942089764787267,-0.7229596803994174,-1.0132307837256818,-0.44414832744347,0.5171347148588382,0.7187942380996231,0.17040398454388136,-1.280265920199869,2.554383933517442,-3.4528456478391543,0.7917518195846067,0.8352659249173346,1.228354940352699,-2.3498933038582264,0.4053290376237906,2.544038741928864,-0.09890483558155622,-0.631076263572449,0.45913052481533295,0.9399729798285392,0.9952925633111613,1.090485519414252,-0.7638893813890307,-1.7654647660158025,-1.5595356844742059,1.4740158433165083,-3.0023601167769085,-0.8908397431738778,-0.3451776506396601,-2.2591693512225066,3.180332430353949,3.4031125916762153,-2.5902652704443248,-1.779217116398799,-5.271467655174757,2.527716246777171,0.8092774688385918,-2.624529021693968
GLRHD0728,4.525787039986208,-4.600222480092147,-1.39599291901158,0.13550076201322583,6.210352420184568,-0.5280879049616315,1.079907672454285,0.8062441796235267,1.9621038903378056,-0.20491922244113603,-0.29195241496812463,0.799035343525885,-1.357713578970763,-0.27084563713517995,-1.0327492777072382,-0.2532808131163887,0.3513657390272652,0.9316924339407718,-0.6782566848517994,1.1277808843552553,0.8838487353286878,-0.04371890087853059,0.12397431937581303,-1.0655629405076958,0.28479802441485963,-1.6661002690258897,-0.6462013413865817,-0.20819550539218662,-0.3511193073021453,0.20062290986502776,0.18841166755071664,-1.6695627991070046,-0.7102198980143166,-0.0879638523743873,-0.025558819684513158,0.12659609064365004,-1.1212749571883407,-0.1364252799042889,0.7088718831048686,1.216723778899662,0.82563068582057,1.229124596934322,-0.5254172236629265,-0.3178989932537034,-1.0181334669624742,-0.5244715551642113,-0.7858444666083126,1.2481239466793377,-0.8219261135348531,1.7714198706039153,-0.6411630621795299,-0.12714630256005488,-1.2716093154232846,-0.28649069780890773,-0.2896447327722775,-0.12283121654187276,1.5253298203661798,-0.08336128597156864,-2.1113010955049387,0.5672593905202907
GLRHD0705,-32.879885766458706,-4.399525457182538,-3.905095650220287,3.512123441375381,0.8572398995283993,-2.5437697818970744,3.2048305238872574,1.8363400766320566,-0.11825662483426067,-2.6171934703688877,1.699722395843998,-0.34487247964110423,-2.8136896000307563,3.1018211700421072,1.094578785521559,0.2775373998818891,-1.0921734191006278,-0.06891608081519876,1.803959342219242,0.647971583275626,-0.9238100678065021,0.5660712169247931,2.008807538602643,1.8302014752700986,-0.08963550167557237,0.7603057345902441,-0.6679860247135546,0.17134612842866018,0.5541748047803436,-1.4150360609914223,0.9981006985804577,-3.079248208733722,-0.20407655280978523,0.5802714569904853,1.2405194177641716,-1.0444298029580312,-0.7401026045015378,0.8590977434364887,-1.0361330460753115,1.1338757792181768,-1.9803719701795015,0.589336821795608,-0.08514757975760037,0.10228054257016184,-0.3717125758928784,3.4033223526390857,0.8880191352662865,1.0848403761560592,-2.4199144152648233,-0.6093423499674555,1.731345363359717,-1.3268563880575674,-0.25376592968825695,0.19958989233377084,-1.1546647905150953,-0.6269072296056368,0.15137250628941404,0.24177697165821863,-1.9416350910587423,-1.344116531317927
GLRGC0267,-20.536744926422912,0.9562948907931976,1.3604721245473623,-3.1108072575461887,2.152721720578228,-0.037341291594400264,1.3501800118004332,0.5111499187566788,-0.722275173133416,-1.6740060011030884,1.1256843306129636,-0.1445582816012531,-2.043478239275753,-0.46934680986290483,-0.13634548166475813,-0.41876567864814607,-0.48009659591386467,-0.9563687742367241,1.6125338841430394,0.6208645799543072,-0.6094683821571197,0.12172537610034916,0.5671058867928223,-0.8289619042822626,0.5995010864803856,0.037476077434945326,0.2304455013632668,-1.015423790896859,-0.11597956215594404,0.18777644600127724,0.952791472864506,1.0706546748727122,-1.1428093580183254,0.37877616282682147,0.2425257839208844,1.2460481693164633,-0.3208725490014359,-1.0348273562972383,-0.12297751814187234,-0.38543007279843294,1.2091331141702344,-0.3747868785244691,1.9419058621839524,-0.6328572589953944,-0.91574007195398,0.44212465522347644,-1.384438203071316,-1.8203647686789728,0.023880037952121975,-0.7642225699971626,0.07289792104024093,0.6751432817429234,-1.1227701749227956,-0.6815662826468223,-0.20306657017380148,1.1900485571273156,1.158432642648913,0.02877024658138269,0.6199991023945443,0.5546454203247219
GLRHD0121,16.63766048520956,2.063737779060959,-6.314249464291273,-8.012839032338093,-4.145169052267285,3.5718001346943478,-6.4186655548842255,3.164703453958243,-1.8621234275046779,3.76043296650023,0.676306109289531,0.15619010415866655,-0.07535045894331756,1.7413599942066635,-0.8140984737533845,-1.2163824828603087,0.22552421129174788,2.203688914972875,-1.0979876075439343,-1.035901723684239,1.2523004188985416,0.49254651557316126,1.178204412598247,-2.662043505672075,-0.8839254958558426,-2.1798467233807437,3.148645218129377,-0.08278466587298981,0.6091490853871558,2.6065217446567144,1.5172358371615111,-0.5339783904389231,-2.2828068896574267,-0.40071239622553384,-0.9836425592457932,-0.31225530773762805,0.2604167364933672,-2.1050828147964324,-0.7516998636343651,1.381882242085627,-1.5490488032213316,-1.4622685904764565,0.7279933527834674,1.72734060255413,0.8367197845172202,-1.6808001604887848,1.4325546658720898,-1.140318776560396,-1.2043116284949282,1.038215204921933,1.30591595655729,-0.7367607064209314,-0.8904058414817057,0.34183175029604884,2.342175818121494,1.9498633872099496,-2.0829126497689767,-0.7936259329972618,0.3592196689980218,0.33895561402458335
GLRHD0654,0.7936731542808284,-6.780562431144923,2.541919772385119,7.379325525295629,0.3022663248425432,2.3748518590747976,2.15288045437683,0.7661863768606396,-1.2442426668916016,-1.1399617570416944,0.7989824344281047,-0.3092557323390973,0.6035383300659466,-0.747572879326675,-0.35932476899082005,0.7178189351917373,1.3750241216126597,-0.10098196580120755,1.1901289285285714,-0.20384050633178,-0.2206533098041228,2.009051508794634,-2.1698157547812293,-0.33342339370875107,-0.8789908463760505,0.4465310884906977,-0.04351817569837179,-0.4853320389573057,-0.10842699917627946,-0.5560890936554787,-0.6083272693504399,-0.5045093276496161,0.11533575701746342,-2.7255636418494005,0.20990992666532857,-0.5629151757955969,-1.2490891383059506,0.26368299752656393,2.13222981707339,-0.011071399241019455,-1.9039731618763374,1.0599787481981187,-0.04760361379369228,-0.5055788811745315,-0.045856882472710005,1.1957767574915286,-0.38234692089658173,0.07698250939646688,-0.5810892535931073,-0.495685895952028,1.0890705297189625,1.3356174414475097,-0.8487000030037881,-1.1813324703221124,-0.17886538814346017,-0.745596104934793,-2.144792412529384,-0.5857445491884481,2.6916773498413002,0.49658230057946745
GLRHD0815,8.246157321757252,10.61722396687212,-2.3315626715711115,0.014511000681912918,-1.0439486764905421,-2.2090283972020197,4.046487606370729,0.6342871603814146,6.82029828085697,-0.17460059710995984,2.4501067006282495,3.855405222115203,4.2040624774124975,0.6722279283772304,4.146748182383036,-1.2963619858317124,-1.3651330701475974,2.453091661519779,0.11931755443827677,0.25346987605507515,-3.4300374490584784,0.897636597835261,-2.178593842189521,2.3093767992738137,0.4774179585933343,-0.7387461507455847,0.2266055719891573,-3.2055836308426873,-2.39957514972792,-1.3669788106908265,1.5273270432022747,-1.6477867911766686,-2.1244160318826273,0.5015174992958604,0.01401629388153941,3.564034942897641,1.9022702389417574,0.587481791208521,-4.970630533425322,-1.958477752547989,-2.586656865425733,2.1431476828770477,-2.397602842172162,2.9413788042037345,0.5942078439886121,-0.020675718893350337,2.1409645652810796,0.4695752804589835,1.7812361026647512,0.7103903004817111,2.828227836901849,0.5653535348237577,0.43491702332474236,-2.978564841008703,0.3119213325048989,1.5437098286560085,2.0011848615904646,0.923686337208602,5.833508998269034,4.258078300269298
GLRGC0191,-4.492961331896106,-11.987002062836378,-5.54545723749495,-2.4765529948020513,3.0987062740843454,2.1696280994494783,-1.0021982073153421,-6.5275139966781195,-0.10615369110485898,3.5060408363624656,-0.6974367532197552,1.2067916472496856,2.901577585952361,1.1606423955653833,-0.6864246395985995,-0.2810778534960665,-1.039099020980394,-1.4980384026362472,0.11401863030764513,-1.4264127533168085,0.5353619278018111,1.7622884698950771,2.0543929387954196,0.42295667487477295,1.617815755456068,1.7909869628036807,1.3507109025978499,-4.708069759511261,-0.8611187067789156,0.80916506315179,-0.7844048847735463,0.8830481463109162,-0.496906272514283,0.021617539556705513,4.022864406054581,-2.0510204534050276,-1.8745246648613505,2.6758090251038866,-3.4368460401931213,1.2138898500071795,1.7546765459773388,-1.576943348839089,3.434076863189444,-0.25361852279622177,-0.2554021545992007,-0.18434514967929072,1.8637764107579744,2.223421918636578,2.41319031925315,-1.30285930530337,-0.128533632134399,-4.116424249542045,2.1585882564097045,0.20628983701409367,0.41363931015725947,3.8449880658019184,-3.600437833019032,1.2958696193731403,-0.3976375252980274,-1.828408823671674
GLRHD0380,-4.211080492144254,-8.01329468412676,3.285301940100352,-1.9262475952182443,2.5235696808554327,0.3691696748938907,-4.871201830651594,0.5918816701866275,-0.2177808392488267,-0.9168638649394565,1.6903696203912288,-0.20803541573816708,-0.6127060699995384,-1.7726307783433928,0.20383517520461936,2.015684311487082,-0.7121387087803474,3.2515442647091843,0.5888709640592213,-1.305663503984256,-0.10937595308609109,-1.3638795743185477,2.3440104963083006,-1.601734140372563,3.5792325133528737,-0.8037025392629845,2.7514629286413954,-1.4703009009117352,-1.0825385257508675,-0.7623094763094284,-1.3248362308699648,0.21768118091632113,-0.25219041433818423,-0.7657189026082526,-0.769616151549092,-0.5282085193581421,-2.6458759123534135,0.5326547387736493,-0.1406866666601208,1.437369843070991,-1.8664187474745748,1.8531882192164755,1.200183374986776,0.6359559882659388,0.664399682499821,-0.7092451752795788,0.10922727446530164,-0.8376662395519182,-0.6129446023559765,-1.2974636255582714,0.01095622813321438,-0.5809387718386037,1.0068239741645528,3.214378320819362,-0.9850724538895697,-0.6245445966678116,1.7453207032920164,0.8117673915086666,1.4159746347006346,0.23138447070639143
GLRGC0152,-21.304992934391723,-1.125214099251051,9.050890261884605,9.781986287806664,-2.4859169994233623,-2.6110693821853386,-3.020651975451985,2.573488780408472,-6.5600507675711786,2.971547377174843,-5.049350846304697,-3.7027372102837197,7.062689070439908,2.678453577689769,1.8413804965524407,-1.162267510130972,-4.105101195874012,2.1754871759899572,-1.7398473772671177,-0.7125610082724319,2.4208001370217955,5.143907183310323,-2.0868001052418093,5.104425121107492,-0.9073862333643434,7.395347420518918,2.279633543768528,4.772103616432168,-1.393570551857872,4.297000658238328,0.3251380762096243,-1.0440309126913927,4.298964194694318,-0.2522374882207931,1.364209166952407,2.165440025404021,-3.777639126118666,-3.0330892723670693,0.6493401590117421,0.08671541104353517,-1.4184623005643007,1.0116504787767553,1.8626034670550247,0.7706074296148838,-2.2521180037811352,-1.5002850680162143,0.8959293095958797,4.042872914987859,0.0932098816271777,1.4745153604114347,0.7497951579018832,-3.6239469224123324,5.322152430697211,-5.052121937798175,-1.6247743199290232,1.4089776084454277,-0.26570958629549274,-3.3584679766878924,1.9880334426726318,-0.07847942871512456
GLRGC0254,0.0877836513002664,-3.2528738920131324,0.3582380455454218,-2.491380582903629,-1.173526052798073,-1.693855982893629,1.0630347779465563,-2.9730099681840327,-0.9078571337294637,-1.8984608388101745,0.337481315771386,-0.2827114169812523,-0.37942013795107415,1.3261974010690323,-1.043230089046324,0.8830670030156955,0.1440756533268118,0.2953666765267075,3.5782731368383667,0.661327568361814,-1.5773623253726947,-0.14391203289487864,-3.058023708945322,3.6481274637908796,3.053935625058606,-1.139706983488678,-0.8344434102807561,-0.10344274291739326,-1.3217993122298008,-2.2591906040525274,0.408285506362033,0.5688365704464301,2.8127864738807835,-2.5479375201844143,-0.4748700385699753,0.7644666268372438,-4.160403369909137,1.5036660604697385,-4.37616036657825,-2.470459713751779,1.7158506405208518,0.2557802391422571,2.697029740797131,-1.2046407062638258,3.1710422382012373,-1.498573707591615,0.3491879762126473,2.3823677660442293,1.4795647481897398,-0.7384081114237532,1.644845036277904,2.4813426404713375,2.4637098152420127,0.5070326151131843,0.5614351505566584,-1.4654845366206672,0.2705551945092996,1.2123311536434571,-0.41188139728168965,-0.5382834685187787
GLRGC0188,-19.488197834599468,-12.501973008911257,-2.927177648456346,1.0117904235643933,0.7309649420490104,-2.818008850661183,0.5994447795051098,-3.5503174515550007,-1.4542039357351146,1.4025467151914486,-2.1764048726342917,0.14382841606078178,-0.9641989526541651,-1.828170726968802,-0.7555820440081682,-1.5788414531245287,-1.27063272454382,-0.36320290276048195,0.33091411895199796,-0.03941001762926839,-3.0153974755217186,0.7576884946696051,0.07754259937961848,0.6388563826764388,-1.4127485571341785,-0.03947172699150915,-0.02232330364592925,1.9692604896736152,1.3204846804592845,-0.8125061912406479,-0.39240276055519874,-1.57118451052803,-0.05375575602185291,0.5754007856275613,2.2714430941065773,0.1416887550494,-0.800785860507284,0.44618910957080754,-0.8578741124773569,-2.6687238768183885,1.8558813853131193,-1.1503335424797336,1.0489515036755117,-1.438657062490268,0.24024512971241194,1.0649371631980336,-2.9322952665494046,-0.6269022403357917,-0.5177863153505206,0.8792678966179884,-0.9607685873527989,-0.951272314149851,0.4417635068047373,2.2040039596889622,-2.044039695321715,-0.7839570640414235,-0.9173276826335871,-1.1705641939554208,-0.6543207913335914,-1.200409767460049
GLRGC0199,-24.198036584563194,1.4873405453231567,-0.8834745764461888,6.646535494266516,-1.6496631519528056,-4.468447996644296,0.9318672993244631,-0.540293796642971,-0.9144186375578006,-1.1833694884806405,1.5147761735548555,0.06978716207872682,-2.109466407059595,0.6794587727528597,-0.7076292972563305,0.6043830922483312,1.0121203397023413,-2.162975276592327,-1.4616837883478886,1.611668449201647,-1.2373614386442948,1.1834595626733684,-0.8387526230703006,1.3072456459263684,-1.6335006798494864,1.4401811141876266,0.03587488369465896,2.5730087806333484,-0.46904001575097937,1.09308646006788,-0.8008029940205442,-0.396154810334331,1.6001293002653165,1.3608124411700147,-1.1189490986947286,-1.005790094181072,0.9602746600024579,0.3959165660829943,-0.32736357534830124,-0.7954036570008228,-0.40495207831383195,-0.699548207989877,-0.4725740851256872,-0.3421356583884878,-0.09320273993933423,0.2766901877467186,-0.6547904991633461,0.9117806044991172,2.040814534598103,1.4460042401742903,-0.9600588676698547,-0.5736596426912685,-1.2978693715596719,0.8661494674509441,-0.7156191731908498,0.5787959674125416,0.19057355464621872,-1.6747761220987825,0.45014186040551973,1.956745458093068
GLRHD0827,24.80968706684915,-5.288131951201608,0.395398544107526,-0.6137017494123864,5.504892349851727,1.0372877127039206,-3.6800277923445126,-2.270597753830277,-0.37170038020943563,-2.9177494217961133,0.05676949204626032,0.3790376766970114,1.5604288464268468,-2.203829256120569,2.2167978596257383,2.972838815695257,-3.3753218929124236,-0.8742846251149444,-3.3826813184503655,-1.2879316421176488,-1.7840266926424815,1.593250779297715,1.470612397449876,1.3895994434207617,0.7816709889630986,-0.9373374063992952,-0.2540799787381267,-1.3433338274248123,0.21640565062286307,-0.6851069248605398,1.0195276985686224,1.521037572073023,1.242897445393136,3.199251020850432,1.616302487216233,-0.3608698686379427,0.5563181494739131,0.7915985115264742,0.5857834831023332,0.7251510930267866,0.7773817779783099,-1.4421146972304426,2.8686448335935295,1.186713148980421,-1.8731648690792937,0.3544837868364841,0.7609884646109698,-1.2286841695365758,-2.556239675599192,1.23734212058932,0.4823737993972413,-2.805093170331458,1.4936072839474774,-1.1973999745702535,1.7439543992251052,-1.5174422252618116,-0.9490379962927389,2.2130959565276322,-1.9650661827864009,-3.211648268432078
GLRGC0158,11.500199623955039,-5.0674489247749985,1.642499289598656,-1.0884689159083074,2.223662160725444,1.2931588822645397,-0.20191837583259434,-2.1718444268719757,1.6732098959331165,3.8221291329755314,-0.5560114906031401,-0.15475739638092223,0.48114180731020234,0.35104207436304957,0.44102919610922076,-1.6524915234238562,0.4928522814411263,0.09832868143211328,-1.3901533613289367,-1.1876344880839496,-0.22500246231294788,0.05990406509598716,-0.9736827775896405,-0.0344581266961682,0.22179817566449533,-1.258467119310806,2.856457464874827,0.14566540998376662,-1.0187376787938263,-0.31742005206794677,0.13774429952827055,-1.5802863574306565,0.8440449199715239,-0.7803820524460603,0.04218737319906126,-2.9654832197940526,-1.6159765973973588,0.7599885808401271,0.199932521436207,2.09531944237344,-1.2012132057566953,0.3283422999046905,0.42411866494699546,-0.6502232898183965,0.48708816796802934,0.35624185454604923,0.17948614169782334,1.7311303060971333,0.3311039426912057,2.470798275209339,-1.0558360021048878,0.3404676699610572,-0.26071696800212824,-0.807947507318879,-0.04785607898525435,0.00258874006252976,-1.9041457104216952,1.0566529632173514,1.113002135612348,-1.3090359838276107
GLRHD0718,-35.32594899920334,-1.584909172338867,-6.572470387676369,-1.6180235301611874,-1.5315523928444454,-3.1737914726572254,-0.4807506009786656,3.230356666500804,-1.0844481346371053,-1.3644230552607106,-0.034991162123477686,3.3803236721186916,-1.5039591646188843,-0.24281158139621353,2.540388427124889,1.6230006037094513,1.224237578704352,-1.3277928265100711,-0.07132511917262362,-1.1903437068019924,0.06876202838680405,1.0867957343003067,0.16501494602610173,0.4328064400897657,1.166395666012508,2.7394876226281184,-0.18136083112980983,0.3753668032716038,-0.5348237225009986,0.19795953948477157,0.041616931691174905,-0.7718113393397806,1.296588071120316,-1.1126236236664153,0.08400592874491042,-2.6527680777249074,-3.0236063860511333,-0.6427874572813268,2.2298016272469336,-2.975607587664488,0.895085107374768,-0.8418572011787736,1.2105276737144361,0.00025872536446772403,0.23697856026329242,0.8835921259529043,1.5328225715931212,-0.2576662874466292,-0.6270319171778719,-0.36328359431410645,-0.8298203669546576,1.4047180876330334,-0.2437853050930947,2.056422545969753,2.3734695396945766,-0.5138485044749144,-0.07758644738403764,2.2084418985397036,0.7092287077126537,-0.9759792337150116
GLRHD0779,-10.480275854173131,7.674477033135981,-6.136288941506606,-4.186064507679468,6.685071321453472,-1.506467545843428,2.811945218787034,-1.9218742567066847,2.7590841917356963,-0.5589422818486567,-2.918148348462819,0.8290272777179801,1.50904657164772,1.3667048513432951,0.41833794891787746,-0.2841472060646097,1.0281927516558178,-0.3790368451627673,-0.31970977446372467,-1.3159773158298873,-1.7817326845787507,1.2550413249075667,0.7658372036743919,-0.251434798057121,0.23531741095547185,2.1052417702889157,0.5136752813570389,1.0799234539231686,-0.6545850684748852,-1.6637953140499593,-1.7617774094957868,1.833986515990948,-0.9267831227521758,-2.6646551126338482,-0.5551127578598568,1.6969236090488589,-0.010472748969778938,-1.4150238901445242,0.3683173346941697,-0.33608942802524583,-0.3126967234657198,-2.160802715724089,0.5527627209393057,1.2817796089325766,0.6614911209542801,-1.4331843770632098,-1.3497633056328004,1.2789138998159566,-1.8733190978539243,-3.001272472252597,1.8355081364398003,2.2939398208793724,0.9746264381634294,1.0935340421720738,0.2768395902047931,-1.2562169215375738,1.5448436955075326,-0.8373631109338541,0.02406339085807177,-0.07279363758678967
GLRGC0083,-26.879708198040653,6.6361746231642815,-0.07559628357998184,3.798118927508409,-2.210034496110227,-0.18430772968843995,-1.7394621428363093,-0.6715484614776012,-1.2622567860380456,-0.7197304089642609,0.12227992006356746,-2.4345330186800993,-1.3131591183581677,-1.4090803326797288,0.3339004105311808,-1.1248384437255905,-0.7302579737795993,-2.113804064070609,-1.1730475815664478,0.7686574645299168,0.11225732045856503,3.0017815311364595,-1.117932449409157,4.423218022955807,-0.46969166399652096,2.254493550586391,2.0658252483908526,0.9788994291141999,0.994129456333167,1.7988746676267795,-0.6032696303227836,-1.4377268995357524,-0.848156443652003,3.5579409584582167,0.8241834056159183,-2.5978670804284962,-1.1163544946125354,-3.906421395835386,-1.5389047169322205,-0.32467426276679023,-0.8800026945734273,0.4776676546038003,-1.4922067784939803,0.7521625365451071,0.5097407427882258,0.7852861968273519,-3.99812973995122,-1.2607208068007147,2.173973119212463,1.493349768305338,0.07143551937544954,1.9657524214657636,0.9615618108901067,-1.982726219601529,0.3456162762939547,-0.30391157761946863,-1.7094644848713354,0.9138516950849092,0.1294632126474669,4.301233714770027
GLRGC0004,-0.3489605238852512,5.823542560688284,1.9830489086249092,3.64953208943318,-3.0388106174263396,-1.1103380645268133,-0.14682139184203932,5.04470548556552,1.0033214878738688,0.6077966628365596,1.278501569638779,0.06615829075945943,-3.491080563752396,-1.0757989454069827,0.8005541293570564,-0.49355047177815903,0.42162485570708275,-1.182615498835101,0.05774160525440589,0.6956229178735825,1.7971530034098373,-1.0665459002679494,0.3090893992889849,-0.3834105436260286,0.3253465936190791,1.801311969255578,-0.5962044734050396,0.8904584299728644,-0.2824632324667812,1.4920835469698142,0.9348097534967874,-0.9548010503515696,0.4527238608822898,-0.3195728863996706,-1.6823034507466372,-0.06323524360186926,1.6427849026390842,0.23726283810847618,-0.2626439590800982,-0.016860847466934687,-0.6799433689006303,-0.07143918401551316,-1.6448324971511648,-1.4271879234241678,0.1710804249660785,1.3826498983276605,-1.2876693976073723,0.4973067858565323,-1.864722827674934,-0.5815249131242441,1.461070470171556,-2.1438314783749113,1.0596686583296981,-0.888404280714311,-1.5767572612889278,0.1426218923135428,0.9980903845313186,-1.3666938413388021,-0.5170780572501377,-1.0500667533735166
GLRHD0574,1.1249181101696126,-4.642068360920763,-3.8090576067293522,1.911797135907762,-5.517959068093218,-2.707437263188147,-1.0735436699582046,2.323116765088299,-0.08015531447207193,-1.0749373780110771,1.38359796125735,0.9433192326265902,0.9097812927209903,1.1880064456154371,0.1845222006786564,0.8431705700654549,-0.057807506527691004,1.2703617827709388,1.4856627861752147,1.5105677644655355,-1.2415306800616073,-0.9712050349444569,0.2397969826545518,-1.210239524757898,1.1718177099694354,-1.3342916911562326,1.2452240194897692,-1.230426244072951,-0.7675208839503983,1.016995979033715,1.8132387732449384,-0.7761964056211952,2.6048220611468045,-1.0400881873776249,0.31694995773895746,1.6686487467722577,-0.5875549483576764,1.7430404879524428,0.5871585709673214,-0.1825573819236776,-1.469769071175569,0.054408644336636794,-1.8232190263654937,1.8331542545087853,0.2934674424296262,-0.6601503447262251,-1.3978211313486502,-0.905558063671849,0.7637104228939953,3.791744418116135,-0.3922415170151695,-0.5554664573822495,2.208950134572781,0.28130245988478986,0.19970695364175228,-2.312008166890823,0.008784627576973528,0.23297846474182643,-1.7037797375761219,-0.1430817829130437
GLRHD0771,-16.021733060829998,0.8259912930917145,5.730324150532518,3.548143029056419,8.513270622390186,1.5173124647990903,2.2659834721931436,-0.5511880961783651,-0.21444445073786542,2.4478974863543486,2.0103946428764643,-2.4430042819296585,-0.4523604057578976,-0.43724478281324863,-0.8789232224172037,2.6811862226235363,1.3171380589827524,4.695762262904549,-1.0942968336834844,1.4233726456085656,0.2592862758002235,0.05820098493925145,-0.07930075599786045,-3.5128096722425286,0.32461513135141,-2.124385329992614,3.9432428163518267,1.1188549393904546,-0.9608432165296835,0.36807118429108826,-0.8666849756066162,0.6085787462291894,2.6272585288106085,1.7026468129537289,3.30880998031972,3.698964789509959,-3.201253247002539,3.6285512062090333,-2.3719049385975963,0.3263826353176002,0.05236319176775494,1.6991696858680967,1.3022418866468897,-0.29660939231285227,-0.5573980526639872,1.3406326326237703,0.9686047398106177,1.2544310117967963,-0.941423304860264,1.390382709942556,3.2639304782631826,0.4036604575328874,1.936079673312188,1.6062454390380156,1.671292584743021,0.6498216493154992,4.607099373362703,-2.0202557361247027,1.4554769757857684,-3.3875971575878316
GLRGC0317,8.043362028893268,8.072510123931444,4.999344191135663,-3.0064519849407034,-1.7684660735560407,-1.6935120590363266,0.6717495110583906,3.6180237707577936,1.863238666111242,1.4818176946092736,-3.402131356987007,-0.6627979337170591,-0.6071068825329975,-2.714895127241089,-0.41384615265326535,-0.5094526050014938,1.1984987447373707,1.6864320550013392,-0.5614312941914358,-1.4149543559046984,-0.3232370169420037,3.8433153577175028,-0.3943183177006167,-2.72142471383347,-1.2699667168526574,0.17167485152431336,0.1303960772499827,-2.703418200520393,0.20466421673586263,1.803263047671319,-0.3513592503488533,1.4576311209217552,-0.5756865134504525,-0.5036886113075625,-0.457487143864255,-0.6937625112934438,0.10820554134404671,-1.986489888553342,-0.17021721620578814,-2.004574707845671,-0.1513465598330827,-1.6116234034640449,0.4902116550358265,-0.2470674147585393,0.6428126629139833,-0.6994002502420489,-1.2907863891555609,0.013687029285681671,-1.147702089141573,-0.5360540108802974,-0.39117565000628496,-1.877971903790545,-0.16389502440576467,-2.3262451513023064,0.4131528643675345,-2.1456538789234703,-1.1826926799229174,-0.37616277876824267,0.9449054051425936,0.23954307258779717
GLRHD0800,-7.670830978640435,-0.4427166532031722,4.241438844747091,11.90357445030007,-0.48036670760566863,-1.0640556402288373,-4.02495515265835,-3.389491716429898,1.4745353506442715,2.8557225913180546,0.302802962974877,0.17787564601748565,-0.5143837849915033,1.0406165517203074,-0.7804451733306842,-2.4803468786704483,0.4527602743030111,-0.5647324084028061,4.756099973550497,0.10994367990537705,-1.1800195689447501,-3.8206138678057564,1.0905638229287151,-0.9578000420554457,-3.0781190303311208,-3.5826880295370755,0.7352125869601192,0.4400009146529923,0.3875519417919912,0.7350284237331111,2.749708406242833,-1.6979406358844067,1.9087788994385861,0.29253750658101224,-1.2797840326160292,0.3188548523500379,-3.2045419433351725,0.588971913214022,-4.577298243660955,0.21062385728894473,-1.8045090742511738,-1.4316966067292023,-3.852716243251942,-0.13536688244739217,0.4724082773538763,1.395648400092072,-0.8461315097070207,-1.5916985263309935,0.777098476935534,0.4292595569743761,-0.12259859647393524,-2.333018563320478,-0.04270757954994699,-0.2841447324197761,1.1882950318651537,-0.012008497910715,-2.73151187801725,-0.06783699387025162,-1.2127797382265266,1.775808257873885
GLRHD0768,11.969026707661659,4.464423550867875,-4.805872450072413,-4.255798903770393,4.40411973290419,-2.172345029525813,0.3807855512112943,1.7353121962871962,-0.4213865360583546,0.6162129653107883,4.610142720662351,1.4275419640851579,2.701278604777096,-1.1595431844665351,-0.002444530210361,0.9430426851357872,0.6465148168898358,2.2257159517499687,-2.481097682777978,0.2530659410901063,-3.4146991109333706,-0.18394845586882147,2.452527323105755,-2.3037285301821058,2.492297641634791,0.9378295085406193,-4.254122411349817,1.7181030278642673,-0.935895117827392,-1.9771932792631775,-2.080496842998657,1.0055436138159195,-3.4366462312269115,0.2819789806729836,-2.551058084823739,0.3142059972421293,0.278978987783417,-0.36455651543526923,-0.009785779806346978,-3.4464981878988614,-2.9994502155584124,1.3994742833573186,-0.01772461002294995,3.7919703245787724,-2.791311876050133,-1.4470767311434884,-1.9015792475467903,-0.18754794004048994,1.0895998013136956,1.9476525342948674,0.18293976737972215,-1.4140626447216216,-0.3481704113811067,-0.4947844604883804,1.1151445202314612,0.7027619273288935,-0.8901785461471291,-2.5670166473989604,-2.511670876025701,2.1674350264896103
GLRHD0690,-5.046385153002688,1.9880611009773184,-0.484463634541442,5.769472382631402,6.674913105325274,-1.6191771213411201,3.5827942797295944,1.5896797193931258,2.5336550788057903,0.5276871539034923,-0.03917894677698859,0.3568632612550816,-0.8162005312556504,-0.2513288065984588,0.039506435120919406,0.3479575589900721,1.096878586249732,1.3713790866847064,1.0946212770579897,-1.4429832171603973,0.07415857131501155,-1.5628335575705123,0.14816875989427195,-0.5591872540245737,1.6589318889935987,-0.8543260331053063,1.828513808387044,-0.3027766097371356,0.45263763440278093,1.5030376615914263,0.12224084532591867,1.3635891854436286,0.2573741974616466,-0.8886459249678957,0.41508364878053744,-1.9516920967113442,-0.1153137001427054,1.7777214811648812,0.4853083645879464,-1.4417028416601296,-1.6208170234152544,-0.8103669407747982,2.1032552595147456,2.042808300233854,-0.7493869118808468,0.13071059496032458,-0.046895389076208736,2.2682613501159388,1.496866599300509,-0.8378807191579474,-1.0701169018614296,-0.5151400035638574,-0.2445379292289631,0.10592397761479531,-0.32419304003334143,0.46526078283429007,-0.1279801462636429,0.5015697750143747,-0.32851511559810276,1.8149650400330082
GLRGC0432,-9.134918519553406,-1.2035531920924027,-1.9544624855641681,-1.589865658115308,2.604222006145454,3.211314445388618,1.2018155827584318,3.060907834514232,1.5082752431354445,2.7915281443844546,-1.9888097323767608,-1.5885098537467879,1.162469843886595,0.24158816847639866,0.16781321363756546,-1.9529736857436613,0.6382615925724234,-0.8727360054128335,0.614455280130729,-0.3938969424362023,0.6958676634147296,-0.3590152400010638,-1.004504559800336,-2.104836429967968,-0.018178835670578854,-0.3699545297659409,0.24807644413053456,-0.35192299583048736,0.13613236612729518,0.8574647457003644,-0.8871871140121896,3.2608499389224868,0.5629077978075384,0.8479679428361991,0.793524456183039,1.1225014344320963,1.729628895294762,1.1004678677462478,1.5084079259806322,-1.6979625065941766,-0.6912982747543291,1.3885539259758366,0.09189196213199724,1.6721147808524353,0.4176840455374855,-0.46333193060812217,0.7788808433593427,-0.3394524860609655,0.6931724609845704,-0.2958441657347886,1.410046995279243,-1.1032618408984174,-0.8752815691300382,-1.1173121211410284,1.5129465377893394,-1.637206373495118,-1.7683573719022418,-0.0051908203235341566,2.578783942526958,2.5547709883518532
GLRHD0612,10.26583018871978,-14.095519485073568,-8.887702157148821,-2.41311782554427,0.45205814025039215,-3.9198308277136285,-4.661040503630159,-3.341729903824857,-1.1749762046357723,3.7853513639898977,0.6105092962894225,1.0302155832973465,-0.042823264289496114,0.9480329915697884,2.9661802563695794,-3.212457899965782,0.6305324503125507,1.5102650008377148,0.7115269517504527,0.5997698434986927,1.063748126572768,0.9737188513562629,0.13204595512231276,0.0696841877558019,2.1165124513234064,-0.44943298155988665,0.3521416890193435,-1.4007082037047534,2.538666136826746,-0.9872128910629756,0.02180825689263263,1.4540833905420032,-0.7682419160065952,0.9776769845164603,0.9922782467747948,-0.9020020571810085,-0.9225715359350163,-1.0043097635427032,-1.352342759998607,0.6980426653741497,0.6383371380862153,-0.42633621210592226,-1.6157798821869356,1.2103398790645823,-0.8493631421790763,-1.3341215469574845,-0.0026023790152171445,-1.6219698951974415,-0.3999364881042275,1.2141909089338239,1.4722304943661755,-1.2861433001508564,0.118640662738132,2.6216001122768273,3.64277464911273,-0.10178789919943393,-0.7666177628689265,0.8024715443884721,-1.3007046241866427,2.5709821157143264
GLRGC0278,-9.280046418245217,12.739801841948646,-3.603079181530214,1.151397383964312,4.270854379226378,1.2947397750122904,-1.5524710049619468,0.1367920745905086,-0.828068642550878,0.850307416037207,2.020182697813298,0.6091722463902602,-0.2640939942702642,-1.3516890066716594,-0.2505775396614871,-0.4521695251906331,0.916887034849903,-0.693500325491198,2.1964168727181144,0.7932095421147529,0.4129586787588332,-0.8864327446275964,-1.1491260677633646,-0.815243376056014,-0.47297207055847695,-2.1831186342443876,1.1255101709167918,1.1288829049496907,0.02299090757441349,0.9565124414162436,1.4293172122595224,-0.12665911884579747,-2.185583598159175,-2.114393088892154,-0.050674227343303416,-0.36281681079040823,-1.0662695216903966,-1.0625149413207344,-1.525555257449319,-0.7711528135736725,1.851609562780614,-1.8209690746851566,0.7051619790105246,1.3255393218182594,-2.321562588084489,-0.2007952774527451,-0.5059781681421128,-0.23209190020438097,-2.517115310568634,-1.4569604691218967,2.9543818265935107,2.3869292303020835,0.47090309085399623,1.069241888295132,-1.2504272580608422,1.1601257885639977,-0.9876420731237442,-0.626502068411637,0.7014315098569938,-0.2816104660201999
GLRGC0351,-5.738356059021991,20.5598160860052,2.804445293634218,0.09264844451781339,4.884573662923376,2.891809101018179,-1.8570210666696914,-2.0592871119774876,-1.2915410122115596,1.7651763618857486,-1.8522988550958448,-2.9875180958953815,0.8209564830313041,3.3268256864729366,-2.720910357552675,-0.38944422639664356,1.5250034022100112,-3.261571041589125,3.576099468722628,1.6423566197134625,0.3867904028324397,-0.7626493978504394,1.5768832156417938,1.4782664419767981,0.6012131918261534,2.9881201762889855,3.527476964864127,-0.06788852262761849,0.8979427972868881,0.7105625184132282,-2.2287021754006915,-1.6882802880420407,0.7544886465079733,1.4041788059731997,3.05863596159151,1.062618058908468,1.6235567351954023,1.867796093351553,-1.4259191231682413,2.861603713705769,-0.6868681551366903,-3.719595559565369,1.9374068747046584,-0.782930569527251,2.04270107162421,0.00417955163034871,-2.5115981403608187,1.7101691215165638,-0.004285309149784347,3.0595545732050446,-2.32834654097187,1.16586644099354,-3.31608015229597,1.1991272824887083,3.54331589119562,2.2925006452805206,2.5907101524575737,2.2085217293993047,-0.5714617194192634,-0.16654117815729716
GLRGC0427,-17.180760812802944,0.18356599711396565,1.6440025491171948,-1.8745287440237304,-1.49485570337005,3.0598302902424193,-0.5661816107438047,-1.269975734207094,1.163215406844939,2.9806699731803246,1.0393592972231693,-2.633739157434139,-0.5937236263624258,-2.1623928433486443,-1.1023353952532848,2.2904569798772227,0.5458383910305954,1.2792577051450325,-0.3093579221724749,0.21580036392080099,-0.8811783731432636,-0.5930109419233324,-0.07033389373226394,-2.438933002811576,1.2857492126024477,0.3829431466569799,1.3533001735288674,0.5454996239307457,-2.3452250462664175,1.520281812166355,0.11321789119557314,-1.2743227342516275,1.346945379365639,1.7427541319943662,-0.24763993972802467,-0.3210644838653182,-0.7962892528612595,1.5933307320391645,1.2148135393034543,-0.48125274009862434,-0.3073205986651883,-0.6312884824777594,0.14946925448212467,0.44616389257129746,-0.28831097536986305,1.318415622041071,-1.1738653634574048,-0.0643740177455725,0.3306892280394893,-0.6520787136134254,0.20797469040434508,-0.21616866301079557,0.12350582263955723,-0.8900571214191834,-1.319784747810106,-0.21657599413089287,-0.7975861860314077,-0.5586770417130399,-1.5903763658269923,0.45935189875103993
GLRHD0726,19.399370043379538,-5.880841128538068,7.547731677271686,-0.8184712280129254,6.548468428454546,1.2353656982111845,-5.997508434220198,-3.078090883752714,-0.17126969796960748,-2.8606254820439414,0.7950754177190343,-0.6745529403326436,0.1887421819394749,-1.130981500087797,-2.1799792681376347,0.4321435693368295,-0.33059383504997647,-0.1955693278538044,-0.14125904470581127,2.175990213659558,-0.5732679821863944,2.2951088012161853,-0.07963575125026533,0.634612576108233,-2.6205055194087365,1.5411413105043394,2.7446619803383228,-1.6778987643055039,-0.8195295686427341,1.7141541401516767,1.0801372466807,-0.8717311456261009,0.7901751894534905,-3.4176972847695803,-1.4569196123401293,4.443696943811882,1.4654693335872562,-2.1642900586325,0.5529501455518515,0.11732528212812644,-1.7490527989065103,3.2680611802857524,0.2263715394346374,0.22174100483470502,-1.247522321309604,3.374516488036359,-1.514983298900872,-0.549968051035785,0.5214195295828766,-0.34867829437570397,-3.012363551804416,1.3154909226283353,0.7679065522898624,-1.488316795610354,-2.0269220537827333,-0.32409491144737956,1.932652878254549,1.5910479899420944,1.7101694949982074,-1.4245829413679656
GLRGC0144,-27.985966126093757,7.578623313671276,2.954149047864118,-0.042608069016586585,5.28446289286175,2.556375886530457,-0.5156956064330078,0.7973964195567702,-1.746961165159498,-0.7817926296082179,0.5397186176059178,-0.14438106909475065,-4.037620679178855,-2.1732862393473176,-1.9354382124055318,-0.2544810147253644,0.30770640365822854,0.8483770540287117,0.45197596598269296,-1.987208192103125,-1.1581790754048389,-0.9920846487913632,2.6141058094666128,-0.6569937262072132,-0.20637227254215482,0.44003335012460154,-0.08408060554672378,1.7836933839870774,0.7218756527037161,-0.22074112348014352,-0.23072895729806728,-0.9755237740728621,0.27737428436076056,-1.5354883139037754,0.9964755036980771,-0.16007948409255976,-2.0260468782966607,0.13576069541093835,-0.06766239567036918,0.4986556912362303,0.5491931143385675,0.18278072547708712,-0.16149878166209636,-0.14365373652805905,-0.47145676771018946,1.3034087916959924,-1.1200024741115082,-0.8208356494837763,-1.9153289234820077,-0.3820133953125572,-2.778715486963279,-1.539452196218139,1.6167502922527985,-0.11969145136913467,0.7774555080024572,1.3545583966750865,-0.7141306134465499,0.7022463870263883,0.0038966436893220976,-0.2177088105341929
GLRHD0750,13.650939787593693,8.56003422507147,-2.46434718074509,0.05644312840024579,5.319499438098316,-1.8234405622159136,1.4149208965342404,0.6622802738286012,0.6857297018192277,0.5158010752437957,0.48335723815614723,0.7091942206168691,0.6196181458040194,-1.3405443493255114,-0.3266706084052116,0.705450142974834,2.6031516546693054,-1.9028181604740602,0.6298015003367112,-0.5444890584798475,0.5738415087853908,0.07883918115670555,-0.14368764937202289,0.655879209372376,-1.0346710843982525,1.4254493081361062,-1.2505769874976451,2.457688526878027,-0.6662311956156483,0.6728895018299456,-0.6672158780825685,1.0073993689070002,0.6474187611217374,-1.7310604364210898,-0.12883843598503839,-1.5245045064694247,-4.40544945611341,-2.8156982930415593,-1.647478725135066,2.402457995650724,0.47595346920920506,-1.4652857816453588,4.191094646967361,-0.7055216600584071,2.9762882017476904,-3.1983505157354974,1.6892283378866044,-0.705102281570294,-0.30497719639712284,-3.625956297667454,1.4467020044353351,-0.8438645187424587,-1.7773761405836084,1.052722442886743,-0.014914059083575794,-1.44996137678057,-0.3899325950442265,0.5323878645831447,-0.5769925553045256,-2.0948756892040423
GLRGC0157,3.778388966269559,-9.314746536881028,-2.9137488873762236,-1.0128877644839753,0.2930593882690934,-2.1915462835605433,0.27549952950133627,-1.794398699543858,1.4824474072543001,0.17501098688855118,-2.12245523264062,0.27546367546376516,-0.1690634916274901,-1.1971947187507102,-2.019690319880898,2.0380794831178104,0.28747716647596444,-0.525314157154513,0.8624846132201096,-0.44736942256657797,-0.6807129363820756,0.5533674016121118,-1.6695059211656744,-0.6302584462486908,-0.6616171663263852,-2.0068495550076664,0.7139278391811238,-0.46426979662870066,-0.6422851395813548,-0.6707210227461373,0.5368946111486105,-0.7726154533845772,0.5862363844054028,1.2273600162404608,0.7626171359345256,0.3539828425426876,-0.13076826263949962,0.8187456552271581,1.4245684784796868,0.30379833437812903,-0.5715145538531947,-0.6274128495292356,-0.8737116445484746,-0.02233803315580419,1.6836313634791595,0.5816639600640381,1.3186733977582719,-1.8259180474630852,1.909595228589313,0.8896677305745577,0.5464342575411886,-1.7195776296125398,-0.7318579948000498,-0.2999353176354143,0.11625725701177772,-0.46781759346645035,0.42365470346673434,0.9018413194034973,0.967026930909638,-0.8588212740538264
GLRGC0040,-22.511469184886337,7.012019326641243,-1.4858704000104406,1.007280321875488,1.2851967609295076,1.6054748224194182,0.09984556194359989,-2.730519250909291,-0.3207412433105658,3.041968887338317,1.6353085809104193,1.6886150579448855,-2.315356825331226,-0.1658082760217241,-0.4139212384788196,0.017262337833455276,-1.8824548952379347,-0.9787029297024049,0.19951597434083834,1.7338934954403482,1.382304031784326,-2.061164753448067,-0.643876202739379,-0.05456334641337828,0.810543466155245,0.6365662010417872,-0.9566786631804851,-0.33726769470306234,-1.1771660984840941,-1.1315022317808956,-1.4926581510779628,-0.7522357314386595,1.182836358000039,2.2213950271421834,0.4590994658962239,-1.8386053815460592,0.3882077480369992,-2.0553890617772885,0.8111696657863579,0.6879243494903136,-0.22293235371228126,-0.771340946010127,1.922994905438831,-0.531452921362209,-1.0276711483621999,0.6412272852406546,0.005409975373037454,-0.09765285414057397,0.38318320168577147,-0.382978867638989,-0.10811089878700375,0.5342539284685318,-0.4270346932821678,0.07400922503806526,-1.7593519150941352,-0.28610036831401997,3.6897381428695497,-1.921648594911384,0.22087876816999713,-0.11348111828083117
GLRHD0106,17.160116611584044,-3.6755249291087777,0.03031673696115131,-3.5277617573964264,3.39700079671811,-3.106683616117333,-2.867204797378698,1.9329821486198482,2.6123271831727295,1.8168061260936992,-1.9629437612051759,-1.5839501659500363,2.177145548144501,1.0005534813611991,1.7763585344707336,-1.1618730825706198,-0.9514816065073671,-2.46163299507707,-3.1281146958408064,1.489058994092543,-1.312500860080805,-1.054084731613111,0.847736733012279,-0.7758723712817839,2.334088891557864,0.022115065656182153,1.014084391522128,-1.5991380014334886,-1.4014443399804708,0.061778770767205296,-1.3257925140196112,-0.5287117344892895,-1.5919949644675222,-0.2997872655886627,-0.5661083164380621,0.7714111298562129,2.2040564306892674,0.7875672812299848,-0.06160669034362699,-0.7966192321249295,0.9154481699603976,-1.3667357093249406,0.20852827962594797,-0.7720424367952908,2.4132525055710596,0.9681143838334366,-2.3984915607564647,4.059356134468358,0.47231249933901615,-0.4769259147775099,0.03243290968933253,-2.696847474084685,-3.4762398227735027,-2.23270422150696,1.0852860156637882,0.9098392112497257,-1.5082503859423069,1.6565257998213776,-1.5735260106518065,0.5084476984262736
GLRGC0250,-34.394888430174944,-8.789166657217452,-4.936859958049975,-5.442716351134735,0.1698334478359912,12.588177879059428,3.2586888179506204,-3.824286461824126,0.19965540264472276,0.6712154827649764,-1.8762764501179428,-3.8936171289912007,0.29741600467127294,-0.5941656252615808,-1.4105106356323063,-0.652035148121751,3.2744426548349503,1.8944433314327616,0.29437776585143777,-0.16528624525274396,3.0747234042279183,0.8149692094255332,-0.08593236812002002,0.8020568607081523,-0.3077579281224716,0.29273105781499964,3.178957968486376,-1.8493019981597048,0.9979843138646786,-2.2561334621144233,-1.395361378086031,0.6627397613064355,0.020153000149999666,-1.2618282482322711,0.5978141122364586,0.7025956246064736,0.5497997186737187,0.6648943673891412,-0.49708742620526547,-1.071059652183285,-0.2901321753220581,-1.7051768725600953,-0.23694862593169388,1.7685606729651469,-0.3082631812765186,-0.4926279470022334,1.0976455208278155,-0.5859392427171677,-0.08727936266906534,0.7019369777016058,0.6738326619758787,-0.388108448825111,0.8993293001157185,2.2970605616116067,1.7589016857473494,-0.9323298900967967,-0.06531353551478807,-1.10874494015658,-0.19407266071681506,-1.283834588943545
GLRGC0234,5.804251419078362,5.994126154605,0.19157303445185342,-1.829863678811462,-5.088195846467037,1.836550519670737,0.04848587737653204,-0.2878558001655165,1.1095555873572116,-0.4787942376721864,-0.03927643919259715,0.9542569062237205,0.7210290108814421,-2.473463385404153,-0.4001161729110678,1.6911609636755451,-1.4336424832869978,-0.8125801656855803,-0.8812557836681798,-0.03839291682207521,-1.7848066669124771,-1.3119932475883462,0.5617362016655939,-1.4281573394324352,-2.4049433326724645,-0.9634748428012228,-0.9603431888294024,1.1555524405431439,0.9380972671884201,0.8636904219196084,1.2108645732490517,-1.729862475604332,1.8295569813116583,0.1832735130973522,1.0494164728503457,0.6867139409684323,0.49431095707731393,-0.7089323500459919,-0.8742755239544032,2.0097411361291124,-3.138795067732713,-1.975198459258506,-1.8258751564227846,0.9663058970318664,0.5441482784248362,-2.257792738287049,0.04588264521947989,0.9620125807630981,1.8929654897253148,-0.3879636950149771,-0.06001232069842719,-2.3740028774295916,-1.1544821148071376,0.8523120546228679,-1.7512733793601367,1.1388696650907257,-1.0905386923534213,3.034127594410993,-1.066088161937996,2.1361799009773503
GLRHD0114,-21.99533500934607,-2.784299807942548,-0.058395698913996326,0.6715923421682002,-3.6163962899210027,-3.3932092688960327,-1.071979472970743,2.4066460597214725,0.25470704710990943,-2.3912687242315878,-0.559262118984027,0.8495393927374278,2.259083147723448,-0.9487610597371404,-1.1462433427248466,2.2069808156040582,0.14737831854124858,0.49343029655868526,3.3650559651004217,-1.7444034516110931,-0.0013466894842377906,0.8272323694671361,1.9465747813716232,0.9500953220594417,0.5355744475287016,2.4316929680344126,-0.7932251509063614,2.80130329005668,2.8047495387601162,-0.7667547955017215,1.0921360327463507,0.4558440770238757,-1.0959902250978488,1.7392910086094828,-0.17213762492208817,3.141234860174771,1.6486536832645784,1.3083550537323816,0.9449056652382328,2.4975942283091794,0.6229456285324022,3.6063917933148013,0.1461698057116416,-1.8864767494060093,-0.8816745939568894,1.2158084381990255,2.3568644027407104,-1.1021102678483887,-2.7496887848592286,-2.2899509804717657,4.5346468836813845,0.5972137877759865,-1.7987035013205328,-1.1671748844769505,-1.469351685826594,-2.3301513230660116,-0.029680653222974005,1.4704971519711325,-0.15709228510814252,-0.2949201467688743
GLRGC0375,-28.167110280148336,-9.3713839146566,-4.946898114809044,0.276329961047162,-0.6911237577560881,8.663795723422597,-2.3731004799363657,-4.255957077677081,-0.8180743445114472,-1.0351162731623353,0.8312628453089055,4.55649007277772,1.2421155266850923,-9.197597154031625,1.4729804360603465,0.43749613734580206,6.022977696194581,0.06650987569561662,-7.024923005712431,-3.4035295714543596,5.752037634709758,4.947693111471108,-8.77609971314984,0.4862837059529157,0.906198357852451,2.4473407775204374,-1.7734506419339964,-1.0280711482990699,1.3028213068866985,2.4600716733216106,4.257958364976661,4.7738386978051235,-1.1925410049631318,-4.255205840818348,-0.2902651524051577,7.150150936034082,-3.2469684416023683,7.247671488933392,5.706135198888145,2.401088296703705,-0.05435938821673423,0.8474119653909732,1.087328328835907,3.4736164483256453,1.361861062604735,1.3010730878157617,2.510084604455564,0.19563454221444998,2.88025813247655,0.7201883072303921,-0.14804555533745437,0.526134803489603,-2.966563924315554,1.808689526825561,-0.37713510445157583,2.0839223481774183,-3.7281086598647013,-2.4467107074789434,-3.1995689221919643,-0.6894050734489872
GLRGC0142,-13.994637910368636,-4.894735413335561,-10.100938922346037,-1.919091001790916,-2.102283482297455,2.563088701291495,-2.5383575050781757,-2.783089612121559,1.1219109670290766,1.8853321191948595,-2.500228693896172,1.154930853101711,-0.4445343903341363,1.6545600665201181,3.1351626204080225,-2.815308359581812,-1.3227365204015211,0.05692104120461055,1.3029744377030368,0.4537826077028818,2.023412491613165,-0.35134098874781383,-0.38222600639299126,1.7757196756971607,-0.8373405301833137,0.5422359958936417,-0.7130760294621207,1.2922094625827465,0.6658156648189493,0.5169047019954188,-0.6001158112644904,0.8015774889919073,-0.06239098002043282,1.1160429067720161,2.199438082513048,-0.466577482836793,-1.2165473265989846,0.5359667918873712,-1.3212468854227999,-0.2311879611430088,0.5350565186269205,-1.2132007273027847,1.5025116195808472,-0.12316689671174096,-1.337245159723177,-0.1653465334957954,2.1041898928185385,0.5935692604010664,-0.8670663083353604,0.45893955313548085,-0.7330148651488195,1.0992033345076702,0.35496764529991753,0.09157533220243033,-0.6271844745107666,-1.1418061718741694,-1.9662095082685993,0.6905592089131234,-1.1351860069826636,-0.7197043037075003
GLRHD0702,13.140064381304292,7.7154352594006745,-1.119732190272993,1.639130177111857,-2.528834521500459,0.2012777662512858,8.681153118017049,0.36937723925258537,-1.8736517780251214,1.1458927751527277,2.305265278865737,-2.580389318526903,-0.950359911517194,0.23927525767936245,0.9303772562163874,0.7139674939426167,-6.164857567270346,7.5418548914515755,4.405742979593009,1.2955276352307519,-4.7088606134970385,2.926777735849031,-5.556913644563901,3.505617285016224,7.479654538129186,0.7879343271672697,-2.150670130070558,-3.346225722718471,1.8406645443556593,-1.5024288691808623,-2.5638080577892457,-4.022038832875352,2.256135551981265,-4.0687288762311535,-7.862709665719445,3.7276951642962666,-1.0676125329364132,-3.100525201536851,-1.6915769080142542,2.025334590053497,0.007091092445210619,1.8760118747815626,-4.119120000187417,1.561923882268328,-0.8165716345841725,2.8198694695245234,4.5610718255295986,0.7245368211981303,6.5469134353409215,-1.6882769292926405,-2.7745108658203463,0.2581339242404952,-4.411322807684555,1.3835495457982994,1.997998098181923,8.07139939252218,1.0818568479634287,-4.976786085337751,-2.193173182061067,-1.0003512132267718
GLRGC0288,10.498244184853268,8.25522602438053,-3.176647809593059,-1.1964550971411658,5.23489892560958,0.4086330735754054,0.4754317369795644,1.7808093347823812,2.562089894656612,0.34192239591656837,1.28350021643551,0.002935871526994708,2.4540357684392315,-2.526376745807447,0.23107420809198953,-0.5059408336330768,0.2887331369343017,-1.629214016876538,0.41934215372511996,2.2388836600662767,-0.8840468642877716,-0.6096504190512263,3.898907684906411,-0.39057251122744563,-1.9963477868333348,0.6416567804958533,2.0191569538985803,1.6316177575948019,1.5721948789254039,-3.520604845159678,-0.2778881328090441,0.43508902510066033,2.7287056250397477,1.537142906103907,2.230256305414115,-0.949924047396214,0.7167364980957608,1.8194203015468469,-0.26107095070993935,0.9862060359275904,-2.3911706060663875,-0.8141340719638437,1.9374743694681953,-0.9472763404308605,0.6739157604153572,-2.193056314887082,-1.0526104987897795,3.561822242922786,3.0331975324933618,2.346462119162193,1.5042109762903006,1.7226464041010496,3.8418845957370475,0.17488962112324283,3.0363087371400597,-0.6646799750982019,-1.7019830114713235,0.24507081764245778,-0.5629168218255368,0.12348788582893687
GLRGC0275,26.412763186303405,-0.7047452375848485,1.2328329827107423,1.1228506453494507,-3.9250738484057375,0.4937859163887226,4.382305775831777,-0.08864212556260237,0.5487687628721446,-0.22541186943566557,-1.1647440599758263,-1.4670557378213132,-0.3421859186224733,0.6294418192753636,-1.6003059614951698,-1.52997115816163,1.0362959070208964,-0.6956727780555044,1.6863457015502508,2.117138609479306,1.904212628675411,2.282803868763464,-0.3529900209373542,-1.1480650621770827,-0.31780670582744724,0.6870982254988575,1.1675049467400782,-0.9246396414082348,1.1032009556416416,-1.2048654076237935,1.2419144260072272,-0.4398714162911373,-0.6680570900369154,0.7909369363490132,-0.9099297834813775,-0.5076408527970376,-0.5029250232464395,-0.12112194730086698,0.019283910093142342,-0.7229471566982508,-0.1549865340471705,0.9977755605066072,0.21968754248570213,1.8153547265601802,0.10727810016294129,-1.8238310478596478,0.09842683294734762,0.27909871183645263,-0.5098227909066763,0.21721256029138905,0.4968869935210494,1.0705293422273863,1.3427665122499726,1.7683070988776233,-0.7186742991505779,0.87950408038126,1.3096840552656919,-2.326976623355012,-1.3770424505327747,-1.189224157753616
GLRHD0748,11.079923368008261,3.0623129510275895,-0.6626760593663618,1.6856833020285338,2.7602456506414055,-1.9993014334518227,-1.2580603463692352,0.19071816017217258,-2.222723293714714,0.29901302299290455,0.49282902259685113,-0.758044052023527,1.7247070540645297,-0.916122395595949,-0.662097901058839,0.7349669459604384,-1.2344926927063051,0.7061799318982211,1.3232926242823246,-2.018436417711246,-0.0337458140604557,0.09751093073102432,1.6412981138819476,0.17811737328147761,-0.9185541160107361,0.10060617959432051,-0.32921541250979547,-0.12104529937096761,0.5231050802338163,-0.08714833805904512,-0.385076985986637,-0.16681066777134504,-0.7397766931018884,-2.494727175786778,-1.0164861442605857,-2.048059595960689,-0.6054018045911913,1.0259708497958506,1.4023303736972053,0.5313289121598641,0.2042418034342557,0.3888314318495352,-0.2677046213061203,1.079941599992472,-0.5351172883503885,-0.6950354316502275,0.34110015197412774,0.2203434088256582,0.2551395841919067,0.30836130920243393,1.6424343286983882,0.9390767281100008,0.8101105438442288,-1.4435940670146903,-0.9352562392382504,1.1563480292632178,2.088669926556231,-0.45863264813997107,0.7756175314440378,-0.4103477306210217
GLRHD0615,-8.36475313487491,2.1544049253246804,3.0240221457658665,-1.2512199086351352,1.7233693298922756,0.8621916676217588,0.7728933447619255,3.321286520441967,-0.4547187045051957,-0.24552935165327933,-0.596483934265321,3.69866615259269,-0.02737392517342684,0.2840013231574004,0.1694037156914233,0.40080768128750127,0.8659954497679911,0.8529680941661659,-1.3120602115309092,1.3503188810113578,2.0512960972683216,-2.792459819203534,0.11930327646973267,0.4157287076782502,-0.2857516211880797,-2.2837638123746724,-0.5897833561080743,1.6664598903596302,2.7992781339677046,-1.5165779810686055,2.1384785460247326,0.923073037079452,-0.31153382800603563,-1.361508075318005,1.188749408808151,-2.220860436574509,-1.3401819349624355,-1.6520375122854971,2.3480380386588813,0.7277691866880298,2.6597399409539193,0.17529804876557142,0.14188967030427121,0.37936322982535176,-0.7626550972218697,-0.7190035171729189,-0.9668753724420318,0.3408777973344104,2.365764148803392,-0.6937325286638174,-0.9677939875011404,-2.310640365967744,0.5091465831308769,2.838776918716664,-2.3067878611601578,1.120594453186895,0.8816815829041441,0.8452361345212386,2.195389279707607,0.542184057493916
GLRHD0628,6.463054831892177,-3.5878306162255047,3.6144571781128008,-1.9592008029168626,-1.505469920690926,-1.133628620488495,0.09652065059200002,-0.6277903218077935,-0.1397754532583038,0.07039638037638557,1.7968495832490397,0.6249698713558224,2.0805517976682886,-2.2719159379684153,0.5794238801327529,-1.8214212074582192,0.04176468779210203,0.2821164418183657,2.705229929401757,0.17246745698656887,0.7267860717368284,-1.6521978342181303,-2.1045101652628,-0.9809148227351935,-0.10332198089024332,-0.04143795496772954,1.891906323072433,-1.4384626190169507,-1.0909869501263816,-0.19889670484415173,-2.2668144047001815,-2.040170697098045,-0.9508920653736777,-1.3089506610563117,-0.6616905677557927,-1.8330841060585072,-2.093532307945341,2.9013188070720957,-2.765536396853912,-1.096340154032686,0.4812590912950116,0.10574415599482262,-0.6052730512826875,0.011191964287998157,0.48356258362150495,1.041659967947142,1.7177253622640976,-0.1022854440267043,1.1324894221502406,-1.2351330844775057,-0.38399546414048746,-0.2831599161989017,2.206820296339601,1.590125800252336,-1.0128794908904095,-0.8832678888167371,2.367831549330458,-0.021301350796908283,1.3011540617451487,-0.0026665862449951018
GLRHD0737,-3.9381438744193287,2.657136512967237,-1.205992956767765,3.636418498868665,1.1918055268621177,-0.7364953206032345,-2.9570872876314294,0.7316094322764071,1.9435330275724731,-1.662964697382589,0.5528554878977631,1.9026546464079537,0.03182583614816048,0.584823325632387,0.9671958467568054,0.1811830284523274,1.5101592509420176,1.6498386655928028,0.2475586374812225,-2.992713499186167,-1.817096644264569,-0.4839616507235981,2.9428434590661885,0.16323515822521675,-0.6465341787593447,-0.5968551119222487,-1.3360707934099965,1.2289053800939878,-0.9297839265046998,-0.21238555572413706,-0.40576112669356484,-2.707408577031476,-0.3843294972284314,0.5098898854853995,0.5613344878178597,1.1419183920533842,0.1782776827652568,-1.4692038247700148,1.4473827775695949,0.7153562219199342,-3.069409975835314,0.8281617887631785,0.47828257486748554,-0.3450753381746875,0.03605247905210595,-0.24806329813952477,0.19907856334349625,-0.3699144601980252,0.2884285295267719,-0.889678779640238,2.5395035496818408,-0.45508917134089766,0.998959024368722,-1.6529504696262136,0.5054948939637833,0.9504318060692946,3.144902958294356,-0.3696152131874062,1.278950558781247,-1.3139561314287187
GLRHD0530,28.263413831513073,-3.0791332424017046,0.8231994524569027,-5.685402433877695,-2.0155929755023414,0.4892109988571443,-3.7000695890714606,-0.8697371214115531,-0.27552395153793163,-0.5321935770003943,9.087741832398057,-5.667556595903903,-3.332254709987753,8.111281893135619,-6.058300855088494,7.333935255898514,-4.072534705255115,10.264838362737535,-3.131922364759204,4.485125548584571,0.6071641080766743,-6.033289450216732,-5.979460184431741,5.979317189183449,-5.3350538908691725,2.2699830750982892,-2.8900544512271913,2.4061918000517117,-4.1328860726773735,1.2478767916037206,1.1717450703033623,1.14075659427343,-7.576607347066503,7.876554207695823,6.8104134381243115,-0.06870706293059192,-2.1974996683281485,-1.95486860327609,5.9862352105701095,-0.8846210685385447,-1.4173506432710135,-1.7129621296846738,-0.10969790326938954,-3.195983995047086,-1.5182890815246646,0.852695395826973,-2.7549889340145457,3.43329961341567,3.620604964033039,3.0393553809901266,1.2859916477683329,3.279816428484328,0.865672055409365,0.6885751362655003,0.38702754996868605,-0.11167032343991679,-3.9908660249800323,-0.6539893091537005,-0.1716435765686761,1.0157324810987411
GLRGC0047,-21.443364856859414,-8.430918540654094,-6.549183195031321,1.1286406892418417,-0.38713854709479945,1.4052805123589245,0.5414642341578931,3.7620052374696695,-1.1367335570263566,-0.7036499252177214,-1.1964278733952682,-2.5070872519285796,0.6599073945160128,1.6554328371512652,0.7094026484741752,1.2240413473668887,1.0311157806799778,-2.088542994038829,-1.577185307340584,-1.3531119777882508,0.1410300035741595,-2.4790044266465325,0.36986042175253214,2.688092157171935,-0.16457485690420143,-1.8781141473607448,-1.6343451554376767,-0.7992613203221495,1.777053804428857,-1.1419936116852014,-2.6614140581982677,-1.1800615297463792,1.5732420902485047,-1.6892398900362626,-0.33510891628441436,1.1016713674992042,-1.6661883662008998,-0.19594852399271495,1.4654772413196722,-1.8608221745676958,-0.5994681499626944,-1.9260396260560813,-0.3520695419575752,-2.183173459380858,0.008559582391894797,3.956013950735311,-2.624471915197216,-1.0355055287890136,0.1697674459818214,-2.682891347555677,0.6014848910734132,1.0694532711947307,2.005405499540377,-1.336507788194588,0.15638564662741228,0.3822552282851922,-0.956436089542829,-1.823460090917636,1.664822556453473,-0.7103751195424225
GLRGC0162,-1.2085727514904696,3.9186570591202443,8.072096202835086,-3.3987044123748342,-5.75962051367587,3.872756709187844,-2.4682315510480675,-0.1778689319058725,-3.383268916830712,-2.4112373953228277,-3.688112525530523,0.9202913886780865,-0.48631357295554745,0.19371612439653252,1.2563106540414788,-0.8609750975049166,1.204178299275925,3.32173431279371,0.10446399605351238,0.6537847328804911,-0.6869516491466522,-1.1461583270016185,3.769767934043536,1.0386894196755962,-0.8196501954812673,1.1415758211076608,-3.0608173212186993,-0.77991665047185,0.7767197732938078,0.20677603872610625,1.005927315442789,-4.028878708371353,-0.07264139186011537,2.5120321885536376,0.7996423103019641,1.3945490228112005,0.206928442750458,-0.3061599527773081,2.849257946539398,-5.319970764989715,-3.4684416190321663,1.088036978069483,1.4141367727950114,0.672979306042872,0.8650600448235283,1.1755478786759734,-1.930433749683454,-1.7234049070326982,-0.867883440389959,-5.444596926753975,-0.8421388112778699,-1.3703983868896632,-0.2006346808169667,3.8795180473730864,-1.5980499439593043,4.064362530703119,0.9918962304610289,1.6648924580483673,-0.9751857772300991,0.5052601330488796
GLRHD0696,14.356572753385588,-1.167469321656727,3.4218742635848867,-5.576060267722527,-1.4707987909720341,-7.324290718777468,6.72117615182565,1.2727348982749713,-0.3253519124313349,0.28864420088489834,0.4324072098904629,0.7376334797208239,0.33132094642448284,-0.9376389305325433,1.2513714150739554,0.1897773404698384,-1.1081969477248212,-1.6825676335517832,1.0607632640209617,-4.236432770273379,3.9062195407475433,3.0769409624929294,-1.9692494891828822,0.6194922194733461,-0.8597736027008264,1.7002795742653094,0.2840206242259861,0.24392495101870723,2.034950485585808,2.056471252711329,0.7798998699705826,4.028567640005849,2.4356980464406983,-3.281790813775361,2.962712105941229,-1.8932003436891671,3.331296212759667,-2.9407890605832128,1.3799744222999482,0.40456767786806175,-0.7453005778970393,-2.3542074444250125,-3.3870047348102923,-1.7781410282129457,-1.0507659828073312,3.9311630626928338,-1.8953082114908801,-2.860838278815486,2.0247925586297537,1.4053887000873384,-2.11296233466133,7.30589121907343,0.9667801999237114,0.13353977471913012,-3.009344080015415,3.151468208555388,0.23597610455278914,4.474876209928814,-3.3097241087180342,-2.579912738883794
GLRHD0508,-1.755109591902087,-10.785910069642567,-6.212785667864443,-1.3621951049379595,1.2174709018274124,-0.8143644863459926,-3.0784393288934457,2.5892120108499848,0.0488856269286397,-0.3360064167987945,-0.10978982402902321,-0.41126123192966296,-1.1296015935050487,-0.029122720153368125,-0.9976888293571876,-0.5094005388923725,-0.45623561566888715,0.7376882820715,0.11011057786434247,1.4779127998621595,2.066099892206598,1.4794281189426637,2.2217335205182644,-0.7868302886958218,1.0758686506353656,0.21365877824269228,-0.4456570577588482,0.47412423492746025,-0.5990980170623438,-1.4103193392824969,1.2486501411988835,-2.5475826155039547,0.19696570982353323,-1.7282768713946037,-0.5211473684190933,0.5426330327207621,0.9905116598707454,0.01024928024325464,-2.8848172681551336,1.4803310625546768,-2.4449344403336832,-0.17512603875663146,-0.875866092234615,-0.026459105122583548,-0.4296548441341971,0.44558701643043,0.1383662914131084,-0.2812768362577678,1.5617743103506978,0.023168743880145587,-2.447547578242694,1.76027543833971,-0.39688292285793186,-2.2625872012691084,1.2808983265708116,-0.9821137281278517,-0.6536309472009775,0.16954058624152837,1.6815880151241984,-0.6925451160866718
GLRHD0778,0.7455081886255231,1.4758187267129874,-5.326402621409503,-4.384466860285442,-1.8135423575066136,-3.9168270900188142,2.0981620535877084,3.5783597944962313,5.527550907751439,-0.19139290442243762,-1.4441435076341562,2.025668758913926,3.5433639343652734,0.28606479142779745,5.807991117243336,-2.3470961864195345,1.7140567308855381,-1.191303599501789,1.051278358012349,5.5907257715689544,1.7392669195847428,-2.182408020617552,-5.936077152620723,2.4658275194105332,-0.15915707782242863,-0.5857232833077971,2.6756473656916753,2.338867475370708,-4.856098280604886,-3.28866237712316,-2.2905592871934615,-1.172697126987085,2.593608270532859,-0.5547784328078289,-0.5806340276197763,-4.840244182887362,-0.8735240469376312,-0.7525977561762842,-1.5915879116658842,-4.6813829144298165,0.23115184173062422,4.745226487701835,2.6676755350139696,0.7618503431067495,-0.3208841370420977,0.7523917148363408,1.4288821737571167,2.222044434533919,-1.1144866708840035,-1.9496894262974818,2.4780039190067655,-0.8502294229573956,-1.7171514264510417,1.035055905143427,1.640387042004249,2.9037548168469645,0.4376759867183922,4.067715665956862,1.081112758039408,1.4374801820800864
GLRGC0357,6.5471760604620535,10.26032807933331,-4.133909648913451,-0.885476285520413,-4.450713193339399,-1.1626720544411862,-2.255088856270164,4.7107600235613765,1.1575202831008888,-1.3142446023661452,1.7332614446260073,-2.962647389171028,-2.435687097043365,-1.8633031964741646,-3.7120524670827604,1.0408336714951898,-0.5115994660313987,-1.2765239659052607,1.074822986495965,0.49902772407696977,0.9060010158304732,0.3355296798355123,0.5239718690649308,-0.10274971489688114,-0.7228315428886838,-1.9447192875287578,0.08193040530296564,0.09974961778999358,-0.0509945577565639,2.584716585169756,-1.535329229362955,-0.8892349305447285,0.20682892547415363,-0.35511370039260476,-0.40428451930321907,1.201427412964338,0.3754841343978524,-0.5186126687575131,-1.3850268707264388,-0.06250797019739726,3.5071541309157905,-2.49050313173191,-0.9084165281968353,2.4612586132335292,5.247501140481077,1.2465878649512583,0.18628175516323425,-0.3690209296400093,-0.08236826928284362,0.5351101770170066,0.5024528509168442,-0.5024016696149987,2.550114776875845,-0.384585800759977,-0.7217001503822619,0.9403762387530411,0.8818861642459959,-2.5891750632090544,2.6881292208718777,-0.8254503119316696
GLRHD0708,8.687212574962654,0.9917104256141678,-5.240390669661413,-4.617999627036268,-3.3122221783660235,-5.282101884448253,0.404066654863063,3.554411495822306,-5.687889550198731,-4.600018961421375,7.491652619115087,0.681919156948063,-2.0453182056408736,-1.8504901236904696,5.740924266262058,-2.377881967533309,-2.042467624575306,-1.342804205547797,-3.8607135280390965,-6.745933487456317,-1.0003869588419212,0.03919453872015548,-0.920587883157394,-6.3459943321435945,2.217777193734561,3.3815148795264363,4.989496806902891,-2.4886900511587258,3.787008412533855,-2.0593116010015096,-4.644028833495222,-7.979419637911739,0.9042873024903235,-1.1974951829808802,0.7561847274372651,3.508145576157081,3.594771212633322,-1.1151137991699682,7.108327035070274,-2.346220731708078,1.6890475101962312,-3.616807514703577,1.5631263154466937,2.608842468022314,-2.7157094419680865,-6.573445973590718,-4.433753381964077,0.8012769919382855,1.3522080451061596,2.7849401813728805,0.5528778080088393,0.4856841485710825,0.44249931947309656,1.5197018078055513,1.3426306021718977,-5.072717659674059,-0.3338068875473796,0.4475513012449017,1.087256826899647,-0.28636829541052494
GLRHD0056,22.870222389744384,-9.81039042995092,-5.851505726212309,-4.395197928243864,1.88100203615169,-6.013393260077612,0.11327302711513042,2.1829843934528514,-0.7270070230623812,-1.5862793160314732,-2.414875671651827,-0.11468917678277274,2.3141646460377716,1.6148542837805935,-0.4039507834343344,1.4604780744612604,-2.1344598565245567,-1.7578401263358059,0.6093998517662343,0.11625571231250409,-1.2094667638539058,1.6979535519964524,0.6330945424377085,-0.2266758826642817,4.173945016765898,-0.7490074734026956,0.3527814824047562,2.5492527050255522,-2.095088105522468,-0.6405252771176051,-0.2749111587697914,0.7911220300021475,2.6107894322506073,2.365268447330712,0.7306341084685384,0.6458821273953758,-1.994911914038599,0.3197694104587184,-0.7519887666679845,2.3269411232563413,-1.5260338172077004,0.40232761038942927,-1.8475763446030422,-0.5152407568924919,-0.4845804760403776,-0.6244163351105153,3.3191266185754835,0.4709321413287693,0.015798357161847593,-1.1622606808383364,0.19518298758764577,0.5360644135770799,-1.1709378987049968,-0.1512849114387195,0.6665649981947793,3.234878550548998,0.7639115232378029,-1.0620158578685464,-1.309418314256846,1.1797575844820878
GLRGC0305,-1.3657989483883124,-4.662575842662111,1.0427118312960562,0.35423675616288763,-3.766809814356433,-1.416672762008952,-0.6795499697124899,5.088537408935928,1.3155585152682232,2.602136881446808,-0.0812760036279363,1.7985053880952355,0.7250386405649255,-2.4652867169280324,-1.1002949031486873,0.4176597769090365,-0.23521308501178909,-0.08992638371321614,0.21290812460369724,2.0372980811630397,-1.399709968067254,-0.3136639844848046,-2.3326437280543666,-0.10275453894612749,1.6411100921218476,1.201348056900479,0.6149904763656041,0.7696027099807858,-0.036241524656169574,2.6026238578628096,0.8877605334347641,-0.3077752674446206,0.5904306307263423,0.29071370487841947,1.1295464296894537,-1.5781447870341843,1.2874668330598835,-1.685468988785138,0.8993707409347081,1.238652755191159,-0.2366808637856839,-0.5424539318617904,-0.372601052525742,0.13439996789043532,0.9109371519975807,-0.2283940635167235,-3.456959192507692,0.8814220555530693,-0.7170825904044452,0.1877123164890836,-0.5162665441138146,1.6582042419712417,1.784123849325324,1.779692283726028,-0.40288246848951137,0.6216020202807709,-0.3740895043051389,-0.9108332874104654,-2.2793946320414853,-0.44101509497140884
GLRGC0180,27.407743569947616,4.284853451775847,2.09975208518536,0.869744831300112,-6.688247120176966,2.103534900232521,4.668522624375022,-0.876125122460578,-1.58330229567784,3.345319469181499,-1.0354423361303604,-0.3387329405276088,-1.782044944425307,0.3601006650746256,-1.6710405469937046,-0.09230162152971096,0.3264177090501466,-1.2610354390019118,1.6119209284372837,0.8126176762378967,0.7799143046435956,-0.4151505403172445,-0.782816407346121,-1.2439087576655194,0.9415685995175119,-1.1237478436241317,-0.6753970602023381,0.012992112384660715,0.4075522641901183,-1.1344141603260622,0.9129884844827713,-2.3388959251328703,-0.6363264325046881,-2.1667805206290773,-0.5399373850953395,-1.1779198781671838,0.41879194146344323,-0.29489358496353807,-1.4217157347641833,-2.9608858496314894,-0.3273025913173954,0.29644162082336684,0.7021832994626057,0.29370190527089063,0.275158101239603,-0.008768263050833905,-1.6596637445128757,1.415124753226984,0.47681456783685594,0.5342862800556343,1.1177886226201728,0.590087666196977,2.8862550656307,0.9547219465555512,-0.22186391580225676,1.0756413069487143,-2.199362272854894,0.3280990642652366,1.3264182905981745,-1.4668163760581059
GLRHD0648,25.53918767469368,10.599706631384452,-3.8928006529398136,4.628131946522097,-1.8521443134734394,5.473630662733128,-0.8628594851782921,0.768421024851563,-6.634045994627094,0.3064413782956175,-0.024693125011173024,-1.8020053241965184,1.6128613246276524,-0.5165912041989337,0.590372259612777,3.2744113954760246,-0.041847608417627746,-1.0716099713732283,-0.26845764202834266,-0.5449706654437021,2.1033636768608632,-0.8702441419016512,2.2123353923007856,-5.418159478819422,2.640355522420722,1.2392470484186016,-2.2952619272472465,1.1351404801572034,1.5230220062104427,-0.0922683281189729,-1.2162459595058621,0.4589059830562568,0.3627608033717304,1.5186764430743716,-0.899647283405984,-0.30071296360009714,-3.3666299104939514,2.21761873380209,-1.9729381304626845,-2.2160683676902044,-1.5411133097750023,2.7190925122407488,1.223096791324389,0.7943724749752408,-1.1447016047649932,7.042497879456142,-0.326706464701553,0.7723436346641565,-1.622336813469979,2.273772638825458,-1.0445823199430948,-2.827737480066572,-1.5930161757184385,-0.5172296458741058,1.1049999530758974,-3.6152413342100025,0.17467091609269553,1.7049009952309413,2.219236563665975,0.8396026941403852
GLRHD0782,13.901726464073414,0.5656415174482164,-3.9811548483569266,2.818504837473486,4.783871079350567,-2.6116652731799808,-0.1648585396409837,0.5301973519642302,-1.8028223690464649,-1.6728889245052772,-1.8688494183149313,1.3444641011050678,0.35592274585198774,-0.6670579784512722,-2.9509093221344718,-0.6145889519014086,-0.7627965215275211,1.4503646039816191,3.7692856919729643,-2.309649820874908,0.6660303071762755,1.3625589209018751,-2.4979873057149318,-1.6623312244871,0.0969047955353308,-0.12806826965665266,-0.8957528718400313,-0.24815097177882392,-1.8477993822180023,0.9132931751143505,-0.7963238496854752,-0.558262209806119,-1.0407243155274477,-1.1593674741826434,2.0673991589566847,-1.04827649913437,-0.2817794264487602,-0.7060626170309828,-1.6270968662549479,0.3629585880595539,2.07649870198286,4.084249623209869,-0.5107784702988656,-2.83514844559433,0.7607227869596014,-1.0003238968206953,0.5606489910723411,1.418613163664555,-3.295749943581369,-0.9174719426826925,-0.09475317451551957,1.4324135097740327,0.2737249636758763,-2.826027123633143,3.784665021749517,-3.7227752066678903,2.4923390213974126,-3.33627995807701,0.3114686468949132,-0.75585461697438
GLRHD0639,22.108530976153666,-7.1901677938288735,-2.6135553883977387,-5.132435300052541,1.7318946727452162,-4.653104505276187,-0.6381468099052104,0.7973500801277232,-0.039399708367054614,-0.7193769169061882,-1.0843132148401602,0.15827296848939096,0.6582365538316363,0.41962366540808566,1.5409657705803737,-0.7970407465268827,-0.6408476511386438,0.13957995663872366,0.5675729588974823,1.4262837294283324,0.9947380442380849,0.5590313976595258,1.6716425141914286,1.0095161625669733,1.5350527732291641,-0.18050620252576577,0.11870585345560133,1.3973955126543944,-0.10249934775433198,1.7962297927769104,0.027718656238333205,-0.3547078481478005,0.12107268734104093,0.8848806624731699,-1.693033781724183,0.8485009751908373,-2.027409313686196,0.7258721006777682,-1.9908738844794795,-0.8066587275598996,-1.44846749037426,3.0978391974003143,-0.5985396517859952,1.4883714724118957,-0.24119092939986048,0.4655010342044009,0.5127779160457576,-0.30619894030287037,2.0968177139381092,-1.0187166206964746,0.9229685432756739,-0.22530264636144837,0.8729522297741794,-1.0545972792312406,0.47543609258809116,-0.7555506252480821,-0.4982251412172817,-2.2884042023257787,-2.172530958120762,1.605302862504399
GLRHD0810,-3.1771820478862702,-10.026386579039329,2.2059971854548706,-0.09835001305540955,-2.240273427136131,-1.7527001889702927,-4.292322104333519,0.97653046146507,-1.0969584679747058,-1.7761611943978428,-0.10892878119516786,0.43746989607669085,0.3854288411707126,0.1940675404188091,1.2018745711268746,1.4269263672082346,0.10975185923215024,1.1093835463660437,-0.38178368494440496,-0.13615609100757906,-0.051309109618801176,0.716049136942553,-0.966985391044603,0.26065968417460716,-1.4927437191175523,2.7679048192617426,0.9296726807092595,2.266022970584323,2.028686908087644,-1.3700351952486491,0.815064898541939,-1.6385643592941705,-0.1898796244037823,0.12178159903378939,1.0086717274323003,0.740274523362633,0.88013074171991,0.75928234474234,-0.5231734587979634,-0.31768976468955307,-0.8920377558537798,-0.4181305615338348,1.9499256121682056,-0.2484975012819207,-0.16349468819518675,-0.09588860419902906,0.6294918535408016,-1.2278091927537576,-0.5323684315990125,-1.8864378387547518,0.0627189901404749,0.9646530234218412,1.2824429004246998,-0.6066838180005873,-3.3018946368762703,1.6449652836902195,-0.9971139472910695,2.357931363839974,1.2999492233515055,0.3420382192123579
GLRGC0214,43.68390393288321,-9.881314245678274,-10.47033263580077,6.054063582632884,4.434268648112845,-2.737957864839196,-3.662827781087149,-0.2531200344732316,2.2858956859184687,4.450511514449611,-4.74032637796899,2.383976099204717,-2.036911331150647,1.025426173559249,2.033668119307479,-0.24861137122571486,-0.6290657478677752,1.0625087080280446,0.29867124154338415,-0.18905144254164463,-1.0332688564123467,0.743509712087967,0.46615812990397476,1.6715200966404342,1.1477160947493166,0.10177477411125357,1.0424871875455282,-0.14186741259151103,-1.340914119860835,-2.62341816729153,1.8801832076061635,-0.2029871948087841,0.4129962150076591,0.324170708893925,3.2494034632917153,1.35874373070431,-2.1330906692721836,-2.3956008323821822,2.4462540666052024,-2.3793726692377994,1.5446026402644084,-0.9794195651187736,-0.16594491270077605,0.07667849178138708,1.5597787990791667,-3.1710746674749264,1.1176007324188322,1.5814754258508907,-0.423109645616895,-0.5575684176833219,-1.0835514973780989,0.4527528318589531,-0.3320917522668973,-0.21466104938401517,-0.12785851193883585,0.885911459933307,1.298798028197178,-2.0057527168853078,-1.4092032344502108,0.021778392657182375
GLRHD0720,-21.25340163708855,-1.0166798174838894,-4.503565338336494,6.550244503346293,-2.109902163233416,-4.654130331112376,0.8738481114333535,0.30744297064629833,-0.13050453279151134,0.414169759277337,4.346951823840254,0.4210702428976116,0.39228504358076377,2.129957376505862,-0.5243637688041648,-0.8119683894915192,5.604581564314594,-1.3862012081128308,0.8264396268614156,1.2332073552067087,-0.7723226599479746,-0.13823671553310185,0.034880753859370874,-0.5767906313204856,0.5286003329878532,0.6127587337435516,-1.8212217821651826,0.16385138006712244,1.1162259582070673,-3.5541480660636817,3.9915364159195934,2.3252628718812756,0.8938557444864387,-1.3359167195132862,-1.0114430055444787,0.2038615039358413,-1.1283922198459113,0.11272214717280529,-1.8541872843457476,6.346639502323203,-1.567132218811239,0.07666851979412671,-1.7457766801850334,-1.7206313151370864,-0.3086308343045501,-3.826673265093134,-2.4942091913224256,-0.7241079672075862,-0.39299857418162837,1.6465846040729553,-2.9997121034631937,0.5682120894517035,-0.3840241237143099,4.549815315544995,1.4676537578371218,-1.3518965136511027,-1.53028729481637,-1.2490682988282042,-1.302899551384378,0.8167946861291407
GLRHD0122,12.513339234508184,12.34732232129632,-3.514444250674603,0.749441588075472,8.627572734901042,4.457201050056118,0.45038185174375683,-1.7910233632457015,0.7310854883212978,-0.6683854230201913,1.4320696680259912,1.5356075511320646,0.8004270084816453,-0.09997459542454401,1.60505997831994,0.8944958113864355,1.834990780259429,1.0876184100231567,-1.0476099491345843,-0.03011023599076549,0.6795669753149558,-0.39058155137609596,0.027230379681324787,-2.8832522426517677,-0.13374345595965245,2.5180470637262173,1.1870916537673466,1.2596872988618895,1.0294809693975002,-1.6263398079957592,-2.396642387010461,-1.9110153902351188,-1.8441113280229329,-1.7158567859760958,1.2210821752126126,0.24743644986147045,1.4023868621068378,0.6692230817505936,-2.696924971487815,1.0626950317586672,-1.2869165487475345,-1.8368904447122136,1.8377842190523188,0.9143709765012036,0.4436247072723112,2.4930777805233135,-2.5956395805903076,1.372043333045785,-0.4737284792265915,0.33388957604702385,3.0255755920896794,1.1082655648630428,-1.7431707919398696,-1.218959561974678,-1.0105368235529595,-1.0328365593874984,1.9225515665987865,-1.4815969851927455,2.094218773380419,1.4913970153504552
GLRHD0697,0.30133639529665346,-1.6239058942018203,5.446743663000072,-2.500456569444554,2.04622846217124,-0.19628191093344205,-5.708843762889215,-0.1659698620152477,0.49701533325819597,-3.5452409095859143,-0.029430140224586697,1.5299337330751668,-0.5709083920259272,1.1871753223567325,1.1695775407126416,-1.6613136371865374,-0.3718905658207102,2.070089935490092,-0.31985687312589345,0.39112395642970715,-0.24804531990745518,-1.2152504008765015,-1.2380232427920843,-0.78431112268966,0.015096783342179398,-0.5722812686071015,2.0683178510272286,-0.6166121635389269,-0.35352043989856197,-0.4922131396928015,0.7731919148136405,2.734747639334558,-0.11778303434693421,0.44998993557669814,-0.02749517063995872,-0.2724153930340579,0.9999962092963112,-0.006153840599993825,0.9901187054796496,-0.5429032706159945,0.8801603866510939,0.5889236576146135,-0.118786455185176,-0.00871437322857762,-0.02145612187522999,-0.34238313325723324,-0.583726859145671,1.5897294999463603,-0.9865771783551069,0.1398877140081495,-0.061918924200645487,0.26150722171054597,-0.18519846478207116,0.4578127105709118,0.14393869725146954,-0.6309555307815543,-0.7790635691994191,-1.1256030419126806,0.12277650453444633,-1.383508999743639
GLRHD0700,1.8286482446864203,2.3638589941741133,2.2005990810177756,-5.843139388347439,-4.680440125240301,7.901435545835438,-5.546296389026722,-1.0478506839012955,-3.3425063059759865,-8.780510956370366,1.7773995960202473,-0.9559430130725793,1.6701206690584796,-1.7022628953878836,-2.2599030124095005,0.479503472487584,6.287062936238383,0.4191779649913592,0.09819536096564371,-2.977374785491824,-6.336627221677828,1.4219008751577897,3.8763366501804564,2.346932632618565,1.1969397225444245,0.6800677349980262,2.4194530055375925,-1.4267962265282312,-1.5539507908681547,-1.0457318188822582,-1.5501474178457983,2.8190383982091523,-0.04816315360452877,5.811644054732747,0.6832153835461137,-2.764179549880598,2.680504380164488,-3.093451034433561,-6.40548154215641,-3.6862853891141314,-5.261971502502839,-1.3885542633561268,-0.8696777563124077,5.114959482904903,-1.680294040888859,-0.21261425382919275,0.9372802235768207,-3.7535802780129077,3.529319645363048,4.424681444015704,-1.8789534889327735,0.9009557713730093,1.3038117426171647,-2.87837658895704,1.2945446091012989,-0.4370551153733487,2.263586019918563,-3.0260583084065362,-1.8835433666168695,0.4668874839061172
GLRHD0686,14.207790641853213,-1.6926504149075692,0.01761402787046161,1.4737243774091364,-0.9529183772382287,2.204763433549506,-4.809053922489839,0.37561174407595294,0.6168314542551326,-8.222126162128527,1.8385244154491838,0.3510571437797183,0.7062901101633849,3.1487487648060917,2.9423943780967505,1.364083791959541,-1.1006934645414885,0.09224684940855066,3.225832386137391,-2.5913379586583742,-10.525397173009553,-3.7236305789611506,0.19434093327258195,4.02836269201128,4.558763383137966,3.8949878673505487,-3.4722062373826654,-5.807322034417547,0.889950981803417,-2.4535480278955286,3.621647692092266,0.9919284468708769,-2.880102802090533,-0.16880495028426168,-4.9222811198847705,0.31997813900268407,-2.2227572331899133,3.472478918743824,3.5856112351718274,-4.093203096932679,5.931240426893319,-3.8908747722191883,-0.5628254111401924,5.87262762185031,-0.6945601829601858,1.069971156282039,-2.107026451181228,2.3761948227114105,-4.011273990987019,0.031529614962635316,1.2875369121034714,-1.2566079974883904,6.627900017288869,3.451757068165123,-2.483755670562648,0.06053053936814748,0.6676332865008856,4.36078757556475,-2.9421573662619758,2.0170242570123555
GLRHD0788,7.648961552274784,-9.678008098551416,-1.9018354433970954,-0.06032479997870115,1.1654539449787493,-2.3566860616543917,-0.3456113873690737,-0.11758015199020495,-0.32149076553295497,0.23116780544576185,0.6457418268000475,0.43472670554740994,-1.269980232906778,0.2506274409266985,0.78669440825831,-0.4863125796325762,-1.0954179482518946,-0.7006251146607516,-0.12156472360053067,-0.18169140685221447,-1.2734907131638618,-0.15224474363498003,0.9858407008633763,0.27726526979786903,-1.4492763270798152,-0.571495949773858,1.4569262099529445,-1.236166410986184,1.7358351256006912,-0.14926572988828454,0.3573455493565299,-0.10270529363563725,-1.3983264931438983,0.3835095751724529,-1.8700103578544138,0.33211336681342646,1.6644805916681755,1.6330074104002033,0.4617411062393849,0.47882076432306625,-0.2581612835240649,2.7437968125012704,-0.8606330870529579,-0.8418395759585652,-0.3536813544877269,0.6550726000042039,-0.8716763474554751,0.3399409711444432,0.6258292899330518,0.0860767991939934,-2.0457067055196454,-0.8002777364802275,0.8805428756785122,0.15221634744588433,-0.563419388559987,-1.187377410266996,-1.4407208277986978,0.3645230646528172,-0.5333841673907227,-0.5327852877199206
GLRGC0118,-8.44044034036974,-1.5771338655543612,-2.131373071560316,-3.5344811191973062,0.09315556491324746,-0.46184520545511715,-1.108774051400484,-1.4113086406539679,0.6196030716785017,1.4076052276626647,-3.6124679023252453,1.7721294242022112,0.3943967794050593,0.8101670267562735,1.3146963905213158,-1.5180310761598643,-1.925314581207146,2.873958459742209,-1.222681390511556,-0.14089018730129269,-1.781919066571943,-0.5276026597598649,-1.9690365136758092,0.7290940652488682,-0.8988536666028113,-1.6684967939020081,3.758907355135045,-2.8132745067309624,-2.8562584172838497,-1.5895747034409502,0.1594481907459029,0.012856689873581387,1.3360686210086277,1.0138454368379852,-1.7396063490796545,-3.0761119509239103,2.0451324162431366,0.87662079710414,0.22817806037280833,-0.359369804080688,-0.18605778577996224,-1.4684945205971096,-1.3582924081090155,-2.537495755849692,-2.9519860887971325,2.0040144777135542,1.0393016257484562,2.9052477929247966,0.10726320326359623,1.676965445643403,0.7186529362889834,2.804819697337992,1.3747935765432533,0.7703355604296782,1.1496523265871863,2.3083057224363355,-1.016949041880568,1.262955689507968,1.5432081038677747,1.5464991735197917
GLRHD0803,-3.966402454486522,-2.521422972826238,0.6871680713834857,-2.1083117980660586,2.2459558740267545,0.8619210626886502,-0.7025450819438512,-0.599037672986795,0.4282296531697413,-2.668124319606815,0.9325593846580968,-1.4866926523442439,-0.3161757254856691,0.11109642271159903,1.478213702337906,1.9315763862350754,3.3828055381297504,0.44630284360619693,-2.1931165419689034,-2.8505488318390384,2.2303598080078486,-1.148775597400998,0.22285366199059306,1.393567512961531,-0.3697156027561487,-0.14533219452604698,-2.020989651586163,1.1666988210988678,-3.2367249924522556,-0.35631970551256037,1.0916559782409136,-0.9716366650671929,-0.15659343736187856,-0.23507509354080697,-1.9880544286398818,-2.9963408960552798,-7.148755202687848,-0.1445379632685339,2.603432087152145,-2.971624125444977,-1.783825597135177,0.820911822602847,-1.8906640000415822,-2.7435721567784994,0.707696723431551,-2.6687741496135455,-1.2748780720106847,-1.321147666967188,0.635862932997969,-1.566273919176546,-0.1960244007782071,0.24985921264546876,-1.790334323009348,1.3988717416187502,-0.21565942148042072,-2.631493747980096,-1.336083478997382,-1.532972751481174,0.3939241765149264,0.19587526628498522
GLRGC0294,-18.09557578588356,7.412497049265747,-0.8015192719532074,-0.2262023518248074,-1.9639411394283364,0.7923301801326117,-1.79986019465656,1.0276429489321777,0.5611091701201841,-0.15419008396184883,-1.5119140005229075,0.8111885947249771,0.8393152968847356,-3.892659273108036,1.6441324281166705,8.393928214247252,-2.2980508292530337,0.11391525439935385,1.1411400464651726,9.395135649582437,-1.3540883339420613,-3.5732678837928913,-5.336917999365456,-1.8767442889973664,4.260315274100145,-5.262195334645148,0.8113212007655557,-2.09299724301272,5.829856850292445,0.6682021878555557,1.1015022048590102,1.9897455938278656,4.006748487532012,-1.5605665527152535,1.9262914700407041,1.5501538435209432,0.04234391936363374,1.3854437094982908,2.720521788414666,-1.5100606025076677,-1.940639552542423,0.1366822338848859,3.2700397971419863,-2.872657191601762,0.4337721420646882,-3.612248888348685,-0.5254999798161607,-2.724514022957205,1.3205403861196998,4.418438905734806,1.610942600650838,-3.725848520708452,1.7965553776295726,-2.8980495030898314,-1.463513652470103,2.0639520625265964,-0.20912838581781318,0.6399179850370128,-3.404522029646531,1.0215044852030584
GLRHD0817,5.394741570913235,-0.6834586044444534,4.109442451504537,2.0333090314141944,-3.266735784093849,-1.7415193997700142,0.717108796002696,0.2773960153577032,-0.5710645107206802,-2.290365323489034,-1.9426888971340825,0.4453832934229552,1.2067127106805056,1.4629037764427402,-1.6156920765712919,0.7339027523374084,-3.9025406264381126,0.5118181466246525,0.8825657020742929,1.7868977781877315,1.7226422979962113,0.5692540962821915,0.6315277479139269,-1.402763379578992,1.37985664945777,0.9756376592918862,3.1689733350755307,-0.007571898947406979,0.15193666803465944,-1.6751465749864456,3.3629324315186326,2.100822653913859,2.56251506690151,0.42930636995797916,0.811694247670921,1.7015496792097968,-1.2055400074357747,0.7066255616629544,-1.3574221185978668,4.074150726809454,-0.2896103759577776,2.810039409256782,-1.274216520017742,1.0046237317903133,0.4772418052546258,-1.8233347311658106,-1.1136308816976899,0.19274464193855959,-1.8423396173292979,-0.5941172916414289,-0.09576347558535256,-0.32565250973941184,-0.5493080325257864,2.2633416104506874,-1.3954042527973876,2.808969486543558,1.5313720640052546,-1.2516030603854944,-0.6857430093500552,-2.466997926294526
GLRHD0112,19.832936719223664,2.963589135708065,8.347378212154489,-0.5968396183890695,-0.5745103404426667,4.841059593533733,3.298121617965421,-1.917762958486038,2.5767493172359153,-1.6402728348171436,2.3149254469143017,1.6854146243659118,-0.196921995997318,2.1949118104273646,0.7274906410418835,1.4791072409873456,-2.2085227611697467,0.4067407610043064,3.1538208588714958,0.3121624810249811,-2.8864565589693267,1.8649901771028106,0.1163439987969596,2.4091142271033386,-4.542422600911552,3.218417623137565,0.8352171477281946,-0.9969667186819073,2.6973474381748987,-4.004322966774316,3.336567060010135,-0.802915516876466,1.194320893232755,-4.972602154435142,1.7009870525227877,3.0074488245205027,-2.8149236057973415,-2.464378516415561,1.2586320244774747,1.1746682148417706,-1.410583741333592,-3.56221665957801,-1.4142002023450158,-1.0203238479763124,1.9380131690710898,3.3554265621475277,2.3027751873047206,2.0144994233339464,-2.7561165581244405,-1.7217267742159117,2.6745882550304425,-2.0888731640191547,-1.9470295635667758,0.9735003894007365,1.6433206468593755,-4.33212669772339,0.7532508397476324,1.5658871379608936,2.9615804957519463,0.9485471477166592
GLRHD0484,6.616402834178635,1.805901439351052,0.8019244414646881,-1.3579274751721482,-3.6753697236235046,-2.980107899021511,-1.2194618724437565,-0.30223017466852503,0.43191885371575683,-0.5002120402959026,0.5465822914386371,-3.7397007825341015,5.800406915656968,-1.1917163810436489,1.9800575479999083,0.8051028906297834,-1.592162524679382,0.6662682762838174,0.14787920847552358,-4.452312935235522,-0.8154877614438197,0.9383884444055878,-3.193118736113066,-0.8853096008207106,-1.8443590402111922,-0.9618270363582804,1.870505861018691,2.7855625246268843,-0.5218118681546079,-1.1027212454406476,1.9711084618954788,2.608042180832267,-0.6134240015343082,1.4336378299860209,-0.6078913611524406,-0.7392322882053156,-0.00517134442360726,0.07880986174196095,-2.9994871976259225,-1.5052368711962094,2.1130348117255844,0.41735548345919266,-1.252630432808761,-1.541750014771668,1.2403718958557697,0.5823108687496983,-0.2375969446082185,-0.2269149684209374,0.43739428105653994,0.35432978515636915,1.3299928137209613,-1.6586237259946697,0.8922501481746512,2.0032886500975677,-2.720195727218336,-3.1689206366860483,0.2923849316649664,-3.8319313134708306,0.3607555690411859,6.346526686933481
GLRHD0095,9.835256454035294,-6.563675249977196,1.810242521192275,-7.03849656956305,0.7317861174863329,-1.8074447100912698,7.618774178425348,-0.9466607994607271,-0.8508735437606325,-4.277193902016587,0.8746905261627853,2.5431697128338966,1.5660235545220942,0.13928054187371366,1.2747963708467265,2.8075295691594704,2.829607351737794,-1.4765847682510598,1.981170792685447,0.6251044700030737,1.5308618723024956,0.13508820867626734,1.5723347966027172,-0.3037477311400356,-1.7971080124738716,-2.286811962472522,0.9597963866644983,-0.4315518806276984,-0.3755678854353169,0.30043549404368197,0.3455589415059342,0.9414217886988432,-2.0111599233958533,0.31549311981120765,0.15592777610011654,-1.8204455654346032,0.6292416913260156,-0.14267033924901618,-0.11027150996747823,1.6290459925176537,-0.41954789262966646,0.7354135137004085,0.5771515339859854,0.8305538340492742,-0.11803217759435146,3.16503995818168,-1.7303254124252707,-0.3213640764130401,-0.7527021138722569,-1.9719388937534736,1.4855477164904944,-2.268953758948527,1.2890692575180402,-3.3949534788393514,-1.702186094474225,-1.8905111166141682,0.5091536115573774,1.5075031505662788,-3.02864119771592,-1.005293685188591
GLRHD0043,15.132825946347783,15.197010978551328,2.494359018203203,7.958386284152738,5.8310299851670875,-3.9301179002489115,2.5202207230604476,0.09392610161646708,-0.5839199080879462,1.064654076278264,0.01928459878092182,-1.6996119379588666,2.5522023409071313,-0.8697156423830551,-0.9154731191861477,0.34290538727415637,0.9254035333441508,0.29112191350286915,-2.491025656458953,1.9399233888146343,0.11264294620117214,1.83328122943137,2.267526775596032,4.024096023991838,0.43438106617576716,1.020873353101335,0.19527891996296326,-1.4949290584705968,-0.38492846824466415,-1.7209036720431163,-2.497237083260942,0.8009726246924208,1.9872004036250206,-0.4039817934247871,0.26099653948720586,0.7110610844911043,1.485102700363917,-1.6464195960281498,1.3802472879260559,-0.5256844803462621,1.3214006657564084,-1.465961263119223,4.192087550694835,2.417366860891461,-0.8831343079054188,2.569465812074437,0.47463287751239397,-2.7295194779007486,-2.643272840794801,-1.6229995143985063,1.2618770735887979,-1.7888433688706349,0.4578819659849139,-0.30847081878022214,1.6312399223374707,1.81250449304876,-3.049045338634817,0.250061994489008,-1.796606408280114,0.8098194024413815
GLRHD0446,-1.9731909846359876,1.2503035900541368,-2.03990097237021,5.537064317155437,-0.671146241172485,-1.3274660379691559,4.529575513007929,5.206474299899274,2.3206782548323233,1.1494621081133716,0.3271241858010413,0.8099110859667076,0.038532062094600444,1.6456727592326994,1.6584345578378525,-0.02617070077162314,0.025105116748756894,0.40893340227391556,-0.06473976417073354,-0.7334849980468688,-0.11562712527124876,-0.8088882001110852,-0.03772986930624414,-2.87993075951105,0.9967431653511353,-1.2554537242796144,-1.3501380875376277,0.6298146236188782,-1.3225623342477657,-0.4822145002075017,-1.9611187216841515,1.715476917403399,1.0952193702900153,-1.6305930622557285,1.368306725788551,-0.4393384652289632,1.5386100913138194,0.5532086444232411,3.6552386807919857,1.4275848824173567,-1.5234761834591253,-0.05698595952855121,1.2585249914589907,-1.4018841445570203,0.49525047922271664,-1.4719173702786028,-1.8978594828626303,-1.112492765271254,1.3509853904288995,2.327750127646273,-2.6143555519984853,0.6962846111749013,-1.0041918714813864,0.934368019019646,-0.9208520602278917,1.853203093054665,-0.05678851335142158,-1.2377909962532618,-1.5855031805507105,-1.7307770394808555
GLRHD0792,0.6431743483050996,6.4389358943919195,11.845828390169268,-3.9065472416515195,2.5410709004334864,4.20255746366699,-3.730215531750861,-0.666088966887279,4.159119654655538,-3.361072977432616,0.8413562566322248,2.1427413870989414,0.9085665337736483,-1.7994438157212806,-1.0085392983824186,-2.1140037047702407,0.49690572479299666,2.9950835536894482,-1.0343263031346173,-0.12888184936624236,-0.10892101056790109,0.15771941728169617,-0.9946420484947099,0.8377401206479311,-1.7274057120530668,-0.9175598698887892,1.3762423091376723,-0.620053034521361,0.39027788814105907,-0.3099314077004535,-0.9048352818372517,-1.9375122414117036,-0.388371660658565,-1.633521973087543,-2.708700394834376,-0.3631959899925882,-1.0924315145524734,-0.17745756572226992,1.558008296398325,1.260025134003672,-0.9763826188481072,-0.6960377688716064,0.9940319871548478,0.4863656375608572,-0.3175176834262228,-1.6099577852729832,0.6263457684306181,0.5785103681405313,-1.7076604390269574,1.7720628449661149,-1.6666980775138982,0.07030463505657393,-1.4060432606215014,-2.031080815557226,0.18645323491635468,0.14581669134934128,0.8854442524894361,-0.6321058855564028,-0.6902710885516045,0.2612829706122445
GLRHD0145,-4.013236299570256,7.235238976989313,-1.9029213428704517,4.452726504651298,7.208270068138758,-1.8957740487313044,0.6132974956268379,-1.325231811063919,0.7935593022294182,-2.036251430782512,1.0724502275869527,-1.0886767802516524,-0.23819646903431319,-0.17207023423808088,-0.8570860133041082,0.4189119928323308,-0.34503625521876824,0.03703495489672183,0.8098905901018432,-0.6958724872901992,2.2657780673160683,-0.4351982445471245,-1.1177012430293003,-0.16246148688972817,-0.9852447188141897,-0.8703170491425243,0.7090273856974553,1.6664252772905181,-1.338804298368582,-0.33818605020793496,-0.3880195024851088,1.0346370555430846,0.8143649429370146,0.8773129117178458,-1.3246434966709806,-0.9929987380506204,-0.09134712427418615,-0.759752529606968,0.23355697232746514,1.3257249239676314,2.2967986433762904,1.2650755749838392,0.958309044829925,1.8669502128054531,-1.2404301047233075,-2.1132646951227803,-0.1390530781749044,0.8827017630099249,-1.1674377406399368,-0.7581630110451021,0.8491846724707862,0.9769590280927765,-0.9437702173959491,-1.6379950570909438,-1.2061362005514658,-0.7160239834420828,-0.820295945304674,0.8181686866255059,2.6931741675876406,0.736265202330938
GLRGC0201,-0.1543159557009185,2.5468307243689354,-2.3040923751503826,-3.0509622113472927,-3.526361175773931,-1.453878028523071,-6.4983129434602045,4.469563332433983,1.4046080333823183,-0.7559488148842084,-1.8174920509211403,-0.6993718181878097,1.5480805897474803,-0.9669316142028002,-0.35250373422266346,-0.9046738800362127,-1.224348486841939,1.4794119680646582,0.817599425142226,0.4747827875825254,0.29721028870984045,-1.6894097613741974,-0.8841997877016758,-0.4734709500983953,-1.4796658726458454,1.2092556336564082,0.6525019050305235,1.4312930781975708,2.0445317108223415,-1.1769417412129122,1.3788381080159888,0.9577625196221334,-0.75642022039304,0.46444005022716905,1.064046203582242,0.14594078765364252,0.2625462522803115,-0.9981384522395292,0.5388644462143117,1.3962443506334663,-2.6601478268124126,0.49529819802768754,2.215937885171622,-0.06075803029530551,-0.5076335552133291,-0.7179454716695082,0.8809797281978751,1.6685647003530388,1.667404339602684,-0.6319864230796176,-0.8629372801976848,0.592917618466998,1.1597178288188539,0.6265898834830038,-0.5690137153176482,1.001927077375125,0.6589087202694899,1.8966083315675775,-3.892140688816891,-1.3726725590877893
GLRHD0619,9.732556448051378,-11.436958272550227,7.105252932019618,9.978472517934458,-0.1395599446538631,-3.6173380126590913,1.4670838632001575,-0.4074159469351652,-0.39044498829444274,0.18642013936596738,-0.1438306678049891,-1.7849493365184477,1.9934494566725751,-2.1542651280811835,-1.0703344813508997,-3.5157566393396524,5.0953411356874385,1.4881643368130288,-0.09156308574837016,-0.14105448013159125,1.9100126321334612,-1.0885543062380365,-3.8310451910571364,0.585663103401835,0.8949802608087101,2.209866499892805,3.1494723592992617,0.12939554251884922,0.8576966190071472,0.5044975164357999,-1.9331685747838332,-1.5699617923764757,-1.4853624742958726,-2.5041648881019802,-2.786875364826021,-2.9082615414799897,1.7789546488287378,0.6101693276432755,3.1246470317347463,-2.5630067283336397,2.192690078125678,-1.0427353483693407,-2.5306276771480958,-4.355164521575911,-0.5419308219319595,-0.15770424028238353,-2.562815134477282,2.597249286039541,0.3804186501015569,2.752067157536397,-3.016391011082349,2.2900156002454364,-0.882595897920205,0.9042862228391818,-1.6230515959525167,1.3908688213047735,4.010453399654123,1.9660741833283406,0.5472714380700163,0.41677290409356704
GLRGC0060,-27.931590344874632,7.548099340972713,1.5862715908463239,-7.698256546941975,4.150648561042057,-3.449928313590692,3.155911731892161,-3.366006810930211,-1.1350937449043021,0.30792747399412834,-0.3815840562682679,-2.7939388364183038,3.450536777841461,0.1603293578522511,0.8574745025714737,1.8915883518400771,-3.7153667297413406,2.33610655868803,-0.33056852798997444,0.8948505809086005,2.186169455522912,-2.592694850939999,2.189136222469475,1.152225704107785,-0.7056560006817094,-2.63811360715774,-2.0937735042392576,0.16816762562959997,-1.3459643533326384,0.81096025965548,-1.3480511403940136,-0.25335542616983575,-0.3149562236033836,-0.4670669898762561,-1.0250652896513837,0.8243489403086938,0.16707540518652192,0.347278849235142,-0.5295437297370998,-0.608270127756798,0.770263748119923,-0.8226865276805349,0.24094655569468298,-2.3059914640360755,-3.1747359127683703,0.1843451963273327,2.275761395182717,0.5652143484809723,-1.8617512561131915,2.6388564095706633,-0.5676101432453629,0.8354031525627146,1.6728674353367041,-0.3938241904074707,-0.6158767641910375,-1.1662265739074973,-1.4411375191825113,1.4689477383246896,0.21110654583830904,-0.9033830419671464
GLRHD0765,7.826423490387531,-0.6124399649969539,1.381739866870863,-0.4073650264685252,-0.4291582300432586,0.23698359894465332,0.6729822964822523,1.0168263688201795,0.4341069850111633,0.26305897615754686,1.0832390334451765,0.9888810583589513,-2.68516864645947,-1.1433903675880213,-1.0863747460957152,2.605582524065865,-1.6229429963937554,1.4250931299326468,0.65542957710131,-0.7919208567151942,2.8092443450766154,1.0109385771756174,-2.306984147834644,-1.105562893497132,-0.10615722088664012,-0.167831841338837,0.20726299770826107,-0.22451189479189343,1.7155834935799317,-1.0570782014359617,-1.4529827736556091,0.9611909292021438,0.9827607393160216,0.9038405468215671,-1.2007636009965723,-1.146125714028915,-0.12605586627218202,0.4768552593726416,-0.3273597538127451,-1.5520119263259406,0.039043300193973174,-0.25139671867270397,0.1579136738919269,0.928230556868292,1.7911970269225665,0.3057296439408191,-0.7464469268063064,1.5548225247316496,0.7045465906959575,-1.337249908874302,-2.260894797055169,-2.5061488112420913,0.7707165435123111,0.3907451686837935,0.11061433213547765,-1.6130922001500216,0.32485471924731557,-0.07172332298127673,0.22571648639780773,1.4112397572915822
GLRHD0780,26.9636544307733,-6.949267160723257,0.020531483817002986,-1.5873474786083532,3.127377844245917,-0.9249499030066279,1.8770628158521898,-1.913769579690828,0.28372322010463674,2.332816927773025,0.8714149748720023,1.0123571072384552,0.17210462950362973,-0.06538960004569308,-0.8079023610494375,0.4118692262587067,-1.8934049289743038,-0.7253160529428144,-0.8436339250205827,0.2040231427126241,-0.5947290922677237,-0.7072445963788077,-0.28296766247217964,2.836176447107975,-1.3623498938247132,-2.0398396193340624,-2.064093478064549,-0.6658631501478853,1.4388493831749534,-1.9501145541416873,2.0545361437316023,1.9587059153370006,0.9252495798955223,-0.06389848700481804,-0.3962099093227573,-1.745774495284545,-0.8596059310613909,-1.3634756059298596,0.26049024770103146,-0.8598466107456927,-1.47687807610888,0.9325389139232795,-1.1706641959945896,-1.2457507438313709,0.6663942858310898,-0.7366462515512687,-0.5611601153994242,-0.3137833147271484,3.715608227270386,-0.3425535805085196,-1.3479132690174356,-0.9767785350447941,-0.11101560640244978,-0.14732364446410876,0.4663231002706967,-1.3784127964596595,1.3650113278025584,-0.8642743764809075,0.7029240878070601,-1.1474105118782578
GLRGC0051,-26.606440309354408,-7.328569944541972,-6.459146465123163,7.430857575924926,0.3326082810601987,6.014951515193159,2.8647470032532807,4.052721017189163,-1.5675846982434858,-0.5521503127818239,-0.8587956697347201,-0.7057743272294247,1.6868637705525453,0.0008263396771241269,-1.2966955709575094,-1.7173929260437146,-0.7071540136567829,0.18288985962581955,-0.2929844370349805,-0.4387586135897514,-1.4696279337071503,0.322139669940715,-1.3135113411444936,1.3269334279998222,-1.7718773969455013,-1.065842700023861,-0.4021288432467691,-1.6462695921637525,-0.7776644140322726,0.23893920333667681,-1.0760725030764002,-0.14621436092246093,-1.423787858779437,-1.106981213334906,1.5827594932023523,-0.91548073170812,0.1513044939999417,0.25858039146337186,0.8087750469217008,0.004454332826380792,0.3499581257543108,-2.170543546781172,1.1683623580503872,-1.4915027274955686,1.1189802308259207,-0.19627870639150616,-0.14411577442061882,-0.4184399205703053,0.93361712172642,-1.775499135977987,1.2815844134709988,-1.007168120906338,2.111604017213006,0.4665398664333897,1.214386226355384,-3.058761195990484,2.0386469795447995,-0.2551119531392436,2.348640420517769,0.4030037603120623
GLRGC0068,-0.4477976442759745,4.324353231838679,-5.069181484521589,-2.0724654585006985,-0.6319347687694967,-0.13219502523485693,0.16899647248913996,-1.3296137940469976,-1.5847117621346147,-0.23546669943367454,-0.8104443673611123,-3.4001578763330005,-0.28702444633129814,-0.8647294816466993,-1.7275108214975023,0.27330951655555297,-0.4998652998910305,-0.434320335319009,-0.717175298012593,-0.22663830139701885,-1.0855274595312534,0.5831921254585267,-2.5508556831929954,-0.45867613365853666,1.2821010557288237,0.8830933548904621,-0.6245216245869163,-1.691713968565248,1.8111112616792242,1.0749206708492018,-3.503859467491206,1.4837563550501551,-0.7480426392400226,0.4125841744230507,1.0738267426061967,1.454538953766661,0.1653010087251808,-0.0577041350379572,-1.5442022887629332,0.2311116560683406,-0.09246960512773338,1.2145399577972331,1.6083586481269647,0.031698286280779635,1.5882777371277206,-0.2685935081185949,-1.9792649018106185,0.4384705439714222,1.691050540442971,0.3206202839142923,-0.6505353868757328,-0.8412462410326123,-2.5854298125256525,-1.6913891235172256,-1.004165551813931,-1.600500812050752,0.5230756108262242,0.008446212021839934,1.7720857270556474,1.1713813279676575
GLRGC0273,12.345382896081354,12.434797324990184,-9.33295774783052,-5.160333080735587,2.069556904923978,3.8000370747886336,-1.3731400991683465,0.39897315524872773,-1.3587992726207738,2.031506486575461,0.679438871310538,-2.442245040598344,-1.3375393430997187,-0.4107994332709653,0.9579362414445997,0.8100456266436005,0.05354359366493901,-1.0539365875377873,1.0921487596167385,0.47337018849385487,1.5491737196049704,-0.2542073114890384,-1.0879479863262074,-0.908955944343047,0.75352495025066,-0.7548222229829293,-1.859194561084403,0.5316692987869501,-1.7691672045850921,-1.6023326567095548,0.34823507114145974,0.893597092797837,0.4027179781341917,-0.9856159152810559,0.8650048318218695,0.26921267552261713,1.0191991751376126,-0.6917950520650946,-0.05744929444611317,-1.6450665608478665,-1.9999019565074214,-1.6443709448782886,2.1148066450579117,-0.8005199813274751,1.1820238786086599,-2.444946543279091,0.21528960703930597,-0.1553432472884968,-1.159738462851212,1.0264522945210186,1.6646977325180603,-1.131382800662248,2.1589989280197313,-1.2342970512448301,-0.3994999595401529,0.24600857888290323,-2.127228883729371,0.9980821560519215,-1.9468626010269614,1.225958527564687
GLRHD0804,-28.269698150280135,1.0078193976760967,-8.872663970079987,6.909422920242901,-3.374229773421766,-2.4870057294467856,-8.104214763252777,-8.067093097981408,-3.3787782170556495,-3.2306092466329956,0.2769574770597561,1.150949906735774,3.796845066085392,-7.92284160829734,-2.618925830060614,-9.028175384985843,2.9105150520801617,5.958537283644437,4.217552231785921,-0.8970599430376469,0.35243813765403625,-1.5004025930022544,1.735528533401888,3.215156478718591,2.5307285759379856,-0.9866325134347936,2.116586658121054,-0.5232624776662831,-1.6557152282165684,-0.08939345553449508,-2.906483035932502,8.871381649361917,5.02409945045102,-2.80093663781031,1.3302252303057576,-1.6759457010049674,7.658860960144126,-6.627512880066808,3.9701817737216283,-0.8599986307675486,2.42290276566205,4.020412436618559,0.7606464154216055,-0.24528135121403305,-3.0396070146823195,0.9970883744010182,2.2354938891851375,6.982066335624418,-0.6555827559850107,1.8214966467641747,0.969215313441464,-1.5812334183521006,-3.312059308452774,0.38831071253754307,-1.3554064065616522,-1.6851595305621976,-2.4448247517952426,2.660893283415583,1.65718838789605,-0.7294718354619812
GLRHD0712,-11.324836949284046,-2.1717961864114566,8.404910185631502,1.6833670478160774,0.3652866527442372,-4.852080605790108,0.5128344982191373,3.250145950831627,2.512881608837973,1.2602283917925552,0.3924270528186129,-3.3736318047932885,-1.0461876140773587,-0.5440577239507473,-1.0322164687796462,-0.48018070229831955,1.5306073243669696,-0.8285086456155213,-1.8789594749728762,2.6685956202849304,-0.6532447473558606,-0.6026035415572507,1.070257849416017,0.8047560068865824,-0.6427366705617094,0.966435961744843,0.42157079060634156,-0.8005453493002972,-0.8036294851767348,0.17542602751962835,1.2220783959533108,-1.0350497737422435,0.8321463714083714,-1.7314117027277,-0.4896797416831304,-0.12928109802493415,-1.4263964691190452,0.5233789279005904,0.1455212309057901,1.4979570429594917,1.2782710525473056,-0.9252810305303255,0.25104554997883466,0.4097646128607664,-2.310626815665513,-0.00023782544306157652,-0.9972380619942105,-1.237001680312858,-0.09730326909485368,0.9417376679905036,-3.1695205181382593,1.1906231173028385,-0.260711179053461,1.219327034547473,-0.06553779586678708,-0.2017454913575365,-2.5558654617781618,-0.3290086640493759,2.3218883172776486,-0.2057893093192275
GLRGC0178,14.75028132702286,-1.5553162074951075,-1.23978933843947,0.5198631165563043,-2.927936165095149,-1.0582147101378152,1.62003427823569,-3.705034424548808,1.1840727258171253,-0.48538484948623867,-0.13286216010483276,0.28778444170495415,0.1435762754096701,-2.358991271144459,-0.4747234039033169,-0.0781095819482351,0.42463139193237337,1.6104311209961868,0.5027271133079155,-0.37339987520304585,-0.13657239608600852,-0.7145105337531379,0.2700977480365277,-0.8238990054353235,0.6844337865565409,-0.43877066847410384,-1.7321949888251118,-0.12986513230831925,-0.5892143957743144,-0.3519226255722656,0.4816850202273382,0.0026016371677519082,-0.335083063883078,0.36143891781920107,-0.7566796512227313,0.9064614398928326,-0.6585426258603653,0.7921939838687039,-0.9643149965721973,0.5439500082248967,-1.0596628640787191,-1.4228252537690849,0.13415502527275358,-1.4750350409759785,0.9374930485068885,0.25467282357225174,-0.6804547322424257,-1.045181473507245,-0.5440363682752138,1.1653242726968238,0.7040443804822568,0.5495136579496209,-1.288290710552722,0.3922083384523466,0.31945985453846587,0.1331951803630879,-1.4385068375713297,0.418931104201008,-1.567095803641979,-0.5163152342889716
GLRGC0281,1.6327330547000458,3.9256709601467725,2.2282531934841523,-1.5233998956649417,5.858539719966388,1.583733994530978,-2.481100009258779,-1.2558243871135708,-1.2463918662875435,3.844020074795072,2.561147110988629,-1.6591472339318505,-2.1353835763907685,0.3435162174944571,-2.8624411125321045,-2.118774159626562,0.9520812619700723,-2.215602671470469,0.23193861023509404,0.5109405120564199,0.5454377592368542,0.9665347916171723,-1.256741819345346,-1.930219999674241,-0.5447463592514189,1.0452792880353785,0.26529276818634473,-1.8222804989443389,-1.1832604880920736,0.9669761400020608,-0.5479085434766827,0.23441992633204775,0.9624621300552759,0.7777616452453819,-3.668642746796682,1.63342874901015,0.42159192373108345,-0.6642086594266268,-1.4576380976355388,0.5758678272335825,2.0215712455576975,-1.6986874872147222,0.007853586516404599,0.3802282861166783,0.21756850964899682,-1.7335628964226777,0.24634085598121552,-0.5544791462494965,-0.14728508992610903,-0.05027888833936342,-1.1909743528698644,0.7314154784328076,0.14800502872579488,0.3940113852043201,1.5499759861144211,0.6341904960064824,-0.7859710149659146,-0.08048334214123459,-0.36962648232194345,0.3418429923604179
GLRGC0361,-5.559742646714971,4.0085453789457866,0.13305883795188703,-3.6547617056809885,-0.9847700876260602,1.1158678352857627,0.6108373153872394,0.41961687783446355,-0.973120285026378,0.7680937549060085,0.9471787241928483,-3.095781313615023,-0.9200738898286991,-2.019617827812071,-1.554366395774764,-1.8975925717684916,0.4963029079376588,1.9398512579305491,1.49911067006359,0.8159391366371688,3.1984618320024234,-1.1771072865895456,1.7066150963658324,-0.4307661948554375,0.030028175975414177,0.26680425727673224,1.3425363414433478,0.7014141994412216,-1.6312168044516773,0.35013922390827495,-0.4781991721698819,-0.11746356460273812,0.3849946473812272,0.4226385852721693,-1.2440968092708695,-0.17995166713027916,-1.8375380874642973,-1.086610142238911,1.8066196821883744,1.1267986122806324,1.952563294778948,-0.09876228612396866,1.066132532239702,-0.4613254947560772,0.3399046970286164,-2.4671101468981074,-0.3172604380986048,1.2659463389527965,2.0078932453337472,-0.3274780541766496,1.954540905864927,2.1824302074287587,-0.11927236358456599,0.3932419657101997,0.37155310201943426,3.0028012607158043,1.0700411370630118,0.903733149269608,-1.6350573758880778,1.25043020667166
GLRHD0756,14.49346603650967,-11.200055090360452,-5.0698199436355464,-0.6420661650899123,6.998303346651634,-2.7257210130499994,2.138763366434613,-1.1684641469784798,0.2825661509928918,0.40013725121982013,-2.4802531233444998,1.4316146782590926,1.4794081105068266,1.2480668075829406,0.6362484942701196,1.6084682354832194,0.1387059840478166,0.1868841851081302,1.4646044129919746,-1.2673504654841468,-2.3282112453230033,-0.3627700284560643,-2.40171784357432,-2.0902208183433904,0.2949103301244702,0.049239713986512,0.3253723146312903,1.3041372717542523,0.1533707225559668,-0.8214208666620818,-0.04990507104826486,-0.6396975411973289,1.5212223257102335,-0.9620529953486855,0.9202716735650829,-0.3622773419226823,-0.4328818403656966,-2.7262419334885775,0.18963411698587057,2.947434388565545,-0.20462272400345652,-3.0370251616624437,-1.042013691738864,0.4298475344217551,0.5742542631178501,-1.617212697711215,1.2245390301950054,0.6621489727071382,-1.2498007896436731,0.46833530520994887,-1.8942785073102324,-1.155677600056011,2.658701527323121,0.3950825211791664,0.7528542686543024,2.4483305812659637,0.464924688689934,0.30967821041946064,-1.9303432945542247,-0.16821823332149977
GLRGC0133,2.078794704699663,-10.347062805396542,-4.666927167942257,4.287672996791114,1.117809528606293,8.852427631512818,0.881535216134758,5.322087037386886,-0.8904328700966413,1.4969083311015259,-0.9754574476204937,-1.8033583025512383,-0.4478113405892372,-1.2363509763657297,-2.6412683176452894,-0.9932456401312987,-0.05746815711872037,-1.1321965012579216,-0.46998964707562196,0.6084872495441926,-0.10589719251212205,-0.10467325945358812,-1.3152520012771078,-0.4768062472190318,0.504814954357686,-1.3426486992648858,-1.3140897361924706,0.006701903332644741,-0.6248908751968244,0.19391290789296797,-2.5986017264564136,-1.2681658822702526,-0.6520562128659608,-0.9146728512088503,-0.05212878057199478,0.5831271178908534,0.1673851352512471,0.7702641483102515,-0.10885622253573972,0.8653363963373872,-0.20627418275166615,0.3839796461156748,0.35781706773525035,-0.9879979296813701,0.26479501605143807,-0.22111786222167965,0.019051794631048963,-2.102338586877192,-0.389326126315348,0.4332370179721234,-1.3725635976866575,-0.6467126264529162,2.1037617523143104,-2.3284175407412713,0.23540341616302934,1.6576674190296383,-1.8938348918546668,-0.3889151135987165,-1.0901934389086871,0.018007226979390663
GLRHD0557,-7.453846961050344,-6.603654622641426,-4.879860363671706,-0.17884249050086667,2.3220969114194894,-2.4918214503540717,-1.0867928711122816,-3.092904301457827,-0.8148745987085134,-1.5958207979021435,-0.14972140790076627,1.7951674894010676,2.7038230104969077,-0.0746835257505369,0.262765978296992,-2.058921742192429,-1.3967157617625887,2.1141935168671147,-2.884353351586727,-1.4987345350267598,0.9489909940064546,-2.3144970751619245,1.911154399415449,-2.0233686850164414,0.03669786269781,0.4227289308563374,1.06938826467672,2.543580253919751,2.334774081225161,1.7935998890309401,-2.435524658364389,0.30982243500512735,-1.11034235299976,-1.2314728244673891,-0.6414448673510673,0.1325227916505521,-1.1620602396199629,1.0890880336751592,0.4879214551811251,-3.8432320216793014,3.2581535235977914,-2.45215732469813,-2.1960687022664644,0.975249023094165,-1.287702237152904,-0.9822677922873804,-0.3385212649701846,-1.335968898620572,-1.3286027721676148,-1.436696776326234,2.4452174547768046,2.781177936777185,-2.3961658467784486,0.6930198570924613,3.0328081762914505,3.4163758677670386,-0.2519788060076255,0.8020824041094899,1.1693467545362062,0.8444430740947628
GLRGC0231,-12.851223375424496,6.474791125918694,1.8584503126927898,1.811858315754986,8.29224311997128,0.06531031921709114,2.7993777775097652,-0.5733646876160642,1.7293798643500062,1.1534074075722809,-0.8404749078445591,2.4950784365212533,-0.6313948560809999,0.5365410332403244,0.5836286212216297,0.15345755994541585,-0.8549262673640031,1.8311219394616356,-0.14109756516967387,-0.19315979429937175,1.9715564133383912,0.686983206632571,0.13932927969257264,-1.118719736228383,0.9247741253273256,0.26911130419929497,1.970589794059956,-0.5746326667668337,-0.8262705352523197,0.4610392690488385,1.0392433071043299,-1.1963613317755122,1.9999160358769814,0.6888024294805111,-0.8289907516075359,-0.9128121329588461,-1.401322467146661,-1.0660953803779525,3.5201692504962185,-0.7608604461245361,0.19420054055342928,0.049615570600995064,0.25883773579099895,1.5990572091313933,-0.19107031213158823,0.09238655687613145,0.48074876671240885,1.7309072370602723,0.894419468394718,0.2769672035496677,0.5743889087705774,0.4769598146954406,1.1143671793527148,0.5131668893955059,-1.415549703725092,0.1278247203437042,1.4389990047109786,1.0302734757037284,-0.213323142869258,0.7863763256645399
GLRHD0693,0.22085103623816,-8.51850833694292,4.231453600224677,1.5273480381750004,-1.9550719077234238,-0.7264872612026205,0.9651955625509997,-4.878153174857442,-0.945248401369312,3.6102542287464447,-0.5099066502935111,1.1573673704969276,0.19559735190226799,2.555964498315281,3.5096384315165543,1.6414016225607901,-2.9231395181371447,3.366761385760182,-0.2047210103313789,0.8964048060464394,0.5007730102870251,0.3728569594504981,-1.0613805240840926,1.0352032153064192,-1.187646733896223,0.76001604148129,-0.12868098014729554,-1.1869455649610678,-0.4465754092690074,-1.1953943274574923,-0.44432991370784036,0.3432827952771884,-0.8360302746151759,0.40788282684788413,-2.515766017893009,2.5634599751382914,0.30440980540285606,0.07587755215356339,-1.4367122176770988,-1.2179731215312215,-0.8536256655536186,1.4793780283636724,1.6005934556697097,2.0783396062536412,1.1523234066318553,-0.6950463321000482,1.1770477624109954,-2.0205048182844236,-0.8369541180936182,0.7526956063801324,0.9583088913325893,0.19664531436987664,2.8529437503808075,0.05991448210141122,1.7299980349125743,2.0788393828399796,1.881806064251091,1.4655787453702278,3.337727776058375,-0.010575542974410282
GLRGC0287,-9.550712269926226,11.859153281949641,6.902650943934573,7.163055813664234,8.80795985968676,-2.054638994535424,1.2457560985241904,-0.7210079784399035,0.7743586895623414,0.2589253461708988,-0.15357492032264108,3.5980661518524713,-7.079082118249016,1.0495574177700728,-7.22519285222287,-0.057637407334019536,-2.1217216150953004,-5.982030188011488,7.294901691009702,-0.950068997482361,-0.7911220466022711,-1.9671899132463084,-5.806943043008357,1.9845360044417695,4.115910790827124,3.537184939369752,3.910170053612266,-2.8250667462387513,4.656666255751647,-1.1125040567709263,-2.6094793121698436,2.6188406620442146,3.2910901489585207,0.6546251170794736,0.3354928610867814,2.4298009308813677,1.9807368665376033,-2.8133207253548127,-1.1411946363992989,0.9197843141846789,2.785217261280554,-0.2189277165041261,-1.8744071828033706,1.8887001954035292,0.7272140629331267,2.3060732917793594,5.9620692926700745,0.7318617677277668,-3.602697759078736,1.513583885477857,1.8580304158428391,0.796421190516353,1.9276559937018156,4.453290541406826,-0.7154691716227388,-1.7303540682996992,-3.2755357946920887,-3.623936272487457,-0.015629000019832105,-1.3386096465304187
GLRHD0751,-6.94052420937317,4.92069710390913,6.280276593401844,8.100400979230077,1.825737448500312,0.24296864866159956,-1.733114985231704,0.817136829477102,-3.7903857817573074,2.690072093297654,-0.9650447688720807,-1.0574013432028666,0.841090260335717,-2.424929595568976,0.4586594224304118,2.5970842262911074,0.5533150710919224,-5.124280510257768,-0.8615910288227893,5.256302769733575,-2.99813718928844,4.511334337598786,3.647397164469649,0.7847364796479174,2.2422555288279007,0.6293675891680294,1.2286101408332226,-3.1285126338836102,-4.563982122791427,1.6300141976007223,1.9619349601603344,0.9073071620075457,3.579107791519027,3.142599835263332,2.6031726314847226,-3.9117937407316625,2.0415873981713375,3.0072067190306147,2.234444572089002,-0.2547367167960805,-0.0625531917276673,-2.7490836040056172,-6.231983442988997,-2.4662305830328717,-1.647758442012245,0.5378294260189189,4.120060329931635,2.933953994076006,4.869200014995066,0.5134703617665574,0.26099467428856216,1.6110819938949026,-3.0506811542385757,1.361612612111101,-2.038304523240091,-4.188567154404117,0.4329497819234457,2.5895098416843583,-0.028405834819004563,1.1769571902562346
GLRGC0189,-2.6740695114619384,1.4998195521599242,3.432196376080292,0.4497501604756844,3.348689071288028,-0.9738614554420417,1.4897574955569568,1.7991454662743276,0.10439765296372638,-2.498666836657002,-1.7751268012891093,0.8320459484063756,-1.127438626593749,-0.2822900248721152,-1.142983399097015,1.3105268440186335,1.40206822744757,0.705983841800476,0.1676485123053656,2.0565079813923104,1.0727113324111683,-0.9402908302149267,2.9263058642545055,-0.19112308779800674,-1.0197853682943128,-1.2414743962145147,-0.37243176716241877,-2.517418496775807,0.018339590862655974,-0.7113340655687388,-2.628458067643486,-0.3960009087021684,-0.4466491006234587,0.9486201971422582,2.699429069180624,1.6292259483782265,-2.446315899619353,0.6041764567948403,-0.8610209382494871,1.2406785984717978,0.24389126019017543,0.9484861663783102,-1.6110327646722962,0.8845139169688522,-1.5666936130066378,-0.37016351490292443,-0.29480549474071865,0.7204520130758404,0.5654615369564144,0.35114635330042576,-0.29036632490954517,0.6642645620963016,-0.8777149715089345,0.9280761829554389,0.3292948896910297,0.010320853101274676,-1.1405682045193586,1.8662357075788059,0.5984865629342236,-0.5262070092908147
GLRHD0818,-1.493107360335158,0.7052121370032062,-3.449940017786769,2.0300711554402997,-1.0839747078742863,-2.556923498847763,1.750164727375972,-0.6598880729301577,1.5771835418023512,1.7286116555229245,1.1714879428558658,3.136888158956059,-1.225829965379793,2.320992490079637,-0.5277715397918386,1.0017930951003642,0.5570679505169458,-1.4880059380194135,-0.29962853515668375,-0.5820276168925277,-1.6054475291694752,-1.2051664438734966,-1.1101344493733776,1.4528541858634525,1.3703505264004339,0.10036524395070172,-2.0275858079243343,-2.0465877849445624,-0.5003753056119749,-0.24093137926280297,1.3615472987165598,1.8054354631806573,1.2869116161029834,1.342464424287904,1.4354806105986022,-0.6118888065438968,-0.7944696263337839,-0.6459714078301309,-0.3031305239808979,-0.2212611742010513,0.18746021018442244,1.8577614885624063,-0.320158115048583,-0.4550922727212712,-0.9962636387767245,0.19180754099176783,-0.10737123145222956,-0.4191858894276514,-1.310996023078713,-1.6175340190489862,-0.05138938916362435,0.07778324180512551,-0.08348748700967322,-1.3174472844243141,0.9223273701478938,2.306119811285623,4.264538096402016,-0.4873818545371427,2.672041474322403,2.4217077791944766
GLRHD0620,-13.639472516509597,-13.162832118997844,-8.217658568909965,6.231293284087562,-0.1633817475497303,7.516651830861425,0.46144815745430384,3.318368857714829,-2.475005538611067,-0.41214604826764556,-2.922842055094814,-0.23127996451087646,1.6059032139204183,0.7466345109871397,-2.9564062963272923,0.17918577002469743,-0.6112393943281857,0.10533158215939142,1.2707845848293742,1.4300684631940401,-1.1050684056285498,-0.27893755268235776,2.7415142810097364,-1.1497893290905938,-2.357363395732056,0.7460149948997591,-4.644221914485628,-2.009824994041587,-1.8515560235930635,1.550533746046338,-3.574032009226092,-2.598013077393801,2.3232877860806704,-2.220192546683265,1.145262750535532,-0.6542625784491469,2.4288219680802934,1.2724547663539736,-3.0364758201899154,2.1049170054109068,-1.9971363751191413,1.4918709318287084,0.470670935378415,0.47347546062656853,-1.0841184924718323,0.25840830034042334,-0.029694388249483335,-2.8404390176852665,-0.210912941872352,1.5962020305880893,1.1534405029725017,2.04118383453165,1.250328144080015,0.5503224863468135,1.0540491129658882,-0.9144849498402582,-1.5483607790598763,3.288219532505198,1.844871881914179,1.6406270627799875
GLRHD0627,34.901030040561864,-9.266274729944403,-10.051927064359694,7.3919263810494815,5.723914429292656,4.1570954839716885,-3.322875485236334,-0.7566555278802843,2.12499351681279,-0.6310345056716574,-5.285883777343175,-1.021124529286795,3.285133281156661,0.3792038536587948,2.481847784562779,2.894014165232306,-0.42356418198125195,0.4739013124604039,-0.425558560544641,-3.723971291307409,-2.1818051466201975,-0.08882376557932638,0.8676515015296972,4.244204268644619,-2.841651699183788,-1.679909357956268,-0.8248204960884788,-2.592958565309623,-0.6589649368419904,1.231154514787313,1.701939904791205,-0.3178630388846096,0.13546718141563657,-0.7009876193021326,1.8418546948740626,0.18600854499707997,1.311068996568796,-1.366364822567787,0.3639084889520683,1.2831642866195976,-0.1016626111262293,-2.4034559623972953,-1.5289311525370581,0.3738652596527002,-1.3579776977564066,-0.49799435547975923,-3.073387649369744,2.042202265443042,0.26436314669932576,0.18018392098873226,-0.3969281962435145,0.5588591519077835,-1.0315932458268748,-2.0434567982668885,-4.021145741913772,3.6294459227298934,-2.101527292421757,-1.0922487288021583,-2.995924446487016,-0.37442422445797946
GLRHD0776,2.4331726407517156,3.2964904662381027,0.7535407948164611,0.46835725976603915,-2.9564918803122935,-1.8139027224600575,-5.466837489272473,4.285430419763604,0.6596180952862682,2.59932251900087,2.3605278285497704,0.698215068306859,-2.4246526753281015,0.5353455051772796,-0.8411480761968018,-0.9744562514104806,1.4002361818470805,-1.0701362947760034,0.2055750728481855,0.043562302793465936,-0.2404992749361382,1.1760120633753675,-1.0705769757351535,-4.035604338741762,0.1415164602256436,-1.0095424031994162,0.4678636578470219,-0.0753358465591806,0.05175162616167596,-0.6286746426336827,-0.11140466494974549,-0.32575152544640457,0.8497877565124129,-2.836018198976617,-0.5306699180174292,0.31863372565932474,-1.286864111700104,0.4901222800745857,-1.3714621963534555,-0.5667615115306673,-0.6789674200786423,1.304557989645477,0.5742242950061031,1.2273392186041834,-0.0774574236581976,1.5171354010430733,1.4251809121474395,-0.058695208050193695,0.5954931490888787,-1.803233113574968,2.343359345852531,0.2531994634200643,-0.44666016306218626,-0.7364268662863104,0.23030122674629855,-0.543904481727901,1.3947860907386618,-1.0115141343556633,-1.0873026730510238,0.9616950801875473
GLRGC0323,2.4819243882854582,22.448999010517696,-7.227311778720266,-2.569399959763671,-7.860398162751882,2.83034328280695,-5.57098626342318,-1.1748623727038146,-2.7369193049933425,-2.864991465380276,-2.752812525230092,2.398304214536051,2.0826827880890377,-0.6894269602334612,-1.7829698574902415,-2.0476335862758988,-1.494579215907382,1.5722976158621,-0.6482773605289694,-1.3803315376292489,2.668735925465447,2.3491849663036644,-4.515624203016552,-0.4626369410612631,0.45193510287762567,3.3034817102339966,-4.424688282664948,2.5701152278154358,1.5136078541298392,-1.8122658308709771,2.5097791056096006,0.9752241052106287,0.2725584866348852,-2.258428951894432,2.101477940854108,-2.1295704435142757,-1.005916577069178,-2.498270216218324,0.2682423472036329,-0.6715116037490856,-0.1263917207786813,1.3998794113220063,3.2153149317204086,1.3421745140304457,-0.24342424278737312,-0.05429532886325156,-2.804588039218637,-3.3644558067843153,1.3457189929983324,-1.0657176954894887,-0.9431925451352885,-1.3490688562194377,-2.5303601050678934,0.005298891631743119,0.6903272338125355,1.221892091915507,-1.9871798347446024,0.86790845187484,0.6384639420160202,-1.4811335954794742
GLRGC0430,19.29248991757718,4.977630261443426,5.222184350326333,-0.8303653478035736,1.2990570433264157,3.3247265476172863,-2.186668394699891,3.528079724529375,1.8073759404136394,2.06539197036617,-1.5206217467983887,-3.173600921817884,1.766387804072494,-1.3746712693278738,-0.49331527527853625,0.17020637719259865,-2.1153536286457113,0.7794883952816378,0.07366377959991434,-1.6223489695819153,0.3853967548242217,-0.14338914701724104,0.6285368627436597,0.03252373491502055,-1.2991403032220377,0.3552508461134498,-0.4145075523660585,1.4722832532410974,-1.8336969210158944,0.6807561996562324,1.2037912284237569,-0.8971000678285665,-0.5010191517927807,1.2754030627561246,-0.5071128672744689,0.2695052246542962,0.08247726143714906,-0.42760603734535446,1.2704115987405304,0.03635257796188115,-1.3983588568983674,2.1111185377911026,-1.8138855752047167,-0.45100489979722824,0.09029124416408017,0.49988580051835974,1.0048596969044623,-0.3741983974703163,-0.061756135325099555,-0.13728242960000012,0.03162242998576457,0.4515148279144243,0.9806766146037864,0.0320481389629615,1.6133623019296879,-0.2969780736521219,-0.26568896460642927,0.2915986922492908,-0.43877097245782976,1.3113286784840712
GLRGC0058,-0.5146298374315976,5.747191380390845,2.6935417274753544,-3.7021233420509962,-1.987926533943394,4.73646089920344,-4.522285861462236,-3.6293728687864113,-0.8424738954652731,2.2011848502303977,-1.6571236602724353,-1.8474231054726564,1.985516478611135,-0.698318509407033,1.1528193834971912,0.8471299889259298,-2.423607438714999,1.3433408073477973,1.8085794786100196,-0.09297855650325289,-4.644708085316581,-2.98045668810826,3.1486973681757053,0.86509633322696,-0.6395982317468807,-1.559702293871528,2.7302630818304827,0.7624312311998058,-3.854334584458254,1.1415555162242546,1.98983057859858,-0.7315738745946887,1.6386508623844585,-2.743938562970605,-1.239474943669526,1.6899594509043876,-4.603319864386209,2.135968586899378,0.5214469517241437,2.9368766568409823,-0.3625373216185032,-1.0360370416161937,1.6487447176136647,-0.962485534433907,-1.8861672826445715,3.707110104673708,-1.4438577100823835,1.1508621329294308,-0.07287228569067226,2.848561759807864,-2.3013022229215045,1.7190921248937545,4.696629846780411,-0.05989024123297159,-3.320975404490028,-1.2929038975613385,-0.991526225741384,-1.420807302207556,1.7040132385423978,1.6626253926335988
GLRHD0710,8.69405251992283,-7.169178186997587,5.110129653714791,1.6624620295103363,-3.1128875165784105,2.4875366480489762,5.110171390580351,1.1362903536952178,-1.9503652655648724,-0.7383668570581792,0.9733878359435699,0.44452141453511174,-1.1067880309902716,-0.8327036808184279,-1.08736231264568,0.10992775987315691,-1.6213278014090753,-2.0158815724568786,1.3310537655029324,1.2840251138434509,-1.1396593956893966,0.617532738139409,-1.4898205474380615,1.447475801562536,1.1121408418980874,0.09321259166473271,-1.925828890275668,0.29432461083687056,-0.5296208385954894,-1.9465201874272626,-1.0562976492573082,-1.1301420564753164,1.1834065587933276,-0.18834005835984877,-0.3940334245922148,-2.813527822404393,-1.353917479925427,-0.741558216429193,-0.003982067759354249,-0.007927308880674413,0.9865550681681884,0.9692607654279999,0.6804491956931233,0.44795479065752175,-0.40572866060058876,-0.22624478214297128,-1.1158540368545231,-0.45362354380349373,-1.4743753032377103,1.678608405223699,0.82714931953745,1.7842822769302473,-0.7152638338579766,0.38314671883835544,0.5387659275934471,-1.577607265627628,-1.0398275801909687,1.846740081766838,0.007364163290794403,0.0678589659608202
GLRHD0663,2.2855427259553545,7.562991323231782,-2.4708320542728552,4.106268590024717,8.86395744499946,0.164676617041883,3.2543225140117977,-2.9195230978488222,6.148841590589958,1.303683133904737,0.6988608883149575,2.2076090611443613,-0.6620351007044044,4.466473813864275,1.3445954268815927,0.14474455075448592,-2.0631574173802036,-0.6218642853031062,-3.500737384996983,1.9483072072226386,1.3000609454704581,-0.11141112780164225,-0.6822315910099551,1.3892968383539102,2.598551409498234,-1.0127037038723494,-0.6521791198726622,-3.219052219602158,-0.05992311113251824,-0.1691651392159704,0.4409052209701883,0.6694409443754378,-1.0793482319338814,0.3013373402930933,-1.6778724507072322,-1.9996043190070654,-1.5317675079165503,1.915919949989201,-0.8460986402138354,-1.729919650755456,1.1979033204210143,1.377597405485688,2.6052999565711064,-0.19965742131797945,-1.3434135207961524,0.9273769889470358,-1.2070468633154112,0.9924935204881455,-0.3404923764531497,0.2004650111574169,0.22288903693644768,1.649455259539627,-0.7690476376103782,-0.43241222611152025,0.5297974733474439,1.4340313407312748,0.14413902633733855,-1.736377054207615,-2.7418385020325813,-2.4210687082139097
GLRHD0784,-20.676455948544433,-4.207137138325523,0.15827899625694922,0.889188480868693,7.118398266772506,-2.53521109885437,5.236705696242329,0.002628745247785363,-0.4996360374224982,-0.3416596025683547,0.8130699858771536,-0.046756097517349535,-1.8126337562646535,0.014667558898353361,1.349914394995341,1.8814978525952304,-0.7430432507817724,0.8672706159166425,-1.6485856033157467,-2.5915310514188987,0.7212459163883357,-1.2737028888885689,0.13595513624855868,-0.9288583149599469,-0.8649649472100591,0.32012611074423203,-0.5843087268360115,1.7474025937824837,-0.5171985778016858,0.15857435168140116,-0.7606160383230476,0.6185758299794228,0.07956991328068708,-0.24577016007530764,1.8989628500160978,2.38920152812504,-0.653948278239449,2.55023870471503,-1.0377746302319426,-1.1461018528912528,-0.937044872988333,-1.437931261153237,0.7318825617234124,-0.4056563201369634,-0.833088544294621,0.5631615133826605,1.7451228043979643,0.8864602246755803,-0.6641219386338213,0.5780152543716159,1.1100593503842744,0.3847661513045607,1.3014753305515951,1.3155509474589238,-0.2560920734022415,0.7107145212392488,0.12268757129542524,0.1315758781552431,-1.875304713046754,2.40358657073545
GLRGC0382,-6.754885321001816,19.7706784662065,-0.7522661469829934,1.955084011824496,5.89236815128206,4.162087174855932,-4.045196427460208,-2.3169096411137424,1.8597129732387463,0.46431722038922757,-2.2953473323868914,2.484688682980752,-1.118611287175981,-0.2546262021449708,-0.3874601351055561,-2.5342409592028745,1.0984147386417578,-3.284367093490516,-1.1446175716922153,2.815308469459614,0.002397146710629293,0.4937157944712322,-0.9254964643621316,0.44308647759657455,1.0857776668588979,0.044654969797164636,-1.4961412168808284,-1.238505269909008,1.5495942911691385,-0.2493134463457464,2.095227296890388,0.1458175306222142,1.1838374111426675,-1.043223706783703,0.19874180771997435,-0.8437434447360728,0.9554512434032506,1.2059502244842453,-1.9292957181702624,-2.0941063390332895,-0.6655037757987866,-1.7297447332182068,1.6568490869168564,-2.3546205193798584,-1.4454524147016026,-1.2713008629869758,1.1101109942903624,-4.468512030024441,0.8960677647341166,-1.2819863433538625,1.2886674087868533,-0.7519230466124006,1.5141349917140003,-2.1145418721263276,-0.9072833998955039,1.210927396792251,1.4028868611931244,-0.5221300128301357,0.17746295139369142,-0.537166842023767
GLRHD0646,17.198274808118295,-10.274813652499466,-5.819610335667695,2.170166513897428,-1.7433352517662637,-3.4320827346066998,-3.654002438744496,-4.541498962378403,-0.911332350969464,-2.1705861398776345,0.9316499552232833,1.8601592784726646,3.920424224385592,2.223882547619848,-3.681452405808453,-0.9893303746479604,-0.7587979338411684,-0.5308103577413037,2.154218112545211,3.4688660219844043,-0.17451486572160763,1.0554696923677194,1.761388752769502,-1.0255472473308036,4.467390409403886,0.15910573996744445,-0.5551462201457069,1.4179480802626816,0.5004779460335191,-3.1606814232391587,0.16398059539308613,-0.6549924848747073,3.594954662131,-0.781550186179497,2.432805427884191,0.6881272479583499,-0.8487804884362509,0.16207235832712696,-3.4412374976747224,0.05281031271345627,0.24615494154940273,-3.6659278199068024,-3.3531327590454887,0.9586607784299043,-1.780869979446406,0.8406914491214998,3.3647856139192354,1.3204193706280174,2.583815386252097,0.10385494447726648,0.9858445920842108,2.8109589691262973,1.744927727812845,-1.7966394751091124,3.153885045400333,-2.891064802232259,-0.404640000378344,-4.865039170086652,-1.2918767061987884,-1.1297023906329138
GLRHD0650,-1.1438930613457265,-3.9353126823663027,0.28900116875835813,-3.534427667267444,4.003411762390956,-1.823346621044686,-1.6720229734246368,1.359377844909826,-2.4083835151035364,0.9803478141940692,-1.5384496542539228,1.1973665539218392,-1.2258362441950426,-2.229022830812592,-0.33921595419908546,4.537818939601475,-0.3255603844730994,-1.7836858421967257,1.2344457384506757,0.1071929828070917,1.3531336954059385,-0.04661146656795605,1.4073993948440298,0.8901799604954922,-0.09434095901647298,4.101149593246118,-0.1953760812991403,1.0410068661359166,2.2202948034284877,3.3572778889631554,-0.8601715069438787,1.0078537262138694,-0.5291205639656357,-0.13875810126055255,1.9651979393944905,0.09663688816134176,2.88353626386669,0.5106788217463271,-0.919781180886652,-0.4172992871886806,3.1146542487755466,2.003001984664475,1.0808629384399198,-0.23832277043121788,-0.29855096870105247,0.8682092537795932,-0.2771821178751757,0.238679045511563,1.0417160076817378,2.5685568589872667,3.204808687953327,1.2472271703938622,0.8292328877370067,1.8020008356403268,-0.4622836181513404,0.1507550381957431,0.4039117249483189,1.479190787682429,-0.6579543467099173,1.0158291371354817
GLRHD0643,-1.484030601896364,-6.76983378692577,3.9142115573116616,2.174379201715034,-1.9990576139862428,0.2695194335662792,-1.9444317948014767,0.6707484637023216,-1.7230096870642901,-2.6152667457739818,-1.9068083131992783,-1.3886880558909251,1.0700574574645298,1.1599454120051467,3.2912683482267924,-0.9305417899158644,2.1912339864329677,0.7682987653111875,-1.7061380006247957,1.7103069301374896,2.362682365885003,-1.5120442581895102,-0.7608260896873763,-0.3812005572259237,-1.9934483560176506,-0.5428430255794757,-0.9328949487133826,-0.5061927274613138,-0.994834241837212,-0.8339151787653752,-2.117427872466137,-1.0991162850486966,0.7689116228523847,-0.8967115636769241,2.0090928325039843,2.5608707427480835,-2.549732042648175,-2.1627260072131045,-2.1991993492299735,-0.7319298229475566,-2.4212248097964886,-1.4581592153323133,1.4622668249978825,0.15608111486249313,1.0553282194332725,1.190592912804598,0.40133613015783376,-0.7274031995712456,-0.4364212828353096,3.4618631157609694,0.0719156429116075,-0.8591178806382683,1.9182411698647484,2.0065530393128173,0.32015128755913946,-0.4659260967171732,2.1708956142463287,-1.1618293777498006,-2.1607553064550524,0.7047454424277206
GLRGC0138,36.79998413916731,0.747943955838892,-2.154326918482984,2.3575388667011996,-1.009263926745851,0.5467146420290155,4.764376350893409,-1.4213463841128617,3.721354474933988,2.070807824992206,-2.6235642864540156,3.0338798632150326,-0.1735775420565012,0.22243441250146578,0.8944356286132874,-0.11160195684749423,2.0273817904334948,-0.30139858594966457,-0.8137558514281316,0.2464476997078842,-3.6050256275355723,2.251271184328855,-2.152142448232506,1.0823624087039163,-0.592578063089014,-0.8629086585378423,0.07552662987495058,-0.40825171682158334,-1.8174924647509634,-1.7690625650927123,0.5510174688037838,0.33095645641321153,0.25420537099075935,-0.6959909029469615,4.270953952189669,0.3933566795407417,-0.8183834497950829,-0.8383378434788739,-0.13543206730350343,-1.4756049284891157,1.3674033632825042,0.11474949124839375,1.89580378870173,0.04162984048489168,-1.100988599468934,1.3723180908631472,0.10960094522576047,0.22991973541066052,-0.04201599074476372,-0.6090520838734377,-0.6583325081240109,-1.589422528726917,-0.8593066036376603,1.2272220608434947,-0.2157679332213836,-1.2111563415088216,-1.4796980531508075,-0.7947526837560726,0.08362615361402297,-2.005374948180351
GLRGC0139,-17.562126939285953,5.178027624743281,4.744632684319875,-4.415095564183997,0.08209145527263557,-3.2847598750388216,1.845935139659452,-0.45861032681753866,-0.8808356733162956,-0.6750237567348646,-0.8822146140947327,-2.6792204187445567,1.1096798575593434,1.2480498198446988,-1.817201583295579,-1.3490345950397744,-1.2715890470036018,-3.9203697282110492,1.9303817283576243,-1.7744105070557992,0.7745293605992679,0.10815827039862702,-0.030686352383475397,0.7511324675621674,-0.8489152515619107,0.8914628507007972,-1.2375229975586466,1.052138277838911,-1.6160251363506226,-1.074423213419322,0.9296664972236367,-0.5660488713650831,-3.1633240639105775,-1.7573588512449283,-2.360357337511643,-0.7080867749666105,0.37188558009315986,-0.2789668620841512,-0.7000098514515984,-0.723480132927721,-2.0882860434816455,3.4756529045019313,-1.0013558603045274,0.34215657825724,0.8968920719430001,1.1569202144305974,-0.03331641709793373,0.6541911515693748,0.5758202765271423,-0.656782881798647,0.3607327791733917,0.9935662148947209,-0.5211892141280835,-0.8099584026535801,0.12067531216711751,0.6034222579752885,-2.9016714110720225,1.1545263333776616,1.0336999472583055,-3.119370450590878
GLRHD0624,-1.801979697553647,-6.33266650734785,2.9563008010885046,5.456906620909279,-0.9929089796460904,-4.350634681179337,2.267514456717582,0.011141115834540185,-0.26296879651200517,-2.1105405281190954,0.9030903209965279,0.7252121095186074,-1.6302553389616856,-0.8257151023149818,0.5763865271152958,0.0713781707405715,-0.7610054048885364,0.9338448641155677,-1.6388821563205076,1.4235728418466487,-0.33705949184218087,1.7965199817401334,2.7514812581772006,0.8487756747589891,-0.7575181729595747,0.39835290685264435,0.1280989714242443,-0.5616617290364616,0.06503474548764866,-0.5785054039971623,-0.696411528238666,-2.719213505676047,0.8872279669441053,-0.7894179766367825,0.259979421334561,0.058022548541913806,0.3528070474684188,-1.9251241468744626,-0.03437623060541728,1.6618779836592519,0.1699018841870824,-1.6825549430373268,1.1705927631019193,-1.7331719893848534,-2.2099922051385485,-0.7770434869040768,0.6126761124217766,-0.44478799582417133,-0.5685902194797336,1.4501000329246827,-0.7013155089707271,-1.661585011972209,-1.3189652169637092,-0.9529433013964453,0.6211888526548497,0.3248463745778978,0.3785316101987747,0.000418138211731011,-0.664860719511803,-1.460231633876647
GLRGC0316,-14.90692821437116,1.9380946364146552,8.34986805042656,5.391551741684602,-4.514288470443681,-1.8979342425001886,-4.521352197707832,-4.10169943648108,1.8312114823578545,1.531883578414313,-2.133619618860036,-1.0906256310791662,8.404884279430846,3.9902948975412564,0.15274731897464605,-3.9208053677445944,0.48156988057490113,0.8701900945370558,-3.048910685286494,3.9297513179185724,3.55633044378518,0.4058445709247086,-0.584561805909079,0.6166629636284827,1.0353091773322431,3.578156391318675,-1.1195386308554505,-4.455524215767089,0.5190082495256509,-1.6004737705106602,-2.146681968966668,1.015393985231792,-4.6636542228850315,-4.35093751556235,-1.0170269650279495,-1.2237931751001343,-0.9762824205609467,-0.9675332963732874,0.7456687354281585,-2.357349443406575,0.3796390476471938,-3.163557716142256,-4.87360566972882,1.0577001406131032,-2.21896717389301,-2.534064788236849,-3.033199138512656,-3.1666242398376463,-2.147870151592315,-0.21444466980243435,2.367184836355779,1.4516353291266137,5.06289263502745,-1.2896856907632748,-1.4964433565758808,1.8533362155353668,0.6336262025545356,-2.921984639692378,0.6125449902121489,-0.09159597774390314
GLRGC0373,10.612941507840397,5.673951390454616,-3.3144268601870794,-3.6503362573616247,-2.254970785731813,0.7069701687762084,-0.05789671937513406,1.6847997034966433,3.6456824489448034,-0.7352860692221971,-2.305036704718778,1.4748046220064528,-2.695557234815738,-0.13146163845879114,-0.10582979322784798,-1.8095627351651298,0.4176085867657485,-1.522927455904142,0.9783240136137341,1.0461584148128324,1.43486043727593,-1.2199496784599009,-1.550450324497061,0.7582019118882559,-2.040443997029059,0.5907334168054699,-0.13752364499902223,0.6223586029165473,-0.4906102470690346,1.8629223563826265,0.028526215673374298,0.2925809526553852,-1.3920480464450826,0.056623842702328404,2.3019156989571496,1.024220719590844,-1.8730361710580914,2.9562141387160072,0.16704709569242837,-0.39387886302977715,1.2574058038658604,0.48325126522477546,0.2488174223871811,3.2070950208532794,-3.3692101739827196,0.6253280064299054,-1.3904777050388477,0.25020102021389357,-1.6042162233230683,1.0977911489185286,-2.018286615088055,1.0826722961764346,-1.3504672224672756,-2.881848524400461,2.0539567954694147,-2.593519662804554,2.549278100097972,0.08909768537671477,0.1632106887956821,-1.6764757136591133
GLRHD0730,1.21422355450763,-6.6027190869604935,-3.1962152224827203,-0.35331662568146677,2.1617302983369173,-0.8998396121112832,-0.6880353874271421,3.0601752467912355,1.7246646523458804,0.3480225176627509,-0.6007029353620079,0.11766479204580049,0.4913775006220053,1.1232128669533035,2.9270923252578323,0.5744283902796137,-0.03677203228684553,0.5892647947591994,1.02591329858752,-2.3984903884748685,1.1393351098633904,1.5362072536920455,-0.829501073368864,2.3236296760636166,-0.7366636306459001,0.7279938502648006,-0.10320072540372591,-1.0226314068720987,-1.9263627438746918,-0.20452595664539205,1.5734155968177808,-1.5842880282563994,1.6883575607603558,-4.355760514462608,0.709344337964383,1.5005043048225153,1.4428808037607845,2.0112339880802375,-1.0776737052161316,-1.6814667065240887,-0.12957360739220383,-1.8783936398112113,0.9164334195230601,1.132665208330018,-1.6903428154040068,0.045971222695309226,2.6363361531549505,-0.31176687306003203,3.6043993639984824,-0.47244752185216604,-1.7967311252765572,-2.673833390092963,-1.0512880873296617,1.7649616608240055,-1.794894522371301,-2.2756073489818975,-0.5065326078742634,-1.287961289087203,3.3810214568071597,-1.2637840906653255
GLRHD0042,0.3649201545394949,0.40131016204225506,1.2875679796436792,-5.532589921881944,-2.017364921841141,-5.03200356349782,-1.4688279747220916,4.822445949115408,7.346206712217188,-3.9433981870474692,-3.326419587576561,-2.928179960928547,6.504756376120384,1.56984747958581,1.9787352041701123,4.2722478801236035,0.8969229114341771,-2.829928691924687,-0.782140759392456,0.3296449062705615,-3.8787761568182195,-3.063695923326838,2.3174356455780223,3.611569581072766,-0.027475653220981836,5.449081458977565,1.641090754876757,-2.1858040449147755,-0.6206188971123476,-2.3685227669904383,-0.6765060453708384,-1.0801803565336765,1.7790015297054091,-1.81306691631317,2.4753434375774073,3.1866838749756803,1.1684266111013468,3.0482293320395613,0.8240200087477931,1.9040346395435226,2.4512603026080595,1.4020567314630978,2.4866326402350207,-4.936709999166032,-5.048887679966011,-0.5428585335858156,-0.04789933238603526,-0.7246839905136055,-0.5649062276829127,-3.697442904093966,-3.0635409616872904,1.2899714950196224,-3.0373570833538213,-1.0871734478219421,2.2790368009718693,-3.8748364297479974,2.8875022784909268,0.5772526060963916,-3.049789067216076,4.081072369367122
GLRGC0059,-12.54039803829165,-2.205153487260266,2.8016146784491545,0.9458668876066042,0.4555641866526865,1.815673896387642,1.5406553090856534,0.012695778150412415,6.145406060357418,-1.8063344693528693,-0.8710606963786274,-1.9163714464946653,2.1206844348128793,-0.8956041287708817,-1.8752422967184765,3.129992865504278,-0.1613882745673113,0.427370116089402,0.7788287635124143,3.059391260316329,-3.7894375003946466,0.5563081321377531,1.2574354162621855,-2.5952890489774276,-0.8553675804449817,-1.9392286639886462,1.1025646178553117,1.0120099475734758,-0.8888106025239332,0.48171766907566244,0.8983784369251753,-1.0553996717319287,-1.8024988429379882,-0.5016564329460317,-0.20310015757632258,-0.9986844631182669,-0.7875866674084581,-0.1510442232201015,0.03834192816828593,-0.8337989651171043,2.2529591457865354,-0.11200077575621459,-0.15366732478529602,-3.2311213701527626,-0.10187235253902203,-0.7297423277869416,3.194441574561189,0.19529367829692937,-0.03700705437094241,3.16376402869401,-0.070255072899032,1.0748311944078686,-1.0931517429376783,-0.29367665911659635,-1.2444897890560058,-0.8205503429650667,1.4992613655078506,-0.7736167987387672,-0.018352599250187326,1.4164113655073125
GLRHD0707,-34.3176606854815,-7.75560857921156,-9.868931655606394,3.3040137841087063,-3.2839251439648547,-0.30795034290389667,1.705470042043592,-1.8794755545204642,0.809615179934342,-4.2286892866764365,3.7407770366254205,-5.7621737456514035,-1.6483685028635708,6.944195712399695,-0.6639688618940488,-2.3764966959441787,2.9557517094378722,-3.297120106903402,-5.078773805048684,1.3906046466753514,-2.1415337694791226,-2.7290438292061943,1.2342103246978915,-6.205261974675551,0.46111703392791864,2.907730566131188,0.973805548907097,3.9016283016386626,3.5963732483720383,-5.573008101325446,10.4911555300797,-6.117924404688521,-2.87288367938085,3.5203704993832625,-4.442864832656832,1.5580799448244886,4.123173271496955,-1.5866431741668305,1.357550843835497,-2.4829197640801532,3.4320023998705,3.094808007043456,7.258135241470994,-2.0604565014685186,2.11664120286246,5.340351892957521,7.2491547569808645,-0.3510638695855315,1.0542860692096265,-1.1246911818299028,-2.5035947925662185,3.5194775227678883,2.6054319172470173,-1.489535405163541,-0.841647554952643,2.6865284410803176,0.6514622176244155,1.261571330067499,-0.5029486905659314,0.9690189759788082
GLRHD0722,-3.6818532484753774,-4.987712967903208,0.8886328785035977,1.0737399557337317,0.9733444689656874,2.457079485778498,-1.665809078097892,-0.5721879864519469,-2.195135577642653,0.6446234499750109,0.8179478526273543,2.3850307201022294,-1.0064925400119469,0.42709335888914934,0.9674763825392716,-1.6589560500919862,-0.7263843661164857,-1.6416492789130708,-0.022578813862991664,2.409688988996659,2.9418219657959903,0.47548810608637626,-0.19562567547908957,1.711764167321368,1.7272352963082684,1.1834647476735989,-3.374002664382301,0.55040636573931,0.26781686665786614,-2.05657135820473,0.8548644678058003,-3.4976595540576114,1.0340179620505725,1.3448079340798165,0.4686212133864154,-0.7620579915223304,1.3293065370761243,0.4025674078238354,-3.192221388816653,2.3916426885998443,-0.45262207261897747,0.576835370546942,-2.4377911085589754,-1.528841710503559,-1.6904320021394,0.3060354837152504,-0.5310553745033633,0.04225476730721,1.5074079717501696,3.8154160972588804,0.7334182133762589,-0.7978278977015283,-1.9528418648348262,-1.74379046351379,1.0233391663434366,-1.5026433503792547,0.8402019995771842,-0.3573608104890501,0.7980135360377496,3.6738310263031635
GLRHD0596,30.891780911756605,3.649905789420086,1.593255049560175,3.702822146582812,-6.067500917022466,0.830030813386816,2.30859981963994,-1.7388711104904837,1.7220339854137434,-0.045358370416535954,4.851328074082531,-3.677044903194452,1.0313034478833203,2.4758342933954194,-1.3345716964014522,-0.42225802058963663,1.2205508742148077,2.4645688528198546,-0.373571820736269,-3.4666435130908044,1.9685789867052752,2.0253483660862623,2.1980858418443514,-0.856291856328376,3.9049532124189956,-2.9714779831835583,0.9731707985323745,-3.062465185732465,-1.0404107542467986,-2.905247080278533,2.181550156229215,-0.7977236950907882,2.0159741804944584,0.9520658727930263,2.2044596721542797,-1.7156466139528608,-1.7177970978327248,2.03812305637196,2.761086153562637,1.6180116731685632,1.3887379019463086,0.9164321911788537,-5.3891500435894715,-0.8651340313467616,-0.22295824760797728,1.4705755373153853,-2.062372754058766,0.05745443531282817,3.328431495249404,-2.6722513697395884,3.8899444175626567,3.178481808201673,-1.3804875802581926,-1.2851599954349653,-1.412897026936122,-2.849676334397709,-1.835513244252258,-0.20484371046087668,-0.6992600362139509,0.26182183974276
GLRHD0738,5.1870706578902155,-1.128420908141418,-7.483640260538628,5.993557104308606,3.3007059269563332,8.407322797623339,2.669693417577145,6.73095804210025,-0.22580609038459704,-1.145176937958964,-1.3429910046814015,1.049766436864237,-1.1479812151362412,-2.0410610730031546,-0.6360052261101812,1.1765004722916035,-1.6896894003535767,1.701222382207061,1.2244449849314718,-1.0638384736200803,0.4616801534777451,-2.1584728419882033,0.17851178473078044,2.6622269967088874,-0.7847254868894775,-0.6243021197416004,-1.5892640514352963,-3.9521453471104984,-0.4314005782915256,0.35081696287282477,-2.9828644152732027,-0.8142766202220195,-0.07685203203246531,-1.4337394158341248,2.199380120780131,2.4128950645281306,1.0670348533139424,-0.880767137887427,0.3724037371674411,-0.11821160724396919,2.066673875661411,-1.3593584971821588,-0.1464647460073791,-3.3891241110549726,-0.9371533803906495,3.100986856162137,0.5586195862300807,0.4116177756263218,0.7079054873473389,-0.8734835691490511,1.8295169626841539,0.7443686860396906,0.6560983747440424,-0.020419967229168116,-0.34687234836320396,1.1188503023613652,1.2714383812300643,1.0727474376091612,0.7250801940480244,1.4009554993424722
GLRHD0432,2.875317549016498,-2.080982903277576,-0.6725972993518083,-1.856241996878509,0.6490948430750406,-2.1458004031851337,-1.7279567510556781,-0.44464946837144115,-1.1917858184267538,0.6717989175421606,0.6443543041716829,1.9379287896502577,0.35603121997589715,0.7104101630329528,-1.5035458593839783,0.04465738865624114,1.6445949917681038,-1.5675647411619396,0.6110417163229281,0.9945211606005726,2.292312372290462,0.13177382184210318,0.4532686292655281,0.6943113571641633,2.5111714760350985,-0.07392973064683986,-0.4376325571264152,1.8558332177868229,2.1614252942034753,-3.306087720270479,-1.7897560901954601,5.1881026299238675,-0.9550616806775005,0.24178051893750135,2.3479196108830647,1.3172954656944984,-0.5227302120497113,1.789223668841866,1.9703541824885795,-0.7221191952626812,-0.16538609875425764,0.9636601081782139,-2.3130970704081038,-1.057757787255255,0.016181137237350166,-1.1570587007441917,0.24187272661168158,-0.6020495065033106,-0.11001636066992591,-0.8712569741222866,0.32845386994466025,1.682562867496434,1.1549153482062455,1.1288069785198647,1.097731093663458,0.219717024496348,2.0010301604478395,-0.44466271420348236,0.7428833480126479,-0.7448992310124134
GLRHD0799,-0.26335373111640104,-4.050015705155089,-1.865608168896344,3.31477804440708,1.0459599098474424,-4.497199011460905,0.021657385031257043,-1.4723885773146552,-0.3940160116689243,-2.960704944250855,0.4917673909993312,0.9121252356272299,0.4887758272446421,0.03346913241250333,-2.1139130295650217,0.6239590943839637,-1.5975750944472997,1.2055356231906411,-3.004319945352814,1.3096739447079488,0.06847993611327378,1.9169743940590318,1.8420472171803013,-0.966218292762329,-2.155447061664374,0.03204379650039796,0.5304271857842141,1.0054319268795426,-0.8593796131440806,1.1506251844852222,0.6759855655233163,-3.305985524262473,0.07072366882728569,1.7630895476945412,-1.326033121640869,0.9699095597346242,-2.0515858431194145,-0.060105447318274934,-0.34760656441587157,3.1701690736100376,1.724749375478429,-0.31214930640257404,-2.5336326761012704,-1.0710103066429797,-2.0455738987056025,-0.671161456388731,-0.2305488836648195,-2.3381568173324947,-0.8003352268778935,-1.6547925154559064,-1.8417088403123705,0.8860841328567735,-1.2029033068579795,1.0792972409957122,2.0893996280591636,1.414184429568234,0.3378414442195692,-0.28587534535646547,-0.9575204382315178,-0.38943895395366074
GLRHD0150,3.9296193410992384,2.7105252018122576,0.6997809023748488,-0.08602377545530386,-2.3691486036080587,-0.1906601896176549,-0.8071858079375727,-0.012221311862579118,1.9937086525902772,-2.3015330667874023,1.9473982837505148,-1.3882380745490337,0.7923485004745985,-0.8994243594102865,-0.87685156578522,2.151306403891178,-0.9063494216802577,-0.39869507824065087,0.1992428317729791,-0.42584737056972655,0.4655945607790315,-0.14830873198039404,2.8812654282371715,-1.49712695549053,0.4413108327231071,1.7431620912051438,-0.8734674497216385,0.3062938454406912,-1.2049870080081164,-0.3412735651825784,1.1215988530944352,-0.9028544957391459,-0.5830163361700157,2.370765244201923,1.0610286639860211,0.7234425288299733,-2.4620801990403463,-2.5766729266163493,-0.5412107550973795,1.2007996119922824,5.545163350046504,-0.13911665434663548,0.892812629923428,-0.3493303692090914,-3.223101904848188,0.22183996230698508,-1.3168244457943878,-1.7418153774377947,0.6977171312136387,2.0111601177205385,-1.8015688028236911,-0.8408806329327232,-3.68017584966943,-0.8564504251277031,-0.534502378577635,1.7260862193509325,0.938320727649586,0.5899062041459814,0.6881357899470866,0.29256844218224726
GLRGC0244,3.571524348761749,17.067570900628823,-2.8492213545380873,3.496034981982437,4.507406400944973,-2.556423041646277,-0.033737707790034675,0.9546815251841483,3.129758276833198,-0.1470962326404663,-1.8311976356793411,0.6476548120386642,2.093977539975834,-0.07338208171138003,1.1355380009903442,0.37005096506111956,-0.5132781140058215,0.06694529047763743,0.9797772372218835,-0.4038073969857043,1.2388312258620295,1.4046428988510187,-2.1688820166383183,1.2203159451956065,-1.5887187139873662,1.7671551817488877,-0.9304327149044057,-2.7273461608972402,2.4358508214425303,1.804009903265841,1.406698569850915,-0.7880153818690149,0.6163925122300462,0.1193882320756009,-1.45242169994284,0.9799148868371402,-0.8720681954238384,-0.8760347346397588,1.8351915224165287,-1.595495870586551,0.4091351194404981,0.3561633472486015,-0.7925682910926118,0.504704566002742,2.1515041917425157,2.484027899572221,0.7028184793345573,-0.5274503577629476,0.012428338993982067,-1.5316533545582744,-0.34124729878402865,-0.014978445024543196,1.0946796424756606,0.10450174957150425,-1.791694721484921,-1.3050223209668654,2.277402466110862,2.6351051875451614,-0.5187505455467267,-0.25643934435376253
GLRHD0735,-4.35271951386157,-2.742128205696663,-5.399257109466266,-0.7732719678298192,-0.12703624706635067,-3.629818537178696,3.322459895081383,1.1346227836147051,0.41116117877709896,0.2596731074327866,0.9807133366865214,3.931257199752347,-2.184729627989695,2.067282626236784,0.8297874089189834,-0.7117987208762199,2.7714682616698294,-1.5919302499668804,-3.0265289215032354,1.4987824549889281,-0.03224880369299809,-0.8750545983151421,0.902883098932475,-0.1071915738591335,2.387122758707262,-0.4131885706757853,-0.02100775595832533,-1.8476272620314065,-3.4872828839652743,2.4277368734688376,2.5487243022967574,-0.9366761750314314,0.3706627478984153,3.1764763417903468,-3.0963597524627944,2.6333867810727343,3.1865578345815573,-2.6475950503209784,-3.6982913158041466,1.532272414854407,-3.058692396355942,-2.1366234392324888,0.4060149696272907,-0.18192886156324425,0.8134202148410313,-0.33171590618007696,-1.5663780264284801,0.18319599606304143,-1.3542441723295684,-0.668254514355345,3.3955011682295315,-0.5335550170276177,-0.8141634013387363,2.7305730436804105,0.6955945628775185,1.3514214964580387,-1.0482575937652876,-2.361497299952838,-0.622013043430346,-1.7950147758848116
GLRGC0064,-27.712209719674593,3.148616907637864,5.267409371010064,0.8170284368429023,2.6705124397207123,0.37837088430880966,-2.679921346683329,0.047800680100063254,-0.11465477901671503,1.1406121088536696,-0.0077954896223530485,-0.5096775445384224,0.1866409141525264,3.1137242945044883,0.8937702432409222,-0.569333176404494,-1.5725930530949237,1.7997895754224724,1.109104170102375,-1.8246431372401128,2.7913750086125204,1.6367334605726265,0.8602214677541262,0.9036521111439524,2.3032206852135113,0.12057801613160504,2.302510616590991,2.541924949247203,1.1108814943270822,-0.5601181752476663,0.3443581149808258,-1.422901590333558,0.8483734502878331,0.917157111119321,-0.9088932646955497,-2.7084543541400588,-1.2778301646415995,1.072419336369855,0.5981101635675197,-2.6323903953383714,1.4233382769829837,-0.19775271841560635,-3.3627131639495063,-2.421540720607267,0.9128291125737894,-0.11130643482825577,-2.6528259618961947,-0.7171323712513439,0.8613660370941014,-2.7729308823200602,1.3684104134689028,0.9032727806180719,3.0888854738076392,-0.6359414390499776,-1.183910620930735,0.3265495759909488,1.5345793320565075,0.13136625957429873,-1.1897031654672934,-1.1441822353848512
GLRGC0295,-19.651222521962914,-4.723183639430377,-5.833365561164431,-4.64416240732761,-0.017767019794888046,12.92913323456945,0.20468782911778166,-1.9544014488242019,-1.5175975359481235,-4.468787591579045,-1.4745405318361786,-3.608943168435611,1.2704533875747837,-2.596619021141575,-0.4441149876349709,-0.1307088918319755,0.9476555246301668,2.259264077451481,-0.897076346602514,0.8336842633318675,3.1924158576807002,1.1380216900017281,1.7725773065379262,-0.9250603017352627,-2.765633419359159,-0.8316803657287468,4.852156449111321,0.016917939406625362,1.322828759245468,-0.27012883129515014,1.8153518187610524,-2.110224364884285,-0.6575623423054918,-0.5512805546197312,-1.0995470107816006,2.2063589477081647,0.5063256024347011,-0.5497284331583865,0.6391032399270803,-1.0963540616839242,-1.5338278444382683,-1.4090460979843498,-1.3312819362429524,-0.6126591829984801,0.7330434437624095,-1.2950753783783915,1.311415167596923,0.13639791786632485,-0.41630847977620333,0.9037547940637348,1.3236365075565497,-1.583173829027812,-1.1657561557623848,0.13382997073631722,-0.12942829851466006,0.5590179430057322,0.7967203167318014,0.5608524025835306,0.21345883721307424,-1.2842887278976372
GLRHD0655,9.003172258570034,-0.9259381263966766,-7.1501415891418185,-2.1706365684197664,-1.0799065106319647,-6.220479123217644,0.37025603792028133,1.719728048719237,-0.0120555685088481,-2.9464742138423095,0.6648157143960937,1.7453118713571507,-0.271282878399072,0.31153272852884645,-0.32231796549280967,2.2176645600458933,0.37975639738738043,1.0778977682891233,-2.0529349217957216,-3.5775782664776443,2.2252143693768462,-1.3316899153754234,-1.6801641635770628,-0.4979614866768026,0.2984081958365963,-0.02645533988392406,-2.503350868306584,-1.2098478907291033,2.2643405160199044,2.324535437836659,1.319074017986146,1.2001680230443779,1.5645777247890296,-2.5099804131931647,0.5113037643400694,2.422933239601598,0.618048108878246,1.4220962882929824,0.8389309091701469,1.8337987696148406,-2.58227123989938,-1.2093741936157836,0.6153318199473082,-0.40604003142140127,0.12622104614951082,0.3623169136650113,0.965960231186464,-1.7746461608864248,-2.34206373100164,2.5539382212528516,0.3624586443759338,-1.3660057959817662,-3.2897530986430246,-0.030872482016917262,0.6671189618108734,-1.7367664140711436,-0.4670986520241479,-1.5370792434052103,-2.201678835241102,-0.4203244114055975
GLRHD0675,-9.731508520719377,5.76568710861595,-0.4642994767711697,0.019712813022722896,5.5333669464474555,-1.348377973159981,1.8780661691820013,0.4982014947567505,-4.831433597804831,2.4746002984132986,0.7757618162611192,-2.3762019334791846,0.22643457144516374,2.2434785533477495,1.192790212415578,-1.4483915307939477,0.8914898014717166,-0.9578127505829478,-0.6580398999709427,0.414764500786246,0.2264204446305341,-1.3324582600147243,-0.08000844461745422,-0.34889282429607255,2.1899507241854033,1.8137943072444758,0.597840736658185,2.0644463318588233,0.26151357333875647,3.3112799572014766,-0.4703916703670974,-0.27581209345248753,1.2695744566796012,-1.0260452257865311,-2.297905132557365,-1.927838096762124,-2.0591451932825255,-0.466204494559487,2.5777380300687884,2.56663279167575,-1.2220807483939107,-0.9927530157057065,0.8894666237734095,2.189772311313496,-1.9949654370403611,0.4336683491616434,-1.0326758586664293,-3.0552996331972455,0.22984528895792675,0.7746684825791016,0.4937965815140219,0.6810703692805768,1.5788396450119044,1.5696001322706072,1.214536964144173,-0.5145975749209777,1.6565332076601436,0.9860258703310754,-2.4320440265234846,1.6057571062724605
GLRGC0435,-10.939680019166094,-1.704562704046636,0.7437906718059912,-2.8925812623518214,-4.47506334637127,1.6922298830944837,-2.2429193703831043,2.214728185626919,0.26471485205510037,1.738743582855834,0.3513055804650712,0.053393842688779725,-0.4280542968393482,-1.234583704343398,-0.6211834659770668,-0.59574271265715,0.09336100700972365,-0.35559422825784953,0.26834017016970807,2.0114881390438337,0.028671587373225383,-0.16301912499783436,0.9873625107125238,-0.4032138051216119,-0.4173342354601767,0.15103956740540184,0.775570843727272,0.6366397200059136,0.21019135917208778,-0.22918140120856142,-0.40151078931122597,0.43281908468436947,0.5012343152559333,0.6064243520589367,0.933364049931178,1.0687687196757891,-0.8435103306768078,0.5929185879006791,-0.9857255808392004,-0.21477579598480973,-0.7598596810073331,-0.8306488913955422,-0.4862197952175287,-2.1206963787334105,1.8723059725689586,0.8273007518377491,-0.06422861049957494,-0.16519073138505513,-1.1456516994187227,-0.2398076750141452,-0.0822602071525112,-1.0901571610308471,0.1744214657056941,-1.3800168694475095,0.41902811672660867,0.12724966857369557,0.8032507096221438,-0.8554211451511053,0.43501417214697957,0.44780636956776004
GLRHD0622,-4.915204618929484,-8.538282723231127,6.766263042854023,-5.237576663837015,-0.9393123995175344,-3.4992980603776025,4.46240716532335,-0.8245273533799408,-1.234693371356754,-1.4774012558262872,1.320729761422867,-0.5041932674842506,0.027324502037534608,-2.076325714043719,-0.6348901251867151,-0.5365895686432941,-1.2996051702050493,0.42868347965723785,-3.4153043336772226,0.1610105071287669,2.5230221310607797,-2.187598063946256,0.6168647563487737,-0.14515289840333734,-1.69127021869395,0.04123999756909295,-0.19756286961610542,-0.28538271775980045,3.0616784050334287,1.242970761928718,-0.3117011664679248,0.9607447603532968,-0.809671230744456,0.7665635221925153,0.06748462934568521,-0.1468857624519483,1.053259281143103,-0.8216209658337007,-1.5028310620595846,0.6920516329255717,0.35495411683232775,0.15073765027029193,0.43838790956895496,-0.8970735019123567,-0.31278512496105537,0.4654363433483359,-2.127224522486782,-1.2583200442943705,0.2056290611604164,0.5445875893204012,0.3097214266333453,-1.977083949310647,0.37365754713406657,-1.3287058107140475,1.4129597168881407,0.9567071929601615,-0.6428299899962769,0.69158412103388,0.95076241431752,1.1367043823059229
GLRGC0371,-3.041498727628518,-1.3295236140305895,3.9730926391650403,6.8727400774201115,0.9521280732942482,-4.139535239966127,0.5060250247106405,0.5414726650389645,-2.30471229548624,0.8657979287394747,-0.07720723561273549,-0.43441283726930596,-2.598790345517021,-1.2862487543604404,-0.1937628692008847,-0.9162010536946631,0.5881170384352349,-0.515648360087627,-0.7902430826473225,-0.6253686354437958,-0.8737432071864555,-0.5893010152176525,0.040334057942180146,-1.2422755174527558,-1.528174136868198,-0.9416037221066229,-2.404097889795052,-0.05085036753273416,0.037175209191308616,-0.22858180185836374,0.9881776088584854,-3.0278602696078742,-1.8710061368413626,3.011547827581849,-0.26908579662462134,-1.7708073436442777,-0.8154974853246408,-1.0123922535167589,-1.268782965290122,0.5494690935919847,2.7854396114937696,0.894609105605177,-1.0507408421674527,-0.9678485780306086,2.8944497366953765,1.405694967937602,0.12788049793337739,-0.37087546687969425,0.5218382293365258,0.23492532721591666,2.1626380657338165,2.518332269502364,0.19837818519492556,-1.7183052366441838,0.18297750384824538,0.4095860475923427,-3.0657356425108824,1.5120897365215071,0.46429015813975805,-2.45499778890401
GLRGC0328,-2.490538316367146,12.830645734309437,-6.036985656589605,3.840634200960086,-4.3065813337536705,-7.13071518062327,1.8228925349345604,1.1463131047663293,1.46940870626746,-1.3532276902842046,0.1403841451321159,-3.714738319133954,2.8886360551834596,-0.8584268242183254,1.0842832272121583,-1.744156125507727,-2.5995853644617837,2.731707475018303,-4.833386606315841,1.6196956408151177,-0.947942503800622,2.2078179291767173,6.25856602725994,-2.1826740139925724,-4.449362393139459,4.171465178469426,0.6900191558781534,0.6567369270331699,0.1269594258764336,-2.9037619581223515,-4.042903852819761,2.955017772622765,-0.10067162801852829,-1.0746416494091742,-2.0609451343242795,0.19622312560445862,-0.8763634432336205,1.1162716722669443,2.060349912536219,2.2027147832493306,-4.711912866912331,3.729608275708105,3.7979638398048587,-0.2938512307844374,8.70161899726264,2.240053080195923,-2.1825567014183784,1.139761067093244,-1.6770729025434212,0.8860695894330183,4.103019804864256,2.1837771131710615,-0.30919669653129334,4.460918191772278,-1.141560871079155,1.9006732153900154,1.1831203708931308,-2.2685325823769564,-0.19417066599351443,-3.133163096503638
GLRHD0047,22.98065460667786,-0.6888760771035725,0.7733909317175814,0.8431874541574581,-5.884144485410794,1.793034721542458,1.2108944183850194,-1.0310681010644014,0.2743023534225567,1.8570915888497765,2.9606852955033798,-0.08050316712494539,1.7589764320882315,-0.3063095311149462,0.3505130555484315,3.4890491978880984,-0.8949263212277796,1.1418982197185743,1.2225569182016083,0.9044258278529724,-0.09973888296616858,-0.09042893468865097,-0.3115089172108435,2.0780890732471957,0.7049813026939019,-2.933189353609761,2.1807349169429586,-1.5390294584771775,3.00926738087485,1.7676964243485238,1.4196921551148673,2.8313899092503974,0.5472455650036268,-0.2419955794005166,0.7374804203436388,-1.1923808781486662,-4.672845100949144,-1.402776628565599,-5.4611697463755835,1.5500235810804275,0.21094080127851147,-0.85239935550617,0.15200513756620784,1.3994455833021222,-2.406624533674415,-2.7143124065486535,-1.0322224942235827,-1.6903315449149456,-3.90434849403889,-2.6758614616889944,-1.9586307791328672,-0.3987254781070505,0.679509335672901,0.2974407355723574,-1.9506784749743704,-1.2850677351560642,-0.07374007503264883,3.9099296604763736,4.297396132024878,-1.1487257487074745
GLRGC0301,-8.359764662460746,0.3608275496913281,5.501835885854937,1.1746653168394532,2.021718672500658,-0.7759445112910804,-0.5409053903605088,0.21385970385914976,-2.8594326096272633,-0.2909209865694061,-1.0846823398458973,-1.1305789359088285,1.4691150612668473,-2.769168045248567,0.41634930718992763,1.9440740460542625,-0.5698811464499888,1.049211701216195,0.23230885521618108,-1.1807981037159636,1.2840385678451907,-0.08405090862339878,0.5216003104950179,0.06881774802881983,0.8373695903179683,0.13216452209706445,-0.07359673398955902,-0.5776604940857304,0.39495365836500174,1.0971600484983572,-0.3815684456302297,0.26835190352546584,-1.3854738369360864,-1.143014552098806,1.2621205888320213,0.8948351728467763,-2.2311204949497636,-0.3341530433804274,-0.816909779658242,0.6934725363028555,-0.01402049358798275,1.114432773205503,0.8306618927018345,0.2709721095245643,-0.06061104038209314,-0.3689158542020033,0.6470958420621167,0.23917572687323105,0.48099102969576524,-0.2533766760020969,2.066301014161949,-1.2534036041470937,0.4308024212091947,-1.5765986563708652,-1.0401167695585507,0.5254098638391005,-0.43123427500435874,0.11666580406336072,-1.0865403802980604,1.7250442509078785
GLRGC0109,-15.055531472405224,-5.615857132447548,10.290343598741188,-0.13465262503993622,-1.3956052603907123,-0.7862785328397518,1.5008654882699075,-2.0089608782129624,1.1338822061111216,1.7434682322495203,-0.2709774196442708,-0.7388292297803752,-0.1654417760420762,-1.4738418445192007,1.8636928383093199,-1.0596572412517182,1.4596326459051736,0.4562805750842498,-0.30702149558913383,-1.8008681340683579,-0.48366337098424084,-0.9792065156484495,1.4209527839662224,2.550609067829641,0.2966650569601528,0.31324122337198546,-0.23973645620102818,-1.629350113222238,-0.6937545779174427,-1.0087059048387355,-1.2379740358425129,1.2483203403884282,-1.6902873991850473,-0.18179255363078042,2.816642144576852,0.7556765553910124,0.06647689506595021,1.1379567150376761,0.9140865372823496,-1.0856057391670633,1.0705171503423967,1.626118400094265,-1.1826503567987219,1.114927580722443,-1.8300977912927046,-0.556623028961262,2.528027859179414,-2.0757375718007083,-1.7175051901243144,1.4088275429334143,-0.263767504277361,0.27843158902274706,0.6760465005156043,2.8887458629674967,-1.4640443383105757,0.9214146510530055,-0.3442055191759254,-2.5820160018751475,0.7099679604132848,-0.05758045245129903
GLRGC0344,-8.658042207807974,2.8257770371905098,0.2718450077801065,-4.601695740623108,-1.0144981699687727,0.9573183311677416,-2.4311473783806097,1.9109625863614714,-1.8092796989562971,-0.09713518991922673,-1.8203990275934798,-1.9621972231496285,0.8675449608375296,1.5663951599417598,-2.0806191879355285,-4.1102011306362405,2.421758670164909,-3.4542639296456192,-0.5637930915116747,5.899865298087367,-0.12892297363160052,-0.8034201190564777,-1.5485349583127526,-0.48703680010452727,-2.865052831751549,1.9506694555361332,-5.5507037785005755,-1.0938754334721568,-1.389447052004536,3.860687830802272,0.7665638310342411,-0.7285244825884605,2.843628428947906,-3.715870064361697,-3.8475351121134627,-2.7125069843418768,2.3554916247331703,2.852772315835312,3.5920812044083883,2.85949891044133,5.239947375084441,1.866303514650613,-0.4502191099648084,4.314946976289679,-4.210981759502674,0.6794440236339191,-1.0219385092546798,2.221601114109416,0.8787402465826721,-4.020173930038903,1.6037717729533687,0.705478015156447,2.7379872669098844,-1.0629252752080671,6.219340723088826,0.44676794785433593,-4.860622099937718,-1.254837670938966,-1.5177119226697273,-0.7418141405651814
GLRGC0065,-9.331049173763372,2.0683380758016043,3.394194882071774,-2.462948519971132,0.06793244237935875,-1.818828712170506,-2.6883443684645383,-0.11356183775911328,1.411608047540763,-2.333500960210514,-0.5749070679690467,0.7776378101734082,-2.5554615662237268,-0.6996470296934479,0.3187970920172242,2.3023279802542658,-0.07309079446332577,-0.04162575392478343,1.5034085994463071,-1.4341007551051281,0.579920498211212,0.5631045984658853,-0.883804980464348,-0.4401472005658133,-1.781600193644193,0.563034385365922,1.3381969641011442,-0.4756080947893297,-0.0468102475690621,2.0593296352471726,-0.6553271552590033,1.1025474905698247,2.9180717213652656,-1.3427055556676604,-1.571736329632732,-1.181050559567081,1.0144604039400213,0.696106303721197,0.5105159280849544,-0.67682410642136,-0.22132155478599383,-0.6331324594298879,0.7303320247135714,-1.5190482792008821,-1.0092167793748164,-0.2315680467484701,0.029344990953833944,-1.9096868157443536,0.06742095512334095,-0.139332851846687,-0.4148504065545788,-1.024014981219681,-1.633535609039536,-1.957988316130709,-1.1546074348079136,1.263057020330351,-1.8610891181699192,-1.81295240558131,-1.2226220979213422,0.01801132660153394
GLRGC0014,-31.031785013327763,-5.612607771463426,-2.2969093750146166,1.2503722990980715,0.3956741270732746,-2.62908332761478,2.2112683405270404,-2.6670837437807986,-1.3818881416330864,4.591602659365988,1.337650161996378,-1.4278000433179479,1.009314888657449,1.5483882098595856,2.289108130930041,-0.6417753546017447,1.0545061694483138,-1.3117144107948187,-0.3119381477537913,-0.4786999891892688,-0.6751290049164119,2.6549298422772036,-2.2294076223491466,-1.278313875453481,-3.091451122600174,1.2918478353651703,-0.2950588140597039,-2.059356817468425,-0.7820908877900561,1.856853953832805,0.710169547364816,-1.2243474696753749,-1.283108307079632,1.0221332278359152,2.4631798779360667,-0.9280606195410187,-0.7734456253280592,-0.3948627711208738,-0.6898169817733302,-1.55620421887377,1.5782615964537665,0.38507236475538276,2.0015790957612194,0.3905361943993898,0.07720541339348541,-1.3036050865156503,0.6546930667860866,-0.449817806735109,2.114231975377149,-0.9415440625071455,-0.9150752727687825,1.29709854680339,-2.346189433317536,0.6753526826106614,-3.8475540932657672,0.6525092793481084,0.6756412305772833,-1.5090046772804935,-1.5869529559763462,1.231130439224656
GLRGC0225,-23.28455796584736,-14.724155157087475,-9.255310924968974,8.123980178239979,0.6980759109409961,9.540199943564124,3.7751639623908804,10.747309329406493,-1.7410404152058974,-0.41771406963204744,-2.5987426058683063,-2.579058609696147,2.9886188376956366,-2.0356388662974707,-1.2353022175696955,-1.17507726190474,-1.0003034560445507,-0.7812544188186098,-0.45587102039660427,0.3654434247573537,-1.0259862132845632,-0.7785907442065728,0.10208209876672365,0.3922719037447645,-0.5246360656756245,-0.5322727725642664,-3.3433527740675375,-0.8171837761451248,0.7885630981701661,-2.086630787499956,-1.977624986767076,0.5305645986983897,-1.0968536437567835,-2.259784808743144,0.14804255871184432,-1.3277209302677837,0.7315827331123256,-0.12862087677098433,-0.026865175904233318,-0.2259088366052529,-1.5923318995389872,0.5351098569942767,0.040323699778926414,-0.4922457590436293,-0.30722741547099247,0.5149942079239185,0.6109936596098183,-1.3355951309318466,0.4740243914556811,0.642084053614123,-1.2541497214660213,-0.3728578114481871,-1.610289573400734,1.5975620950761058,-1.6335889193567055,0.06254418148424198,-1.2237762523085942,-0.8793273627678416,0.8075732185968771,-0.08698870083322571
GLRHD0692,-12.720714628902998,-3.9848788529331096,-2.0190332823990405,1.586240621607407,-2.7609490211496537,-2.6667102031061547,1.423899135716574,0.6209669276782344,0.30633076370857076,-2.507555526756677,1.840254734732925,2.727139117321113,-1.5690003846380756,0.21643827594598936,0.8980323581353686,-2.4980975208822978,-0.016713082050664987,-0.13603881964688647,-0.885677567220305,2.0243505387310656,-1.2245276955327484,-0.13831694083051346,-0.03833713048806644,0.18472831909414958,2.3089771468410114,-0.5587638947912791,1.0422325719083059,0.7778615993852054,-2.200844839541657,-0.558828326306556,2.3250336010725117,-0.030925955931518284,0.87007854880407,-1.0369883934047772,0.034032697669875676,-2.4744596917068513,-1.112009129378619,0.16302082009026048,-3.4338059427716754,-0.9734435755915,-1.9506552041157852,1.3175535478218416,0.8977029534020056,-0.1750052503547172,2.6590261873803676,0.07259844164803057,0.8502051399849662,-0.5410815389566395,-2.1128221389786934,0.7593208962714378,-1.0423416971407744,0.6521906231248554,-1.83052509924519,-1.5129578932003152,-0.8421985917722558,-0.55948612395783,-0.9453450005700098,-0.2302444084876777,1.0387139337474354,-1.1447483984897135
GLRHD0798,17.645447477736248,1.2059136746385897,4.7281303691513,-2.7116936747359897,-3.044276286393015,0.42677290006317625,2.8717709887864107,1.3168353599623899,0.13565528179609485,-7.820526799863297,0.2888074350062078,10.301124727151622,2.1319359757691196,11.546731756452234,-2.5374030641722998,-10.304696604036685,-2.670885103232701,-4.252038355714714,4.62986593295256,0.9399374661255775,5.390092503470411,-2.7657232278667423,1.6235794849581002,0.586432123288636,-3.643367645365646,-1.3631690091599844,-3.506722452703048,-6.604644398745118,0.8220491754813932,4.810192362696325,-3.456620837738148,3.223311954675283,-1.917012765838266,9.669330211783606,-4.6970242030276035,2.394546605142594,-5.911626844957183,4.56834127154059,5.260188971716389,5.09189360746739,-2.634380325744917,-3.141965547224245,2.634559810157159,-1.8911245999100206,-0.8203439823256007,-3.2579460275381855,5.715516644516244,1.4666344399023574,3.753168733659753,2.7804496097410514,-0.6753249381344149,-1.0365262113974243,-2.237564166135033,0.6327319329018034,-2.7694680669420126,-0.7833713438462313,1.0542533909264187,0.04148312973729422,1.673917087814536,-2.107080937939055
GLRHD0802,6.549001326850193,-5.715972195226067,14.325348424968709,4.718953502454977,-0.9857364904178171,5.249719871505661,2.1141153394158767,1.830908911642496,-2.4993202838637503,0.9985807718128111,-1.4358250387227196,1.592126188212133,2.4264964719316056,-1.5064981939315405,0.8020521687061721,1.6024947880381446,0.47223724256967425,1.3912874315560761,1.4128364566354383,-1.6724511370653234,-0.48294254820445426,0.8893619008133423,1.927906501273561,3.5249381455785684,-0.4687036054191425,-1.0253233782936255,2.7633937369119885,-2.509273963072164,1.7856449633613534,0.9729562330311204,-0.49165326240590074,-4.958709335966182,-1.9579739944711683,0.5744411022544941,3.9692549747313555,-2.8834955955771426,-2.0184396046569826,0.5310407966103855,-1.8180202683965554,1.3986398648056966,0.44536338777178636,0.9099813208207385,0.846476892666201,1.4020500389320814,-0.39212961752545206,3.9286361701483163,0.40373185937571415,1.010205256943244,-1.104675698518154,0.5912642500636807,-2.939426628322764,1.373085679968505,-3.32966076322509,6.128577577997282,2.1278311385296473,4.097977834927735,-3.081913642405761,-0.9240072495520432,0.5246860969287762,-2.7241550691225274
GLRHD0658,28.373004699726394,-2.5222569699034345,6.358011020761831,-7.1225700335865385,0.32651313291389833,5.212425677106069,1.0679103806191421,-5.88898492742436,1.8284967398014018,-0.5053472801523603,10.662491530707335,0.661343361750718,-0.21485536293068672,4.92488315362431,-6.557153776151145,-3.1998131634622506,-3.282053008871301,1.3873482068136416,-3.0820048013391204,4.917052754447632,1.2173980905255932,-1.2961515172888884,2.129581488019489,-0.519158607097783,9.495126127708545,0.4157995249081416,-6.107674413823943,3.0929133348864797,1.8694490290901367,1.9226045946413923,-7.237464685416809,-7.084493909702247,5.575607277183368,-7.5292059175665145,8.507386755869488,1.613367515770586,-1.9204194977973406,-0.14936308940469642,0.22853225929427226,-4.6605928865645945,-2.1630645593516715,0.8669347159646945,-2.9845129094605554,3.9675531472706456,1.7975570691719436,-3.5444798148176013,-0.9419429560242789,2.363887945828166,-1.8606519392204908,-0.20658343213488162,-0.896342441384401,2.1143668244659692,-3.2143320016847254,-1.9495478829114397,-1.8493795083573275,-0.8010449762491917,-2.492908539934731,2.019444542982486,-1.5789475493339167,-1.128082718161225
GLRHD0614,-22.441353772381326,-0.9202674379192805,2.5479857978412666,-0.9416475796159222,4.335392800689532,2.827764171273192,-2.469856321237829,-0.09504438257182422,-1.6320161357775838,-1.0535458600632481,1.9213041250689822,-0.15262273356781655,-0.5770084647683021,-1.3768984695971103,-2.3930794117602416,1.7222093036047237,-1.9914513568943293,0.9538307292829125,0.12096346062207303,-1.8935651499356454,-0.3831183625784698,-0.8065059193415857,-1.4880031507462728,-0.7495460124784527,-0.5885993177387845,-0.928808345084217,-1.1638399923391198,-0.7297238448680925,-1.0758900144311903,-1.4320835180519063,0.7894515060619525,-0.9882627052709705,-1.5765716318498995,-0.19854652596411482,-0.5354290789517747,-1.4975357947570607,-2.817648081255096,-0.7642913754913377,1.3021832893652843,0.7179971339250055,-0.6189063832784605,-0.6711108813117991,1.0195447232004207,0.19928987779285628,-0.9224528368660857,-4.782971406034677,-1.210748898879598,-0.5600406061275465,0.24032170654703866,-1.9331787332368027,-0.3345603750861909,1.626983751233136,-0.024193395121955435,2.8572572190765526,-0.15991610625839428,0.1598799024028276,-0.6381352329562495,0.32876596980319617,1.796535073360476,-1.5132563813483637
GLRGC0271,17.00675923671604,-9.693923200705857,-6.470953779754564,-10.836795205628665,1.6666730051664593,0.8275528943947527,0.25997418118227933,2.0385897090556204,-0.7952719016002928,1.4421715374118593,-0.5843667188059146,-0.9480498082925836,-1.2837377254879567,-0.2562568170191853,0.2402049853451188,-0.0897338501108125,-1.536949666982046,-1.761247072701978,0.373200944723797,-0.22887541530126712,0.19077801502079117,-0.37642856499589,-0.8446335343943148,-0.3527307202580014,1.8270279686808704,-0.1462382821017082,-1.557312538324089,1.0131829089377191,0.9036523369653431,0.6925475607303672,1.4541767537494652,0.2826753150926934,1.532419105222382,1.4645138626361112,0.18497760562169385,0.4996468703623077,-0.26331542478212416,0.1527769029853286,-0.6067999560025096,-1.2983968773066534,0.81781954544927,0.4323206151795159,-2.0810285991307356,-2.377307326139833,1.5338038567428638,1.4072975461020416,-0.10806535068190523,0.7944994596057859,0.29937452692503813,0.3745969593214143,-0.9445784444939043,-2.48683431748243,-0.7295337441311618,0.43281818567292923,-1.1911498491516086,-2.182491333536442,-1.877219933513384,0.18243361039599937,-1.296851506508598,-0.053547035703379195
GLRGC0174,-24.21308627476519,6.606438245106377,2.0804875117048733,-11.02132225759495,4.2454174195119885,-0.9027679712313735,4.278698787849247,-0.9667383415275447,0.5967755102752369,-0.12675568295581421,-1.854611698155386,-7.207191294513079,2.4452327038050594,2.3236608102168823,-4.264629565560089,-0.5806085334390448,1.1485240199572817,-0.49786593859764294,-3.729449939498349,-2.2668423740236463,-2.8416739464503715,-3.854615991581328,-0.20797399806925748,2.8382441542677452,-1.185643441499646,2.995299786934186,-5.3067909094715855,1.0105840558780044,1.3385935231485704,1.6405107620566184,4.277030004484169,2.618059294559218,-0.6595977519728584,-1.588697632080676,3.303742665925111,-5.612904370107368,4.037169045613578,1.5216304104173959,-1.5494172737599619,8.17313468200597,-1.7678984366056978,-1.9429084234184137,-4.9521799007944,2.7130141883578913,0.22074952022561387,-1.0862793804719746,3.3963358802960486,-0.16544326556100394,-4.246965021861333,-0.8710472828974846,1.7671580153188629,-1.0152483271618447,-1.8913613897800776,1.9283433097769624,-1.6127088819293796,-0.003126981852057972,1.8799091528998706,2.0529972030833945,0.7495274968883033,-0.7239668491396353
GLRHD0595,37.955036036106925,1.3316210460093498,1.5959864465557823,3.1424127380046674,-1.3148228040532406,0.34882128917883015,9.18537420644648,-3.499998831250065,2.060178103542924,0.7257268475686675,-2.1228643850447493,1.1557602316752686,3.239359740568594,2.3964321208929746,0.9495751151762185,3.7239053839828538,-0.10402327585845131,1.9026072749535654,-1.9195369446154604,-0.2019994417479992,1.8967434234194267,-0.8896480450582467,1.7743411410876633,-2.9878454940678045,0.46408139181336777,-0.5207123863298986,0.894957051625334,4.662458380456968,-0.28492565154581223,-3.6890654944705985,1.6496463881918895,-0.31643809515230875,1.7860714424953286,-2.117941876112704,2.60977927248617,2.457668603498845,2.7935671896834076,6.842176182580666,3.982316720593678,-1.7561646712576084,2.4385481880491744,-2.261483110473746,-3.6770835491570866,-2.7175139742686523,1.3587305466814854,-2.6007129518488314,1.1441961866202424,-0.03779538244753639,1.6496077723679674,-2.644492456368632,1.4386964596384593,-1.1958047540532106,0.8238498202541569,-5.1253005933305555,-0.1780672071213487,2.325952453055386,0.7847322120431848,-0.0781991546190798,4.07191252320647,-2.578651005329027
GLRHD0698,19.300382232181857,2.1183798441822255,-0.852147849918438,-5.509743025241295,-1.5888628464826546,-0.6345451154003092,-5.622379095546368,1.0702684313769713,-1.618721598369534,-0.7945088703757421,1.0064467788135878,0.4820739673639575,-0.6250095232298142,-0.6962360941478887,-1.8889627143320968,2.4801017950751447,1.9707704456103503,-1.533337737863405,4.817777907469388,-0.25759926200858074,1.8331333226913606,0.6911190314730182,0.364376379871485,0.5864279817096735,-0.8581398058242027,1.0658405451982904,2.127575285761571,-1.4309838163761994,-0.051711103956850094,-0.4149200385916376,-3.3094670924125693,-0.9715866069618371,1.6254992898302043,-0.25518187247002916,0.11594222811091015,-0.33412508016850634,0.5229158443878092,1.2728136852126535,0.012456947998920857,1.465357762736038,0.8547210273169763,1.1848504682982692,0.07908290594400386,0.5968149708436136,-2.0406337398407612,0.6974605174103156,0.40437264238164483,-0.8781495952265359,-0.5550688638514576,0.5972666271213913,0.2518300245214613,2.121458283708101,-2.165329220751503,-0.11207969604806498,-1.0602114954760908,-0.8464371218367309,-2.2446214711682138,-0.5017892367206318,1.6122711953700022,-0.12451654699118725
GLRGC0134,-5.624899060177498,3.107299173419897,3.350287140408623,-4.778105314249483,-2.486991729450798,2.0968550181841787,-1.4043451175423536,2.7827497749462284,1.3431043108764293,1.1511750999254686,-0.14633065810769455,0.5519503449133287,-1.5402297821804587,0.07259703594597679,3.1394245866634782,0.6315307389940623,-0.006858088763804075,1.7639041426408006,-0.7003828868258277,-1.2770881048694906,-0.39002029354278245,-0.7752232812790629,0.7700591486235476,1.2325493538162,-0.4096463398913442,-1.4075510183468642,0.7902956583223368,-0.5227031357294946,0.1635298332889144,2.761090964919539,-1.1225820114235945,-1.589696137107415,-0.6008656960274347,-0.4004731843290319,1.3136409833415679,0.12194949563121162,-0.41813774010289767,0.4838554150909498,-0.6749744642737905,1.0321228060411178,-0.28364431729611567,0.12632118641895554,-0.12761804607424726,1.2726408055819007,1.2884979661215803,0.7779499935636822,-0.9227353806667997,2.441795885952346,-0.7464879358065318,0.08185953663215724,-1.1407939432680387,0.39427487630765634,-1.4890832596218984,0.1484120608100466,0.4210517431993071,1.2335638167088874,-1.2306435055006628,0.9225167209697793,-0.17267912393855875,-0.66840526448772
GLRHD0641,9.048117739581913,5.210770263978761,3.5301734680644627,3.3358848932595913,-3.0201657743397017,-1.2742004825897262,-2.19763068934436,2.667155506646115,1.9893188400867137,-2.040941756087602,1.149048568857739,0.1274054276701722,-1.3133258798282912,0.360873239239677,0.806029046838201,0.395385461469738,0.7177037026816263,1.4504930158826308,-1.2097155763308962,-0.5898337104438649,1.6931981121151254,-0.7143570911815135,-1.1958970323755187,1.3434642724677013,-0.8792329625849467,0.1329656391588489,0.4258910214270061,-0.23650044209319634,-0.4521239375735352,0.613548008883977,-0.13545930613866417,-0.3394440939682539,-0.8977931856058569,0.9090661134861355,-0.7640124497190752,0.11416438774016302,1.658698566309846,0.31579873610040315,-1.732971760623053,-0.20549003517799372,0.7680957960779912,-0.36000720507742195,-0.026277862484978716,0.5880097740862407,0.3770379048592805,-0.17403768302124137,1.3403365068778588,-1.1635059885577306,0.2848485237203842,-0.6968881243045211,1.3113933641439084,0.590020729405421,0.4702942347088109,-1.741091359212709,-0.5912841645337319,-1.0597404879959698,-1.4599776741390347,-0.11036755649289438,-1.109209335162823,0.174027520003666
GLRGC0314,19.28785657998823,14.251005634278958,-0.05005421908438812,3.227742782667024,9.799781778889303,7.656180858104077,-2.282632040980014,-3.852086447495812,1.411702447496166,5.71070840087903,-0.3108842144473685,-0.08179305512331472,0.9958067024248868,-1.7184232886211435,-1.1314609955050925,-0.9581094605604596,3.797355739185432,1.1350880094679041,0.9358871258161665,-0.4594358783309348,-0.4291299333834167,-3.17960238835924,1.801428272033702,-0.5615397439925618,4.917864322981624,-4.246296800572422,2.961755414577187,0.4019043792215173,0.8643721191879747,-0.459584879912084,2.343667931048678,1.8309048069094531,-3.7796672824381026,1.7178095273115677,-3.017769922517148,0.017345565173544006,0.8388374596691305,1.5634754185964244,2.923019069955175,-1.0650581044831045,-0.632587708045567,4.081513462973189,0.8457713039660656,-1.519504997361232,0.9762496295662271,0.8490620795966085,-0.8186311159057635,-1.9262476356995553,2.835127510239999,0.979907929531862,-0.8273901803771883,0.875171164486019,-0.13849601777183249,0.8125587996535711,-3.312490871280526,-2.371334252345482,-2.626158750822389,0.6922211802866595,-1.1367814984099494,0.6674061435501394
GLRGC0235,-10.929392892759088,-10.157531624708065,-1.473807577216988,-1.995565170453434,0.81606655877366,4.610412095310726,0.7196067240002831,0.9128367874339421,-1.6758555572801357,1.2882977421710788,-0.6090653970249291,-2.0193855122363935,-0.3214098794791792,-0.119987758969273,-1.955032987862803,0.19810790652509877,-1.1789099011640176,0.01762820463907131,0.38356136198733526,1.3842286927473195,-0.0571773980708732,-0.22821282603128681,1.6334719999990774,-0.22845711047545325,0.8070906913118667,1.442825003152893,-0.5810185851949928,-2.4621445108712203,0.3855029761160181,-0.2967082963909483,0.9044391354628752,-0.1237676295779455,-2.881278565348031,0.5262189919708661,0.6263284390705438,-0.49754743938284857,-0.08560963736959291,1.5307133742344945,-0.657916536063212,-0.11392793543860623,1.2938141183476264,-0.8531389043263211,-0.3547211822144714,0.31078605310402213,1.3179994850327805,0.597723755926551,1.163684651558317,-1.0220150775175998,-1.335617437384803,1.1744282845795102,1.3925573907266489,0.5899963053374231,-1.4296743337375948,-1.2652175421365215,-0.5948253616339799,-1.5121919385069413,-1.3414055579737503,-1.365688035966248,-0.7180508586408196,0.5148202699205184
GLRHD0821,-14.222022057770111,-14.342366832716891,-9.993661904080138,7.444837964183436,-2.846116637247978,4.558981760061957,-1.526549632535921,2.6672345451759782,-0.10908738622291818,2.3221260715638863,-0.7554479100941627,-2.2120296988715604,0.7128376194332526,2.322676037831645,-0.08226470531852881,-0.623835691112348,-0.8309994942988053,0.38985115970068757,1.1107074692842895,0.0005426216737113179,0.9771928456579071,0.951843323675293,0.24865636288340187,-0.039444856331714684,2.375870677011601,-0.8069895489379812,-0.2765155447100992,-1.3724049910989926,2.08211046719565,-4.1351248960263485,-2.838489553044985,2.5468661556292513,0.21280005455717357,0.8706476253374801,-1.1526945046301784,0.6862472782575549,0.6573355099757375,0.5241067804027247,0.41633979988998937,0.12444627198162009,0.22625654685879296,0.2387283238559943,-0.23674447813460162,-0.42093743991128507,-1.1178744982947437,-1.184833434102024,-1.7059503746676925,-0.5974062454670981,-0.06542336650475203,-1.7571995538456089,-0.2226207286055199,1.799548996722109,-1.1014268251809096,0.6409124467470038,-0.30778587023639875,0.23379487660815956,-1.3131477404424916,-0.5968882585867319,0.46080734977545756,-0.5217639756341366
GLRGC0220,6.63805659368145,7.448433995460339,3.0302341995824933,-1.2082048978046063,-5.089958508158792,3.2565316575904117,3.5462809894842886,-3.4200570227557,1.9856356972465932,5.035904078833752,-5.939880127689871,2.3116741247177717,2.1675645349831307,1.7243924598008593,0.5150552554926401,-6.32044707401945,-1.2576058077043057,1.186900833066178,-3.2014067310998717,-4.324393035732302,2.211052388993961,-5.51617504612186,-0.9717987048131919,3.4012468598712187,-3.3481656082158784,-6.944864922267327,-2.4566452722478993,1.3233507355033851,1.7898157006212863,4.540476573555302,1.427954035553805,-1.5728388240203857,3.6130575822006534,0.6721732866550214,3.1578285352065865,5.455922942520602,2.7230035015140133,3.934974759962619,0.33364080701473103,0.9411909788584373,-4.300227673198966,3.698167535057632,0.7809853652339134,-1.2602388607886479,-1.6248125035223797,2.5820415270890953,-4.794797175883281,-2.0785914195039177,-0.5501267764889253,-2.6812849667231013,-2.2029786268392453,-0.03997517984779265,0.06611699040646168,5.177680438713703,-0.34409911038004815,-2.5682561031810187,0.4889757495655958,-0.10047048569446834,-0.653918254738595,4.184830327129534
GLRGC0148,-8.701339251747205,2.414674999475156,2.703816024716042,-1.5331840127027774,4.9393167149481245,-1.761295755216871,0.9554879395356242,-2.0895557463759045,-1.5839542452556599,3.056393277512334,0.21296143727759212,-1.6890915322911555,-0.1771228875390275,-2.2950221923770004,0.8060962819873791,-1.0649898728029052,-0.702030173824971,-0.42874206847946117,1.1116013013422148,-1.2294473727213728,-0.5906694171834026,0.6785978685237916,-1.5592600405580301,-0.09898528307004816,-0.552548872833113,1.2649966972361357,-1.6833686264197059,-2.4402562302684525,-0.37729515666082464,-0.9084347520414585,-0.1733427675055013,0.4596732544586101,0.7090235538744195,-0.9771452438939521,-0.8927909376866449,-1.1062239362426765,0.782736122733404,1.0319339810585944,-1.3532362698221914,0.14566427034560295,0.7988868999419152,1.8496602042613282,0.3040286238612145,0.24905552330755118,-0.6267664036249561,0.1576810900278055,0.6875226896338092,0.08753772907696078,-0.38987511056023383,1.0626257242780923,0.6772232702327248,-1.6888761876811489,-1.3459848192747732,0.5472913174480499,-3.503146445404127,0.3945199653082861,0.5555087603548386,0.34156150290148973,0.15664883777830205,0.36778527951958845
GLRGC0304,-1.4149306313626522,-0.7762579825190093,4.622391961756661,1.7048150840251828,4.814933983032999,-1.6024585501456243,-0.5901272065983652,-0.9593533612126589,-0.30789861964364973,-0.737665822818639,-1.488957312623047,-1.4815903202560141,-0.23820188962132127,0.4053176482996465,0.6997048301872208,-1.4930160335564842,0.3570988274148231,-1.9490272041768477,-1.4807599387165535,-0.2621943362682815,-1.2348634973375232,-0.03885769736136959,-2.1256657703987107,-0.10133782609635535,1.0495028532099395,-0.6394303558954398,-1.097860017346169,0.202116081845441,0.5357193792613436,0.2189119014643599,-1.0694348513106422,-0.07258796202831426,-1.9189983673656563,2.739069241034778,-1.0771806013231253,0.24722371458449618,-1.0373687239392209,-0.11303038787961667,0.21919394731689765,0.11372436627321891,-1.8433062601515458,0.4191839458918314,0.4292464160708854,0.5571326527188801,0.5840613193262157,-0.22427865247973425,-1.6552290748645984,-0.7312829147321146,-0.25300125424190534,2.281744085336273,0.9641370047890055,-1.0173036412871588,-0.48493659542088113,-0.4048659285859157,1.6729443151154728,0.732023703785869,0.7688059345210108,-0.7341902017475368,-1.1008578437651455,-0.10107507430518553
GLRHD0633,26.725997196946697,-8.842395056786035,5.612508672511071,0.14913643014911454,-1.1771548091941972,-0.7043513714271865,-1.0228768971186388,-0.9430294308732927,-5.055743098523739,-0.9177549607197293,1.5389846831153473,0.798190747066018,-2.7337460617017646,-1.3716279286778281,0.21080579555956466,-1.1676779460984947,-3.194872334840313,-2.267442890085112,0.5008710413175085,-1.0200374983455749,0.8774808965584497,4.468482105390924,-0.4813878836876913,0.32732865049373844,-3.430377391807082,3.138507035400994,-1.3858294251802472,-2.6764749989400274,0.7689308255871149,-3.6209311068431016,0.7823327771062256,-1.9505440780495724,1.4758776739102957,-0.2151334454505629,0.0342720070165824,-0.3658592535672691,-0.30964878116848255,-1.158984998846151,-3.5840606682088865,5.111427897372273,-0.834756290707411,3.3335032623406575,1.5266554956400766,0.8301228540671461,-3.283962839681201,-1.8745796143122393,-0.27646375448317145,-0.8920175783396371,-0.9413306764054256,-2.563856979549885,1.2192318808645668,0.06988583593637804,4.634270139781653,-1.657351782758296,-1.1620198406519908,2.2707057766259346,-1.090331636399794,2.174506076538222,1.5015123283694893,0.31758575537977884
GLRHD0656,32.74742866755599,-6.9876772134099925,-7.870523816697705,1.6403098938946545,9.289979814694208,-4.571228341841244,-5.102064343798921,-2.7596896771108064,1.2113857663021481,0.49875912689170937,-2.0445727446706923,-1.1096316207304424,5.155635698780517,3.3001972522004994,-0.6782429955576843,1.5237653734443453,1.3911975263595044,-2.053685379738731,1.6636489553520826,-0.1801462100208825,3.215354484756039,2.6641412131625137,1.137977641296088,-1.8380809455689902,0.8808343871134441,1.2013670652858603,0.47735687004257743,1.0263048696068078,-0.43384148188094984,0.24605928844414635,0.3591771644608539,-0.19021256960119137,-0.26249770668589406,1.0700074759690057,1.541770300260415,-0.35325795975738145,-0.18347880474817724,-1.5667774862405979,0.06909025213904367,2.399356485831194,-4.265508238112578,-1.7291616633864844,-2.3116381527370518,-0.4383773152356867,-2.4709890923017306,1.4756849143206816,-2.032102302796282,-0.6407866964272105,-1.4268492339433025,-5.649417674231671,-0.5323461719309865,-1.7726145056009972,-1.1476521841730996,2.143251359297721,-0.18453491405801484,0.07154447651431937,-3.1194415799204527,-1.8504534832729982,-1.391661356586695,2.046180910658074
GLRGC0350,-29.953179756177562,-3.2167244697529087,3.0656082957748327,-8.82644626658872,0.3948173229160856,-2.0768856166015968,3.8660144680096993,2.582086673688787,-1.9486412845564451,-3.1679028847572392,0.005681787487409314,1.019743127722385,0.08275533899688184,-1.8509553958545546,1.6759872948085603,2.027584352823431,-1.3048725488997504,1.010365048918214,0.4016403258650533,4.21978699836259,-1.382073723786793,1.3783667147238765,-0.8609795695857998,-1.0711230755337378,0.1449064920574943,-0.48723909978522906,1.1405250416932564,-0.017265432399824577,-3.8647338140833507,0.24274712565494994,2.8368097654393294,3.9186681524047655,-0.9381052064880496,-0.6455291690108903,2.6663188581855994,4.049493576314521,-0.10546035349448633,-1.0479218223683027,0.7971052937460245,-1.5936257366866307,1.7983329506802377,1.8871299225001572,-0.31922104707826005,-0.35257422401159894,3.32471291739636,-1.0039643874208777,0.34350890810155044,0.17369932287998543,1.258188144990663,1.4219261570443293,1.9031636958038545,-4.855727207715463,0.6642714992491875,0.39836647390030133,0.40052374033318944,2.900550760250152,-1.2426490029503308,1.381851412193844,-0.7284128452134844,1.4720489625308488
GLRHD0668,6.111436360691764,1.1730080611547595,-7.2475448380299525,-7.437261749480902,-5.805985265014041,-1.8516522388411791,-3.302635203104436,2.463790778067026,-0.24973273828671086,0.5137606959117637,1.3662837826571228,2.3345731298412358,-2.4546689977820373,-2.0724876256185154,-0.243268607816477,1.9934010182429582,0.8353217886262897,1.3140104984258776,3.456708959694141,-3.01161453968639,1.028465583647175,-0.2944036995002122,2.1276548651524063,-0.38341522504695874,0.8947610603639159,-0.3155891525980437,0.02616606267404749,-2.1984080447858707,4.646728200772841,-0.36286628922521963,0.02557155821255225,0.41731039722041774,-2.559879228186731,0.7825397992513831,1.2059946708553677,1.9015201789000806,1.6961854257073232,1.0648314477399683,0.5501282299024217,-0.02884627495302925,-2.4001193146940634,-0.33430576728124656,1.7077399424493758,-0.5069340453955574,-0.41843832434032385,-1.0115369809513146,0.25812311695074613,-1.5360743814570657,-0.7864256876693367,-0.24973861132952016,-0.54855313709625,1.909003715745839,-0.5040291302176865,1.1298281998466042,0.21624987530023604,3.6611759251699625,-0.006873733225805753,1.668675113321056,1.4985691793418177,2.751904471972992
GLRGC0211,6.6938049599748615,-15.862783119603419,-0.4852381800110445,2.6467165835214983,2.406009923823351,-3.122986669069806,-1.7081748387560591,-3.8638141692399555,0.28483950451071854,0.20840582725797963,-1.295258132961176,0.34694583694460096,1.355605194969842,-2.8380030059655343,-0.4256215832279688,0.631832371037005,0.4615215019790598,-0.918394522972273,-1.1074384831106483,-1.0674241675872391,-1.9272179836326846,-0.31277492598517165,1.723593394082256,-0.041331793810833524,-0.6487076536638242,-0.5994074462876667,1.468132045615888,0.18538869351841922,0.4992689235834031,1.0883467290990227,-1.0269224254723548,-1.4171677269800111,-1.0957542872294825,-1.8657729640438816,1.3556909905266514,-1.2973211182058835,0.9818644941664055,-0.46473765262547095,2.4739529353759306,-0.24294632112768672,-1.7589069416707528,2.7142802077571737,-1.9531311866524181,-1.0009175729736182,1.9243723140700377,-1.0633692547736702,-0.47648694291670485,1.4170062820088403,-0.6412066129244658,0.5939014063680514,-1.454035122061549,0.48809148838699795,0.16157660128417414,-0.6284017868215125,-0.9191381651365746,0.440768239660911,0.5345735602361313,1.2575839880407003,0.6704270254669308,0.5137329406097583
GLRHD0723,-5.689567975508648,-5.199776397172462,-9.293480920224834,-2.574334266702045,3.4192928441718333,0.0747958492539752,0.20777118356823127,-2.821295144024735,4.798830784249131,2.036949197342426,0.8367606311498434,2.112898932808603,-1.3672219791984774,0.42359464726872187,3.6802040889720202,-0.192981954719789,-1.1491626265768462,-2.6814370579498905,-0.39966971413961494,0.8735575416561623,-1.8079337341350925,-2.231098465655769,5.0198296988410505,-0.2706870991238851,-1.7023597880386716,0.9923822249956477,-2.9471511535478205,-3.878598522811079,0.13494328244689027,5.388167418024727,1.0817176923571503,-3.849948739976456,3.594292756967032,-1.0362919222016225,0.07846410168488582,-3.974175597535187,-2.440378203585118,-2.9471986976527997,1.6990893364656874,-1.7351673985811749,3.4000596839428177,1.493170806729008,1.3167895300896149,-1.1515645014025169,-1.2282784106782403,2.547437126113016,0.2048779847615144,-3.379147086463479,3.961012769130374,1.4644953194629604,6.199113621011019,-1.6242333501490174,-3.065031303324831,-3.4698743952097724,0.3833001984201629,1.7501438567658052,0.6200722935227128,-2.5570572333363173,1.9910046269055917,-1.7549731116224891
GLRGC0262,-21.981417599397968,1.9668629728233897,-4.649289106240496,-0.7095000520768657,-0.584075493984466,-0.57878617506289,-1.9430721437862002,-4.524525496440367,2.357355432151538,-3.421547810924615,-1.3578128756088987,2.843849444314982,0.5585308513332581,1.3811252931580689,-4.146201168962488,0.04855497439769619,1.8090027390515757,-1.6255913524872183,-4.247490134125296,1.7203255009793856,-1.7059513633799208,1.2768256272301524,2.774396656965432,1.4086035982623264,-1.4100649005964743,-1.0776924783974655,0.3647220443217286,1.6501963462434166,-0.8196374752316764,0.7789967199876283,1.4040381875882453,-1.6259732830949287,2.1513448366685837,1.3931320731206571,-0.6717138177314391,1.7194938293364346,0.4254531553106383,-0.6807257985051203,1.914898669339787,-1.5261430600472206,1.573655703007511,-1.593207164214745,-0.39858610971642633,-0.7650653112446821,1.7257602632816846,0.7150260443704723,-2.855309582695427,-1.840139295852876,-2.1518390804981307,-1.8901964919866727,-1.0708831184915404,-1.427134347573536,0.047191553318972096,0.8975752945538472,4.095577172477271,2.5213408376741344,-5.332197454169119,-0.43467068607127735,-0.13739214603354208,0.21167753725885727
GLRGC0010,-14.79381702509716,-0.65017987439579,1.9255960622095258,-4.718121756451838,1.9065596719153066,0.09486654349491351,-0.5036679307733475,0.7323624666534749,-0.06796216054312251,2.138727056523177,0.8451866632815052,2.585567858458205,-1.1441307514615606,-1.7896009307314606,2.211445759621737,1.5200937832942998,1.0625024701144652,0.4255866881581149,0.5311768632472086,0.9456419527051605,-0.573013251282035,-1.1941660825409166,1.707918288680022,-1.050464772477788,0.5520698326583559,1.0211974032958369,0.24448947602380577,-0.4754358482844975,-1.197002259489074,0.8844590829635792,0.36530168496153786,-0.3309312564337829,-0.16603902670628787,0.0053266718783064595,1.7895523406052252,-1.1751465506578935,1.655005525530484,-4.2190561264190105,-0.2881255611068789,2.812219521359518,-0.4900836355855391,0.8543195330735104,2.507434613324855,0.7794579159283499,-3.5190941370291866,-0.7927456706374003,2.2913772730410504,0.731720367614849,1.1835006481063968,1.040084435173471,-1.8996402344391354,-0.1509513848772222,0.2648703721912101,0.6344628155306595,-2.5537026675377534,-1.4433292705475202,0.21053680786407394,-1.6446193888669132,-0.6579267513422887,-0.5967050798785075
GLRHD0672,4.182524539297256,3.780198373745541,2.678964248796535,11.567384733172462,-0.4260599200811506,-4.425877721372231,-5.4653483507986005,3.1599018348633625,-2.1968052622921466,-5.376859754469831,-1.5817759831533322,1.028816358324844,0.49400259721944617,-1.980838378729681,0.3022171235018125,-0.2076036864947173,-0.48051216860218415,0.546177638290337,0.8513898520764918,-1.068773405787872,-0.3969420083527952,-2.640957524547754,-2.567192068120866,1.302741003794228,-0.42798996618185275,-2.195656856557995,1.0162923212469797,0.06391866445661704,0.3171629632344205,2.9181533039469096,0.1508789782356447,0.28317646490779896,-0.7712151411076034,-0.11557206130427836,1.4870730783086037,0.27742536815985974,-0.07866041033126493,1.1256424528256548,-3.6938838768621802,0.6137951653466577,2.663215072206737,3.7463321677534616,-0.2355956274131314,0.9269434535404151,1.1633118514783027,0.7582950387026749,-1.6810656741650942,2.0187783804147603,-3.367580884045791,0.6373421825535263,-1.5666331584034672,2.116332267878166,0.9769466555408902,0.631465112366989,-1.0487693656263806,1.4977446078101428,-1.1683643599287783,-1.1739101781554686,1.1512906636526725,-1.8158929474152865
GLRGC0248,-15.159425897573165,-6.927226579859219,-3.71431087985492,-2.3519708703345517,-0.13770094220333917,2.195754604237608,1.718659901582266,-2.2271918862630797,0.8225969522443314,2.058132716710691,-1.4727277536605898,-2.0982387230613546,0.6131699562263909,0.8369620086043958,-0.29510186469478983,-1.091445885671704,1.0587387075175991,0.37543633532846404,0.49918254069215934,-0.9450826348732769,0.2998860381510745,1.027166328098869,-0.956229315819583,0.7524600935296126,-1.9646942096588553,0.9398540572681346,0.6823287841269168,-1.1298095829131525,-1.274889802869752,-0.7599265002554315,0.7588934500897706,0.7257602012780466,-0.39412813402944963,0.43359928016109844,-0.4829362032912682,-0.18963134297869225,-1.4261179065292569,-1.2223163908894508,0.24728831035026846,-0.15541637296476607,0.9498190440306088,1.3632363255002595,0.6112231271169244,-0.27326452942550744,-0.2857415624226607,-2.728943146428817,-0.6380055460923734,1.0238410760026133,0.88009292183531,1.094795164110911,-1.7507669629299267,0.7447790646037201,-0.291583704591281,0.481646552926625,0.200583050008836,-1.3360895170632483,0.8815234270757707,0.18257881647489546,-1.6019644860192483,-0.8208198146128888
GLRHD0689,0.21893051254002152,-0.2229334165319935,7.351700390568863,8.183447691043494,4.170013194037938,-4.589129899544428,-1.109355446178382,3.2870870941245744,-1.9791579298286113,5.218782098729784,3.675091464273284,-1.2892811748290716,0.021130332209888168,2.055852088076178,1.7165881471519324,-1.1317846164509873,2.8281060008677374,0.9220509315240403,-2.33909236936768,-2.280692602152401,2.9886870532893326,1.9474437563857,-0.0493537436653282,-4.777996955414384,3.6786324882356918,1.0562184820526812,-0.3569122119901336,-1.2899750898689084,-1.2995525999147657,-0.5457227926720452,1.902275910113221,2.4583394519762773,0.32171700646152784,4.128515869180809,3.4762850429063996,0.3781614039636802,2.2937297645535373,-1.4597448626730902,-0.45558592021180355,2.5980928705626085,2.9179698897774244,-1.7345801270703793,-0.5963282899710054,-0.5710992610467048,1.1763775010460005,-0.651187026560614,-3.584008320820829,2.0814034673214565,-0.28917124906758673,-1.7547386813470205,1.9705547438478976,-4.004198211606799,0.3248270615992702,1.123100416242849,0.2337324993120289,-0.20068640249128258,-1.1506123575625056,1.0630076580897168,4.2126269125146605,1.5592997743783688
GLRGC0433,13.251422057064495,-6.471358760643572,-0.9547404992223981,-7.295211518784838,0.4617520660746665,0.4360664526160755,-2.592205783036914,-0.5723541118378254,0.2292912712085309,0.987626263782246,1.470890957452576,-1.2144433815392413,-1.5156478066249657,-0.2884382394024443,-2.55169929613151,-1.9316765486275038,-2.39918367680776,1.7465944202032213,-2.0131928641144237,-0.18285303912846895,-2.809891394951393,0.9446153811274478,-2.4217522675555463,1.5872528892118667,-2.1004610386057463,-1.1372441663865112,0.9878353073868527,1.4009934832295032,-1.7196595866682862,-2.1894692890597245,0.5246206105152759,-1.1871776925568187,0.35477511828040653,1.0891492873238002,0.8353501754378395,-0.27493872485425414,-2.269338539086605,1.7458584346062864,-2.825850724195013,2.039733014349453,0.008224255817606173,0.7908085872405172,2.3782700976362614,-0.2012990154296208,1.1458947159610477,0.44413153016481494,0.0033452369723591113,-0.0436682565582099,0.7792866317979328,-0.10855163222779407,1.6729225939536978,-0.5665753253927557,-1.1989936620909962,-1.1129600567960742,1.1688289347073384,-0.9163414626092561,-0.1776421118169393,1.755651409726997,-0.14328548290280335,-0.26874268267028334
GLRGC0424,2.699913362046991,-11.050351707315057,-2.0886159239044355,-5.088183283133841,4.0503742918036245,-2.0336173161412145,-1.3072794529676262,-2.9391831179148786,0.7273809827772095,2.904544090613169,-0.8937948112513077,0.14283303794753163,2.43150673613376,0.4453877776121819,1.2390564390127545,-0.3722303971327102,0.2322214948566986,-2.8172593805213486,-1.603290062107246,2.3320675953468744,-0.9229083009098245,0.07450094137361554,-2.0715881140333585,-1.0320562674744107,1.0132011677017019,-0.29988890405529434,-1.2231855123707822,-0.7910043530858446,1.1667335843762818,-0.5582139605055854,0.04206699445950826,0.5984811062429054,-1.9301806944723814,0.06344860926108055,0.3158365412249844,0.02730274854133205,-0.6113532240531988,0.8054259463068744,-0.4443417378969034,-1.4030988520329106,-0.6239312388562762,0.542076376575543,0.13904047982078985,1.2839262791030912,-1.5802088347672787,-0.6937596274991198,-0.309746200948307,0.5232472061378854,-0.648232082381615,-1.0528902749845166,1.78254784376701,0.3118748303870903,-1.0287043608832134,1.9050556067120268,-0.7237028117141915,-0.537913399724165,-1.447654435225796,-0.5950227265312518,1.7307056951148243,-0.6214546272978831
GLRGC0447,-8.08318136863132,3.974640818381872,-3.383839381647755,2.9801711746440662,-1.6752240590378606,6.319656910355705,6.404926640191856,-2.503130380161027,-0.563851613877809,-1.9150662347859089,1.1464034126090554,-2.002762465222863,3.1999365036789813,0.37567294937575685,-0.12447897929868253,-2.0340617137688737,0.9672249421768191,-1.538357196546428,-0.515698123312773,0.7118778559418963,-1.7431342450889142,0.75082358978336,2.4443027557288404,0.6588499574277772,-2.3974036484257106,-1.8948324117410822,2.114931940404589,-0.9429336790374874,2.0709043738037636,-0.7657763039694963,1.8193956832999827,-0.9826828122722053,-2.0622186337246853,-3.0865062335562574,0.2616439490764457,-0.03491820404913478,0.463076201690708,-1.4948654418478344,0.11089321778670086,0.5520994258796699,2.3456337742056768,-1.0236085447091365,-3.3326554993989905,0.5459855118401638,-1.0635195729890916,-0.09977688481116877,2.0508513053096045,-1.9474902983102942,1.5628772517482112,2.217217715759187,0.15189193286995661,-0.532851260200786,0.5165481969520865,0.5935262777749755,-3.7932673463963495,-0.3952738529451429,0.30774307266701306,-1.3676700229363243,2.886739578501844,-0.03415285641685938
GLRGC0185,-32.169014468251035,-5.77143857522808,-1.9384438867915326,-1.6903209074306211,-7.234163105432718,-3.7279194090100143,2.684914660231408,-3.997446858122433,-0.5560324824079943,2.375509526542248,-0.7571696214161588,-0.25325987426385477,-1.1470663589485355,0.7930419956840944,1.3525426370295197,-0.16268216472523978,-2.4019666298277462,-0.48836042279902786,-1.1300085775340931,-1.0997142431116018,-0.5372051071504325,0.32167123514757745,-0.7066196221645036,-1.9272860217894316,1.2674983527388255,1.2412185188701215,-1.7101547760886502,-0.15755381940877353,-0.12453034768104318,-1.3912064873155594,-0.8740353287017981,0.705042859109878,-1.0382761401503315,0.4322032338966134,0.8715330001703434,-0.2773517344934515,-0.4350767102092146,-0.44602762942649016,-0.8738825599029069,-0.29247346664878354,0.5852925802726229,-1.2342563559252189,0.7059505105546883,0.36414238703478136,-0.3982794524759858,0.4089784450752052,0.10596678478482531,-1.9882792868965091,3.403346655464373,-1.3382053539729322,-0.6638757503410349,1.844374471123393,-1.1455178795738246,-1.240610771434858,-0.1066382941800605,-1.168677593601706,0.3118096306128523,-1.3406297392485182,-0.6950645332302031,-2.935238112782431
GLRHD0649,-1.5344265985186551,-1.9861269644586341,-2.562113557813865,3.765421597199387,3.9646427750541107,5.172154834273064,2.283528842294646,-1.20022936328553,5.135576846748743,-1.201754084159182,-0.2385944648845086,1.7439834649806738,-0.4226853868526521,1.5359474634473544,-0.9557894659928692,-0.9840436746823154,0.15388079685912998,-1.2222611221123032,-0.7084942857413733,0.41550454905508544,-0.9497548881778755,1.512301076663441,-0.19627825519684758,-0.3310675933729016,-0.06794828213678808,-0.8203885209345021,-0.43215482966933483,-0.7962061533607383,1.5209351934956654,-0.932460625949353,-1.0348502570681428,1.1570290587985157,0.5937642194206735,-0.47761410601688015,1.6270039232179727,0.35424957501746446,-1.2459316214566856,0.41948039839915197,-1.5358826308853872,-1.8469775691933212,0.05803697407083119,1.0711284674479042,0.26904887758251206,-0.05035074054883423,-0.6922566732655654,-0.42119227783914015,-0.4644799132755481,-0.46030639936682405,1.1087687984896188,-0.10368442315079127,-0.9157171439588341,0.7081103746259055,0.7010994858845678,0.9077673802742697,-0.8053044920468392,-0.9345914637097403,0.02511902739862843,-0.3634622168866551,-0.8382511314085845,0.1285112073799322
GLRGC0145,16.20512895449475,-4.399847924796532,-0.9638444560705701,-4.1228982086285955,-0.8237950568214909,-1.2179689054703327,-0.3882276796487968,-0.8467329172821546,1.3600277307777915,1.0699490550592177,0.06765723582253057,-3.4989942369852702,-0.9194886975739138,-6.175062473241925,-2.234908160624882,-1.298944899496939,-0.4353546335029649,-1.6297596666739413,0.399944131800314,-4.8065397637427285,-5.402994028197388,1.0210394623186367,-1.280310650121404,1.6075470874191569,-4.080874065891413,2.598152602117373,-1.8056309324290918,0.4084524284557411,1.1853603628512548,1.0159737249135339,-2.2491167600612862,3.0005493812524087,2.6749389534298555,1.8906844743555595,1.7486301777058688,0.3543954596230996,-6.725328405518201,-1.9319301443501828,3.854939051707678,0.976381234903954,1.2152241415692626,-2.2325205495479548,1.0537803925082103,0.9335101186932112,5.135692812460913,0.6134066213465272,-1.1730000106161687,-1.856728493749036,3.0466476592266796,-1.5357949909679043,-0.32907202908953664,1.8884274237544623,1.7915381669422035,1.207901995735259,6.994588391553518,0.8010794472173508,-0.05935373690607507,0.34600741557085546,2.1099509493675654,2.063494054572357
GLRHD0706,0.5262224349298138,-4.625662163671819,-1.4984663439038757,-0.14577052650083308,0.5143510625673557,-0.7011892002528027,0.2838461102817229,1.7234530865505857,1.4501533506970978,0.8777405102584681,3.0049177192465155,-0.6354472571660096,-2.6170869575414066,-0.8908944467648121,-1.1882091895274471,-0.39591336509254577,-0.5133484623865497,2.4148138434188837,0.8622893541028754,-0.7504933355322482,1.1031948718081521,-1.4727287633555233,0.990186479957752,1.3793936470662933,-1.5338454840534266,0.7682101652486528,-0.592103984006173,3.319845324491012,-0.7127101891660141,-0.0426350830811739,-2.371518307857246,-1.5081950210380293,3.0192542509485754,1.7294602614466974,-2.080181596535393,-1.2555765743004494,0.3920417872977358,-1.2682311493088054,1.792585391889229,4.087890436411337,3.0252445849503586,-0.20611060148636676,0.6681233426417482,2.351006480579589,-2.24084588172926,0.5632752416547668,-0.3355827105485782,-1.2755871818777866,-1.8761237288853574,1.143794668107403,0.8169756633246411,-0.3682542680943939,-2.3241976072052,-0.0849769569950404,-0.35124876964983,-1.2157668773293586,0.1917023626733327,4.148775654862362,0.6237769312743555,0.544361427127351
GLRHD0781,4.74940581414543,-4.756192531880961,10.435992530820217,-3.4525995681920185,5.634822813356157,0.37304615741067026,-0.045261528126931,-0.7799351991438771,-0.015484230885364535,-0.8452073982738327,3.859445960908324,-5.42200737692977,2.1414106530854315,5.235702151788148,9.63154712093377,-9.073473815948061,16.57144888707863,7.1949973049823095,11.677017400327301,0.07405135821612008,-7.041574547783886,7.619695656420083,-4.525800804492051,-1.0947077325598744,3.642249073236779,-0.9185567477631845,-5.19941413867194,3.6670671266836146,0.940275709747404,3.65237391467986,-0.5122839140775525,-1.9286962184641172,-0.16581550870303177,2.355757528079026,-2.0755006448569975,4.3853793284843885,-0.23845639389932133,-2.0236915048001607,-0.9173753611621432,1.3878529946866287,-2.510163652684927,-4.464532758414175,3.529996586537071,-6.760342523288775,-0.4282706765693328,-0.08582863530371343,-3.282964393595704,-1.5137396756201387,0.5128909689262925,-0.14791990036443542,-0.07400270180693101,-0.08337462802247411,-2.089119308171954,-2.3508073139762757,-0.7986263509419982,-0.9305999783585418,-2.740575491507469,4.517740288966385,0.2501602843618979,-1.5180679199164553
GLRHD0676,29.593389013702954,5.631031911885676,-0.5489892476084158,-4.739884206652858,-4.52912267890543,3.5008560777399,7.347654460278571,-1.6873221853268816,2.6779004122192984,-2.1011906868874535,3.16977420994466,1.0173024040549972,2.458627743500242,3.4700153435473493,2.535112033998749,-2.617552659148435,-0.7957148573751699,2.262553601943113,1.486217061012706,-1.9828834843413965,1.329221981445312,-3.6026840013836856,-2.454234434591964,2.446601082635414,-3.2659710633847303,6.458241185206863,-1.9067491325791297,5.04603384754395,0.12733045179886737,-1.3354858760101478,-2.6940196261569174,3.3074247780249615,1.800972824266729,0.7312013943203195,0.5921064884817052,-0.643020853830691,1.8251239438167597,3.960525727713144,-5.172423837311396,1.9049865955953849,3.510656893840732,1.2302597533411392,-0.11764985527626837,-1.7093593605036776,0.1255336707702741,-4.860530465841238,-0.3872126242429225,-3.2076737778490694,0.7780207864857687,1.7636076541675771,-0.8043551366455621,-4.599203232025648,3.2863949059576845,0.7475607678023973,-1.9646711675480881,0.9275952346666936,-3.711523866394679,-4.697184375207865,-0.24551871631255182,-0.7616356280579949
GLRGC0331,8.78377307827887,6.5595180261782255,2.6878956465636925,-3.352229025815849,-0.6552296904915502,-0.987735409659373,-1.5610294656962829,0.6418046358518961,1.0430435669184215,-0.7159307760534495,1.0149724980219725,-0.6273306582148384,0.44498137311384484,-0.0832629680398261,-0.8010560039787379,0.38954710682288574,-0.0009311819615145502,1.1734038017377209,-0.39409471059461787,0.8286085008054852,1.7490813753857304,1.1902280838438526,0.4470343821626541,-0.2679747109578342,0.976784065653738,0.047922151644928426,0.6774975577313421,-0.6526024323964236,-2.1439675035655332,0.45540309700709963,-0.7179976437415854,-0.9075744459841576,-0.03849764066598255,0.4325923752902148,-0.06829765515676978,1.2093727979644457,0.4835273246493651,0.7149743441972353,1.17636235262445,-0.8103632101687399,0.5350654458559482,-0.7816611021299033,0.5448942024086832,-1.3004850484399515,-2.3567900925714267,1.2792053779878225,0.4482477613290643,-1.1698298448823565,-1.842830391618201,-1.6056734362861576,-0.02461959722100038,0.15612410712893943,0.9721508487084984,0.11118924174526972,2.0911158415439224,-0.7561938670873621,-0.13164019559215645,-3.6311327737346097,-0.4369376840349139,-2.283722779790467
GLRGC0218,-22.792841651192333,8.249414239940004,2.3626867601562016,-9.363271173155038,-0.6689516450209275,-0.6345077084239343,3.2983756099477652,-2.6307014871242456,-3.8368331945086362,0.1828898748168442,-1.3925658090219484,0.19793976417478187,0.8844661094743403,-1.981270075877247,0.4613811391271199,1.1610411421052336,0.037792406362255115,0.9477321773898171,1.5065746842264809,-2.5643038255181936,-1.5207798285740062,-1.9824253032678878,0.7454138931016844,0.053199247584419455,3.6957940923152246,0.4604203665787838,-2.2032810895674175,-2.3627265610267263,-1.8418227625372101,0.6467667205990171,1.604152148300258,1.0072571120200173,-2.129175095644686,-1.89367128925004,3.352916231117834,-0.48466859934803985,3.4297842668209237,3.7461946806005813,1.3565613162270864,-0.7046575008518081,-0.13412497117545127,-0.9242261567901526,0.9622273027982715,0.059926539494962856,2.973744075489788,1.371449637809121,-0.31338343346484276,-3.199781293508504,-2.291523939132527,-1.9624343479956716,-1.3030962588245656,0.30462791690904895,-2.8908143381999447,0.2822692225490382,0.6202415062228473,-0.5579451139023984,0.2918688881003836,-1.3884916438024524,1.4400865835147516,1.1100993607792566
GLRHD0665,17.97185276860457,-3.1686027614555266,-7.076232558502838,-2.4275394481916,4.024707449324508,-1.2896150960842299,-1.7492417044574597,2.6788261610034003,-0.19736128341628173,3.567871050402702,-0.08647074128664492,-0.741823209196098,0.6131173657323221,1.4268974222531365,4.390240088178754,-0.05621700359290241,-1.073736633556345,-0.9351945226912796,1.6427539848316377,-0.19312020998294216,1.8234210329341007,0.19219661275687988,0.6123838172401264,-1.5551732129521978,1.6709307778930198,0.5765062367640171,2.0258226392121403,1.8370467789770073,0.652507499585425,-2.5107060794819653,-0.2999329023843701,2.7135756727669804,-0.7556875554917611,3.1801173795914472,1.0242645749539143,-2.826600710022074,-0.18639784812945,-3.9376906171770347,-1.2162884978620747,-1.4276526086960495,-1.492623960287426,0.5677057357269752,-1.8554354295771573,0.3011867445393139,-0.18285546650105722,-0.20037052590594548,-0.5084324994801116,-1.812036212790851,-1.1866562245874497,-0.9200205561157647,-0.5870195742696275,1.7202229498037584,-0.7976670098349129,-0.7233278485868174,-0.3252950348741914,-1.7824330210302481,-0.7818777330192175,-2.636867737983759,0.38867725928095337,-1.309322526674894
GLRGC0284,-27.604268251894016,-0.9566879000959977,-3.160334927702213,0.02721470074867337,-0.46557792244500656,-1.7474902457347907,1.5149942425086602,-1.874848369233018,-0.7646950082267816,1.3884207500107526,0.6950974218674523,-0.04001096996779477,-0.3320046736384132,1.2130407579565803,-0.3424662946845475,-0.5788587142323927,-0.8424381420515517,-0.18713650242030838,0.37381844727912344,-0.5775965324011945,-1.196766587578487,0.1164751475138669,-0.1865585092233675,-0.2546080518609397,-0.2617606342442067,-0.5605573601470442,1.4058242167081962,-0.37689680832252004,-1.3502519551370766,-0.7168976174637289,0.12243805290741151,-0.3903182692389563,-2.0306934727874926,-0.22592361088219165,1.9372309002375794,0.7341080192436645,-1.146254873659546,-1.3200746813445023,-0.8237259995313292,1.0917310916311083,2.2332726343180997,-0.8413385372773063,0.20114506033536575,1.1351736445436744,0.8384891195934978,-0.7328841308117443,0.14202563006231925,0.3883616905895531,-0.4157214106077448,0.138262631070878,-1.3736479961866686,-1.1639716814924512,1.802462465460855,0.4247811897697922,-0.36440332547517507,1.1050012030518719,0.9704990874742381,3.118087869864518,0.14722928722966075,-0.06299844214554402
GLRGC0446,-16.656161495742715,1.6016719405646502,5.449225840430604,-4.720583270767971,1.1301533441757416,0.8219166192037788,-0.8308817860219107,1.8386722049119921,4.285285498369784,2.6849695693629196,0.6255902353317709,0.25007935644325124,-1.1240375818753219,-0.7523884742288277,-1.0532155107765835,0.3308798371614455,1.0262742024888385,-0.6059714306950572,-1.0433171100190066,0.7386646394877145,-1.3102721531975179,0.5729990222423018,0.5277572468806812,0.24954616993087284,0.47401101432291937,-0.6784972388341354,0.7226026930072977,-1.2008487735705076,0.2714784785126748,-0.6180439586663284,-0.7390593720764521,0.26771684936361534,-0.18833192483561625,0.9483645090594042,1.0460961001627056,1.4345306231361954,1.85469279712358,0.04801181727942338,0.8305921987264485,-1.282455495169246,1.7961594924052307,0.17284888770476944,0.04490114764126036,-1.069040470300784,0.16955160836780048,-1.397165884296407,0.9707655938604663,-0.8025181676705925,-1.8638794012960487,0.49849386566066,-0.3013328168849859,0.06017084487774224,0.879206198877779,-0.15475773971417411,-0.4093640564975956,-1.9558342221912912,0.5305932750574244,0.9791742550829167,-1.1589529566638377,0.10171130800017217
GLRGC0095,-25.022480049474712,11.001883286878444,-0.3685749543567589,-0.0010183339076993913,2.1177729105491534,-1.126593053359109,0.4975974832068934,-2.2257303502808745,-1.0313448206758635,3.6919805776982546,3.224197371745406,-2.0015333199204153,-0.26936887486705624,0.8436710416037545,0.7910462782180536,0.2396935297834691,1.5447742513964533,-2.5713678024232354,-0.9670126812345939,-0.0037482189063599387,-0.029168316556860918,0.7299551231651656,1.4081574928839233,2.4029282239650556,-0.5290100378225174,1.3424134826037648,-1.5481239880462083,0.4814853140611867,-0.3196817919918521,-0.38466892360943716,-1.713717246554128,-0.697774649463562,-0.7737421577059834,-0.7321392026450738,0.8010968692659953,-1.8910139654878704,2.017159943006127,0.9971081506137346,0.3426846319819694,-2.3516477280526367,0.11526105208847229,-0.7560837150894871,1.3808864238171172,-0.8894008550313436,-4.263536924622698,1.835960990652399,-0.6557990783386046,-3.127373264739393,0.8831782253678766,5.2026917524069605,1.497889595907691,-2.3823327447884575,-1.1753267343805427,-1.9846846253172905,-1.7262543641482184,-0.2242125842222824,-1.6767520218510996,-0.19547676487024473,1.9032078207845886,0.12608357890034652
GLRHD0405,11.282106725325084,1.4382711506388435,-2.71304628728674,-1.5740616417764968,-1.3605089295126287,-1.8118342478822853,0.6004856612874053,-0.01215707596323387,-1.8260616599005521,1.574410459715325,3.0669259010338297,-0.25806692513433543,-0.9777005208120415,-1.547805838168533,1.9782403386432268,1.16270869608559,-0.4423775593335455,-2.7880738716153366,-0.4110163971502218,-1.526526907988164,-0.0735239075591864,-0.918662903054519,0.5704935118106909,-0.7070289963051103,1.4142692181046765,0.8665939429501021,1.0593532574394402,-2.3027579858258016,-0.6084194276031822,3.9291246164395663,2.5262189290616583,1.8403495552489706,-0.4064098109216209,1.376366945412039,-1.3400244931329812,3.8562173287753816,0.021284678433581426,-0.03685115807462764,-1.367835137844455,-0.5801676000607118,1.3712275461795014,0.4381265978886623,-2.101241172024361,0.7134384083672304,-0.9616255686281868,0.2571759406710817,1.0889366040781054,-1.03779318793154,0.8817449745605174,0.5021695848581007,-0.029606111311331288,1.818667859443051,0.30889799575404864,-0.2541858025099432,0.297944761288967,0.03495836359714094,2.655909130801775,0.9630409102720753,-1.6249426418655957,1.5950211342764251
GLRHD0105,1.7327652634186257,-5.146630673265449,1.1593093100321579,-0.3267110404932739,-1.0105580547330062,11.974474138938373,8.198293991619884,2.932988704057596,0.4847631955683513,-4.289062450562847,2.558104524216264,-3.349859812538631,-0.23146153310114595,1.4862449829593933,-0.24633584577591702,3.663766748721886,1.1932880665156096,2.063110456123621,0.020457366235455292,-1.885943387542685,4.147996306878385,-1.9902157437348724,-8.527875196708484,-0.4937890166940992,0.24645471225338586,4.821406734606335,3.506438147765755,-3.89871662036769,0.5311167994855658,8.27855465083405,1.5421556761419208,-3.35237342826685,1.6395298810586643,1.3683772433145431,0.3018835525334016,-2.3859469073240844,2.2827373473382724,-3.0273688680920694,-1.465944115019891,-1.7916272700940499,-4.6839359943211605,3.508633845996861,1.5219354906049642,-0.7090535791719013,-2.930085302966964,-1.4379414714524166,-0.6055230901947207,-1.790988836514655,-0.8929898293763693,-4.152136922464255,4.9165512510039004,3.4136452430984416,4.361946644498832,-0.6708620125274009,3.696508009685118,-3.019614458875874,3.088323385518104,1.326927296501681,-0.858923789454612,-3.4896026091218304
GLRHD0809,-5.945257155661684,4.4205824285305155,2.2193090315429815,-0.7800868295852192,0.8516356533011556,-2.0306091116382587,-0.6301898539119675,0.6878878973135711,1.3322686812348143,2.4618470998748565,2.8171009251661094,-0.7586139179220759,0.0008876833399612469,0.19561648091588857,0.6376906389995798,1.758830185958792,-0.8132153400183901,-0.10072433801882388,-0.6643936985572928,-1.2480105304139082,1.3700384622319473,-0.09305932802483341,0.4970235368218422,-1.3624502074524891,1.877929159431943,-0.8906152195969016,0.3179150382575744,-0.22772681955371704,0.17711161514067006,-1.3144950105912763,0.07826993625687088,1.5122612366082402,-1.8792403193862153,0.29717893421724534,-1.7957665119915753,-1.107560564923131,0.25817984475880357,0.42044775294390335,-0.32393316916676607,2.167384632946404,0.2884795786774827,0.13850712975788046,0.45704075206641553,-0.4251704879181221,-0.12576224358845706,-2.8365451363638154,1.201467744323397,0.7514543234868624,-0.43126838967839676,-1.2526495968475646,0.1478473662451129,-0.37119443063858987,0.5537220840152889,0.6565624768685847,1.0027718416580869,-1.6829359525152594,-1.5648417601352274,-2.056957251197228,-0.920864575010293,0.3942665561993112
GLRGC0439,-2.5774297286211456,18.76250138195687,-2.0151864162726105,-6.343220155093726,-1.0347397342785307,0.7614594398329101,4.089738588680889,1.3704899463933455,8.898220293798254,3.882703856545376,0.0274122127108764,-1.0276539146595973,5.078713459155202,-1.0757464918628594,-0.5687970756573161,0.4169187632125753,0.6786593488514083,-1.7964225802895364,-2.133927582287928,-4.523081295944256,-2.7591488089280674,2.1928852781270622,-0.7633976714253445,-2.64332814495994,-2.6081267070598986,-0.955301889014491,-1.3762527288725694,-3.5887779475498354,0.5511637777829662,4.161933090014521,-0.9347751601800042,-0.6454603620942483,-2.084199756759675,-2.9003092666689345,-2.423859969687936,-3.0971488177964246,-2.3633949251848616,-2.8618665735849476,-0.8183572538100194,-1.5737601281991085,-5.099629716483803,3.3728531840651925,-0.09875478350916782,2.329971147211493,4.277627935377012,0.9876261970806646,2.9752546079941613,0.6489199538595691,2.0930215323858126,0.43161718800786153,-1.6813974330405426,1.0102702704115594,-0.109890355511635,2.931097518324753,-2.1351255851309157,0.5264610437551964,-0.9876403488938418,-0.06040602452043177,0.8558061819565684,3.5643637840204843
GLRGC0164,0.8383340060667553,9.956868322545136,3.785317628832675,-2.3655348648401233,2.4837857347348105,2.87893080831692,-4.765786660184335,2.760028999287217,-0.971782193438113,0.5878498288366347,-1.7350611206488913,1.177881846300864,-1.5190547311111797,-1.048182385936314,-0.7728934494020288,-0.7203251251782932,-1.4190571845424595,-1.0987785023446046,1.7559522335321833,-1.4920641118593374,-2.341023110971921,1.4729945933048632,-0.39273909926123385,-0.9781105380813804,1.6031845740859296,1.1037815814652923,0.32946094325127967,1.7071843383750016,-1.6128366097463962,-0.34339647022064995,-0.8286323014508695,-0.2886021753640709,-0.18352150019724967,1.1243720624609939,0.7954714962214381,0.08413990692538878,1.1279968532853768,3.078331235759558,-0.24872481469187044,0.27272468790337445,0.8326417949159297,-1.0571179028068094,0.6659374322390448,-0.509137703152718,-0.45738980645723437,1.1854867181224806,-1.2317260920181494,0.5887927764564265,2.0311950748389025,-1.449746405150388,1.6979912313764545,-0.46232093667276436,-0.2282037165061335,-3.6330192902908043,-0.36147362459621,0.659943792155169,-1.2817405816566214,0.231389238736123,-0.48160780295597927,-1.3201340636738264
GLRGC0110,-0.4904999347201403,17.935152246458145,0.16122092366364812,7.27976901008459,0.9565334238252448,2.245182593854501,-2.2990465941209766,0.218102585951961,-1.9182351969090106,-3.7039330229751597,-1.9758596761433356,4.170001709931742,-0.49761758819731405,1.8139357443541388,0.21076657281436986,-0.004014219479515068,-0.9836099259475027,0.9784127085978069,-0.452556947373275,0.6204847329171653,0.3560567644325493,3.3545439601117173,-1.430700659406927,-0.23789063325071164,1.2873028979158723,-0.2909285935649476,-2.847190784638128,-0.49820049030525665,-1.5612857967047946,0.4363592117410199,1.701365453801035,-1.0076455084720646,0.48127013497238635,0.023130822918389006,-0.23031157914318545,-2.4070945313569236,-2.1048767461761595,0.03737703344361379,4.597225383262837,1.3152464081546915,-1.732675793645659,-1.2959181805362316,-2.964936501317416,-1.8921451002310221,-0.7804185432940086,-1.5568447722482215,1.2003392624327518,-0.7163942270593848,0.15340824075447937,0.8461570907241717,0.19434848602438937,0.24454693364328906,1.3371883098790174,0.4526990001873002,-1.0617606636883195,1.5061508902796512,-1.656268259208281,-0.32323966048963443,-2.6850065347900323,3.9534278681146415
GLRGC0212,8.688870365882087,6.855960663235746,8.492264998898401,11.134931370714265,-0.8256748627598892,1.5227791855781978,-2.1304182840033983,3.0356513762200423,-6.43366648067253,1.250951892975559,-1.39211548868254,1.7493765554522818,0.6526860607708738,0.2683782057016855,3.4338211734201454,1.4012796730712478,0.2197118634205766,1.4365219568924235,-1.329513716821075,-0.46425010795885713,-1.7341023883919575,-0.9113772303383193,3.1177588665082285,-3.628901765564252,2.4123556372772064,0.9399862943685718,0.3739980200435794,1.1525904592517762,-2.7107887296605324,2.919798058935548,2.1465202241973436,2.022000426344572,0.40998229868800035,1.10647827800352,2.8180679352991707,-1.6309652026424553,1.120010668045831,-0.25101535240465406,3.002713695299613,-0.6315064441746604,-2.6394581218519266,2.941867654334661,0.6905323555638057,0.8851416565470899,0.34603834681930273,0.0021109031586913503,-0.9030536146158553,-0.9548072773463004,-3.233938594496166,-1.1055207588599258,3.239063417706237,-4.2478363840523246,-0.4337281979048054,1.8656848449599701,2.1473314666919086,0.3798509368295756,-0.8551733075254628,-2.247828952447144,2.4403707656910827,1.2217313566664012
GLRGC0307,16.85067518615568,1.8902125797211413,2.134771637529249,-3.7030983693057937,-0.5690465223176726,-1.0792104408967413,1.0967683045380425,1.1585199517480136,-1.2050246079279705,3.051206773685713,-1.1737079761855709,0.4018488400783439,0.3249507137979167,-0.025524604205933343,-1.944163196880285,1.1993464011351924,-1.2122673254134841,0.13164567991442191,-0.0004127345694278753,-0.07944391162222234,0.16757568332810366,-1.0637259615290218,0.8022612931178189,-0.5520217825771995,1.4604918047464452,0.875027043780176,-1.3656584675438166,1.32473090322492,-0.33190282665298115,1.6167862265985193,-0.7553387340784173,0.2243624692349648,1.951903999364749,-0.637280952081531,-0.6140400142245312,0.8273528521311592,-0.30790913343278226,-1.793348588072184,-0.8548950579113119,1.4766298970013052,0.05184796896352605,-0.2917167218344532,-0.24476069276707713,-0.541532567281708,-1.0816118577993514,-0.1102672614156251,1.5695718546703916,0.5647323003994383,0.8599054296192439,1.1839364845412603,0.02603162082291811,0.43005148196728965,0.7343489997639394,1.565160119897438,-1.5151091870577993,-1.1304679008588114,-0.29893468043475335,-1.2700094142125478,2.2486527144041353,0.2234147905739056
GLRHD0623,-6.19716893830198,4.8906455717845,-1.2652288702845578,9.526525839489254,6.253675806557056,2.9138636696205045,-0.30931550536189534,-0.642316039372543,0.39784300257856636,-0.05585137886073583,0.3074889024236032,0.11542359421707901,-1.3829779624835092,1.0061311169824203,-0.39920402302556696,1.798838339399877,-0.6452213517590382,2.9209014804460676,2.5132356057642817,1.4418980498512988,-0.9765102477241416,-0.5874400693628596,1.021076120048694,1.259860882755839,-1.0672764794526828,-0.5267672458190001,-1.360148407907257,-3.316205740025993,-0.8147290105456573,-0.30387932223614533,-0.7857833713025427,1.2640305906071583,0.22785499779255267,-0.864774100040014,1.4250958317041937,0.8976105717000321,-1.3157364926592319,1.0616699034643309,-2.955682586188443,-1.329009430915444,-2.283893492305558,-1.7318611764107097,0.08385361364639402,-1.4922234082226882,0.8534784755263469,-0.8079218512992032,-1.3265881887097288,-0.35704978228756096,0.3950653972712646,-0.6794654116739048,-0.3586142103618232,0.8041197654233857,-0.05270159114016515,-0.5181948840123584,0.7234342301605294,-1.0895096571199128,0.07894758939018387,-0.6477517800496578,-1.3485367113635065,-0.09843249705973599
GLRHD0625,5.892246060566274,0.6179000214666668,-1.4899725031006497,5.965840020261,-2.9481391745230265,-2.3965323120456166,3.0112464577467066,2.8466636452105614,0.2240919942525007,0.0852696427131001,0.8287480654960063,0.7977814371252517,-2.953622293113837,-2.552972821360677,1.6235477676935044,0.8567581751104886,-0.24820052263048295,0.27222655959708536,0.03250600313454216,1.6028856104276428,0.33453703861754663,-0.25423467699989466,-0.11742904465205482,1.4080375599501267,-0.8587318680685169,0.5151016823080785,1.2347496075008175,0.20912292203769,1.0268686473710396,-0.11796000990577303,0.8569592343847182,-1.317863439179309,1.165518700560677,0.20058317806779688,2.311577873143972,0.781481266458704,0.5851275677257668,1.0785776295591052,1.1719548886439874,0.3459460199153449,0.6586942783481089,-0.20601998304857486,0.5211077910261159,0.059460968494917284,-1.6237202651200664,-2.1026382561749,0.6389777597263222,-1.718179704332408,2.008438111384052,-0.03254103179796305,-0.29976769519547636,2.2591704143393723,0.7530062318102996,0.10511968139272543,0.3146864944323239,1.0610037289903096,-0.5785015652683815,1.711519472628573,0.2552683775992313,1.0039125644852527
GLRGC0033,-6.36157852073737,-1.0764524933681743,4.38852456605312,-2.9926644637072677,-6.213152878043456,1.6059683943467367,0.3364795271934656,-3.1551517039626553,4.684414409247538,-0.783585034742993,2.1252147283257656,1.9747241843708816,-4.536069988037845,-1.3555909087729914,1.7789926398519527,3.0743094994473923,1.1800725309849185,-2.873244858739806,2.8259936751495016,-4.039606089886325,-1.07268664069621,-1.3271134080399283,-6.954523223013869,-6.536460402421035,-3.9128261768472368,7.065963293253224,1.545188531453824,-3.349145608373949,-3.4808952190652693,-5.762602818004412,-6.911662081966715,-2.3844214223920974,3.9572238464397076,1.735964609103513,2.267363931502361,-6.761868847075175,1.7329100622213796,1.5353225521808507,1.9951335224287092,3.4155527802415855,-5.247605213922618,-1.6837783634995278,0.007022439664331832,-0.3734415672962821,-0.2664471801620154,3.7515859626729986,-1.1214261280340072,-0.16336139703321292,1.1300924475441492,-0.7469343244911703,0.3228051526192435,-4.061568337717696,0.691291878704278,-0.7116182087356843,-2.0263679687980978,0.16346380399604443,-0.3844661898139349,-3.9567390701521576,-5.135812467488697,1.1078800215115217
GLRHD0774,-1.5338994574435694,1.0545267625885806,-0.9246580120474193,-7.925936443672367,1.911081059895258,-3.2455269004163037,2.5959592210791222,1.6646772979661524,0.5198921123335941,-2.656882224359248,2.2554171196078547,-0.9217898090317324,2.607000723515415,0.5707252845369503,-1.380081543532993,0.3745590872897745,1.8688937392255291,1.2960715896740842,0.16427371740405675,0.588124704779309,1.5450235146365896,0.20147736549177503,0.1044823443530491,0.4861872680997851,0.2009518250465079,0.32847178904395624,-1.513009949624607,0.11644470097264276,1.0409949545626511,1.4935177207148624,1.103012324652271,-1.0205385222189214,-2.5420253840144915,-1.5125925979863488,-0.2889296241743126,-1.0260396294045748,0.7156625247731224,1.22400247001761,-2.426431521397011,1.49413753679682,1.8064879533017422,0.9107238258603294,0.29635476323616033,-0.8189175193363214,-0.005351580528567654,-2.5809295054912273,-2.4175192290375453,2.289452119105832,1.2480448406623084,1.642334033903021,1.6502098034721033,0.5793744141676115,1.3458851762670485,0.26136295368040163,1.6481361682496594,1.6744974037781444,0.781682678301742,-2.0267832920201645,0.5004069693077777,-0.49640503053972745
GLRHD0638,47.36609681524775,0.37163452138345743,3.3447475902885446,5.719169634412226,-3.535676208114613,2.0104627985081645,5.323179884903916,-1.5927085007671093,-0.47895754235809984,-1.509776716511277,-0.9807368146973765,-0.5400566353681532,-1.3744764465360109,-1.4192914483798662,-1.3174635222175382,-0.3691287533018917,2.1253737806897375,-1.4706227347546295,-0.022928753688821305,1.743235385867708,0.3056466221708737,-1.8918253523217508,-1.8410300895109024,-2.3441819388475396,0.27011818103765034,-1.290711938574791,1.2300639790575958,2.30999496766892,-1.272111653847503,-2.9549714823418403,2.280281253561443,0.003047342654621273,-1.2987504736940616,0.6211801798568277,1.9433455857969353,-0.7464193497718066,-0.013543016195720773,-1.1683804661381934,0.14304610922791242,-0.17917348899572785,-0.2844974603136086,-2.1569826755526553,0.5059394229269593,-1.6136245292161895,1.3109664488836061,-0.22053678769796178,-0.43683548471973743,-0.6791815892857396,0.037313511629612876,-2.12742017144517,-0.5607953915184402,2.2882241884406676,-0.7848897955864552,0.591152192062998,0.5483687718760709,3.776668110300703,-1.8729536536241647,-0.08495943124120905,-0.13391968196853637,0.17775746006308377
GLRHD0767,1.583626469471921,6.373607262864525,-2.381743036741372,6.011958754619953,-0.6977379749076047,0.443871186540544,-2.055062995164321,-0.5810220960361734,-1.114987689753954,2.060407818119422,2.371318541109076,0.42121936695066053,-1.802740552807639,0.07802308261758381,0.2513276565183945,-0.47775576333988207,1.2147950373831296,0.0943618172490683,1.549916409791522,0.8940558487736558,-0.7484014049065982,1.4108081077539634,2.521837111757576,-1.9830250033134287,0.9803385774925208,-0.7545612286767337,-1.6956454097340445,0.4670963100534179,-0.49267819026861676,-1.3133919063795103,-1.6454792750017369,-1.2573462125775614,-1.0540792867413242,-0.5600582935690566,-0.32098470429160575,-1.6719342131022734,-1.6307392827000682,0.14168436812919682,-1.0816847654217012,0.10989130745584198,-0.9035702335107353,1.7821173918935844,0.3749793837566595,-0.5861867355657436,-1.2036123479489313,0.13145030389413404,-1.7695358718686611,-1.708336920404235,-0.27581631799621426,0.7600235213781824,1.6271598766745836,-1.0204703454276163,-0.07570191180367589,1.5222150840560038,0.6719972884861127,-0.18816256997471278,0.8436893081648277,-1.2937917092279692,-0.4381509246349732,1.3548022386359933
GLRHD0659,19.842979449150594,-0.4472857591212159,1.229480726068975,-4.091907290162788,2.3831836883894244,-0.11896000397659946,-0.7938604616900066,0.42203801619549236,1.1137069242688455,-0.3363975023137819,-0.7113799247894133,2.021667372218156,-0.37733893513802624,-2.1574923763933813,0.7560770157096269,0.6677221832913487,1.5920490826609321,1.7488179920910762,-0.3808377233423636,0.6253522983826053,0.567918880493912,-1.758743373420544,1.6214986138556586,1.1522756358358501,0.1693183907766224,0.3887933420850783,1.2069173432470863,-1.5400321362059166,0.21659729682555737,0.4785302448691607,-0.5374191332787215,0.14289467222690427,-0.42144428031451053,0.445790613150303,1.3756860709310719,0.19679493426924377,0.8213817353799111,1.5366287992920078,-0.5516188322907776,0.8448461454358484,-0.2866221163851353,2.282537800463181,-1.7328749909336214,-1.5410712235129855,-0.90185081281755,1.7017593578126589,-0.1809630800169257,-0.8658670206775104,-0.8654375683555027,1.1577346936998272,1.1939757393389159,0.2889068430488138,-3.7626804890981265,1.0085116107658754,-0.17505273118275227,-1.1535159852170827,-0.6085496489945874,-1.8305632186807015,-0.6059940618630727,-0.7797400325529916
GLRGC0296,-21.720505786567852,9.578391622594257,2.970652347770213,-6.976323652319095,-2.63174430093325,2.678730633162665,-0.47858065466343513,1.5159415941156362,2.285334311838589,2.0329240817177503,2.941699498272449,7.4294837750828675,-2.5186323121002436,0.37911675281561413,2.617989008842625,4.963706187552586,0.047348781467285085,1.5441115575979774,0.17870518496028043,-1.2355677544515424,0.07435847102181989,2.586629092692258,3.773383852864322,-4.720631919952071,-1.029134055500192,-0.9793086739919229,-2.672016668189857,-2.945378209241547,0.4508012980131264,-1.8251492398120797,1.044342950712954,2.7897542259357975,-2.3093036037273156,-0.28113507102268664,-1.6627506040476014,0.7005469724319155,1.3467037925380891,-1.0108741424333614,-0.6915610254638005,-2.834427156144282,-0.8358497918570668,2.031454730526901,-1.8629825436929468,-0.4811554221445001,-1.7633378143804133,-4.172223242189757,5.722157777425002,5.6392749506809565,0.22054830101069436,0.8513306662775428,1.550416221877736,4.626334073183231,3.0404571849169537,2.74155532118785,3.3083681186155203,0.5992069190480039,-2.0753610829807427,2.5816365114027784,3.323517143520038,-0.8771958926192849
GLRHD0091,-9.615959897634148,-0.11636899252273387,-1.5119741099000314,5.279544467621878,-5.263958070364442,-0.3168283745759205,-3.312905725672571,-3.4877173163095407,1.1819615807718449,-2.854729564279494,1.2734593135537369,4.043111088055578,-0.7846261775526617,-2.2687943200716383,-0.9148452769575088,-0.4203851137619075,-2.1388313845350577,1.1315667113927113,-1.452556690096398,1.093723055864224,0.37775773708522936,-0.42411128262469067,0.3480075675758482,-1.3408201097482537,2.5927032608967395,-0.8286769294677617,1.1025835302651519,-0.09664713835972023,2.1759687978445474,2.3789667250799926,-1.3945397084893567,0.7126596085254504,-1.2923260228814488,-2.2621802588347455,-0.7365115237338417,-3.0848659357894515,2.8661039940169397,0.3965655637696653,-0.6791941649266189,0.36909340276326735,0.9839282935958098,-1.578453283042966,-2.7321992350087814,-2.292961788714222,-1.8705461008252002,2.6854603231052394,-0.1445909451828951,2.3127063935644423,1.0587899313948193,0.3807640719572933,0.008509127135422187,0.8762706745179328,0.18458538737771452,-1.4015930543796316,-0.2101685293582289,0.09808684974175032,-0.7627648327940427,-1.7012852314789246,-1.7168404332482372,2.911300731904175
GLRGC0197,-13.505102538668268,8.113256761930177,7.7050600789947055,7.002925847986277,3.1271759081729265,0.9917600688826599,1.1498641490250845,2.7123585052664474,2.688373815526259,4.954782815034228,-6.593111281968112,-0.6780711325489756,-1.8278929662189303,3.721873526629322,0.20866867395511074,3.9820389697702976,1.9607300202864162,0.35250994621680615,2.362885218216466,-5.281025262752502,-2.274001242924007,-3.1541710100001557,-0.5853237339096226,-2.889111222250396,-3.466879315487384,-2.935249735822165,-4.204020489028246,2.650375405425005,7.561484346426735,4.077787160502647,6.730737322600077,-0.9324951338142233,4.456987752024633,2.2688004914548654,1.3704780191575185,-0.059782253242279225,0.7237238753864842,-2.229473680711249,2.0613119708645145,-2.07814526923606,0.5033169581965965,-3.612983983691639,1.3676286364266228,9.174827375213775,-2.2282809434916246,-4.446457875235712,1.8664596073909188,4.914237266160873,-0.07944128594812688,-0.18757253807705188,-2.884226804395396,1.0979666248243358,0.9694902871409665,-4.362716023742703,1.882403675455399,-1.2495560810569661,0.4046974771555236,-3.3550445101920716,0.5354669268593514,-1.8634480927986452
GLRGC0123,-8.38592450564124,-5.834477142093669,-0.5886860758440174,3.889233364298681,-6.952550050463734,1.4061384207178922,-5.499247871483113,-7.934301646030948,0.5938769028100915,4.621523735157626,1.4198684631343195,-0.751278121694318,-1.5506284910262935,-2.314858884196694,-1.8025645110510486,-0.31474544916490776,-0.7402478805642225,-0.5850721763600182,-1.2551395927254367,0.4907045663861956,-2.135075783746176,-1.3526156444736905,-0.3896401335177823,-2.5464928678280594,-0.18868120432911895,0.16631336196894683,-0.06659329335457521,1.7296517633303938,-2.2629767984784297,-1.514065147002924,1.8149474480219605,1.1467202238928522,-1.7092368353054086,0.9959743275303649,-1.749901490916953,-1.8596739933044308,-0.3224841763096633,0.5740801773756203,-0.44453736320631276,0.9882889112044595,0.9068742717243905,-0.711965040690956,1.7738913047463833,1.478719338730159,1.710957583118749,-0.24068625286672501,-0.12876088826645504,0.49233931571062683,-1.241572492000262,-0.7332364816596999,1.0631015383526476,-0.5257377995114234,2.4120975654478927,-0.49958790893514243,1.64927801244047,-1.7724021690596368,0.305179764714079,0.5414153964680875,-0.549662300146167,-0.24935313533649647
GLRGC0286,-15.038796276369506,-1.1728384119583741,1.8174149669629904,-4.648894110312834,-3.72186141988591,3.277522945878425,-4.170987401380094,0.7831468635763111,2.1374434160466382,2.922316011366065,0.49955088946914944,0.4352743476109436,0.7524645007279481,-0.24174833100607773,0.4366236045480386,-0.06488092064971193,-0.9925871965091259,-0.2887081015863204,1.7212429866170194,0.040281617445593214,-1.725937828235058,-0.9990394752508198,0.6176637325211971,-1.2908262143983287,0.01848701357419281,-0.5346044087923185,1.0531455192247492,-0.11484854096748945,-0.13747361097873956,0.9765311930005166,0.05674191500966883,0.5700673150493172,0.38207040000501524,-0.6230951968695222,-1.1692327267119353,-0.10825464608894968,-0.3600643083163783,1.3736389631547956,0.008180337679824633,2.0043603012153843,-1.1446344131433352,1.4791741003000938,1.1553165020370302,0.43758010647732254,-2.166466913910331,-0.6306883799941311,-1.0378401844703857,-1.089727342843432,-1.9285560975261002,-0.21789226800508746,0.49786092440321045,-0.6519172073357211,-0.3782389924555186,-1.9003232443418452,0.2996598848753398,-0.32938354121486896,-0.38392906262775567,0.8738890166999347,0.4487620787318427,0.15631609837649538
GLRHD0763,-1.590739075857137,-2.8295924457301695,-3.007606429938783,6.821259587217829,1.1272234122168883,-2.2791703348514316,-1.300892585702852,-0.8430719305115566,-1.4236027258947979,1.8550505234240966,-0.1379711462284903,0.2031298189437026,-0.9091315978002322,-1.1779314758429587,1.3409436320613368,1.889474187878779,-0.14593573684092565,-0.420848755957217,-1.1599282214799411,1.893619504263548,-1.2496164360643347,-0.19514921367249471,0.11143374307058337,-0.7840485002778044,-0.835662177350184,0.2742761221314673,-0.5590525076873232,0.004742769200759195,-1.778235847786885,-1.1646713626318879,-2.063749496812381,0.7129158252631953,-1.4590601966821806,-0.458100814841952,-1.0343818078849776,3.6553363723985624,3.25852119302562,-0.4355108371935719,0.5147216795241453,-1.4490751465679288,-0.9274413128906853,-0.6116913183751582,0.9532945604884572,-0.41929059568299193,-2.0136908309944523,-2.075549939408342,-0.863001362782265,0.6842249051111343,0.20349010811738927,0.1772087474764865,-0.7325458072862986,-1.518116407545468,0.6700144136807281,1.694312900659327,-1.7342986921074326,1.708096114714999,1.557766516794723,0.920709026239377,0.5677594403430143,-1.8189059149674933
GLRHD0734,5.151157922829815,-9.701888886206707,7.843887303340407,7.065765707797398,-2.351247031005945,-1.6431757821737714,-2.6552519380036372,-0.5661713628831253,-2.874842016335896,2.0140715478224585,3.3698422751661905,0.10180626986126329,1.1583418254173676,0.37736696287594956,2.773702144685749,2.2819958636835396,0.3889761759279282,-2.691435973436812,-0.5294222566075067,1.3517154363724946,2.6328974737012594,-0.22155746677832178,0.4363467731678,-0.37781786508380677,-1.8323984501764936,-2.6953358410296504,0.023176151099068107,-1.0818480652324436,1.728550400320616,1.8778067388033974,-1.0259159248991185,-3.087836679194527,0.804730598904894,0.8653756119316148,-0.9809921428019027,-3.7138293441661743,0.954410144724832,0.0698611767816844,-0.42910025093734383,-1.0598257082236553,0.38830221428934486,-3.3640964299331295,2.4833099012725803,3.7982943172840224,5.859019561490966,0.792496095013665,2.328641440488941,2.5308548459893623,-0.0323507050793502,-1.577763623641354,-1.0168825241365336,1.6835065680289958,-1.8658833327232924,0.862632182919049,-3.810026634498175,-1.9171479354225902,-0.03985906271626691,-3.6464834860244135,0.027398438781162444,2.44547856451894
GLRHD0621,20.215652175958,7.244458826642338,-3.753494470143846,-3.148786284667891,-4.4979530742242675,-0.2520022119575805,0.1154724937491876,-1.349081913191759,-3.2681345679554,-2.08499107037065,3.359687090375874,-7.325068903716144,3.2085010900306954,5.245624454844654,2.4122956062824388,4.569799251383686,4.787837725963803,-3.8305115460879255,2.637722285256662,2.6916024173078408,1.0049580547195747,-5.883338826759181,-1.0351214117032124,-3.0851610736864465,-4.241446448035836,-5.196766332699419,2.171648990381724,-0.451273970061706,-5.665400321010579,1.34817938403804,-2.51333057407149,1.1816363922418376,3.0636754788898126,-5.1521222763171,2.135073406477596,0.7137838310831907,-1.6799110227778213,-5.941055667378166,5.173696204498525,-4.312019368994051,0.530334078904229,-0.3047486305604469,-0.92528317668431,-0.6297538411104495,-6.748497064518337,2.044128194314794,5.564871732081628,-2.338925734712042,-0.34361370379029094,-3.2935378456344098,-0.39652563860127227,-3.5600752673850153,1.5754164365648071,3.528238633600407,0.3576889363007079,3.9052835108879655,1.4867874982628668,-0.4756977793346502,0.15495192156711807,-1.197683081808232
GLRHD0797,18.063176876197968,-7.229892438406762,0.27539948129327024,-3.699034352012301,6.125809690622309,-2.5166579693933726,-5.529903641128814,-0.13338386859024917,-0.6324925056654885,-1.1424559757058668,-1.246941495480969,0.03613966107266654,0.2555247859171973,-1.426041168464019,-0.4469914121275978,2.1394179060737764,1.281450286930021,1.9306191948716573,-0.5194931681673954,-0.8625538126183571,0.5981046396513472,-0.7103258414294237,0.4920594629200206,0.9429204718466913,-1.7962494908654543,0.4563251915240583,-0.007892904727540768,-0.9643935851783689,1.2712732452256599,-0.8826099335368929,1.356192144268958,-1.186910456387292,0.26253747215419326,-0.6328006752905893,-0.03276725542599673,-0.05967727641378588,0.00011121669826265215,1.1481321133539024,0.38263462982849455,1.2750535423519358,1.2891687074704885,0.032631625836520746,-0.9965388237490315,-1.0337462132243698,-1.1909284984194681,-0.5486276388521184,-0.8069692935908173,-1.1323965364790867,0.2901610386030996,0.9311406331192253,0.5180277548469066,-1.1659358080565074,-0.19231894744449823,0.8878219660723903,-0.9492009131328185,0.9146413143294017,0.28109830172048983,0.22125058497960873,0.7985938746210327,1.4029434637538776
GLRHD0789,3.328689202031654,2.641978650422327,3.544625051587134,-3.836902748660616,0.8059778613498019,3.5980326130460014,2.2933307842261526,-4.9407794163613135,1.5058795632392794,-0.4176420405634356,5.671238672027673,1.5458037943290643,-8.063191684146533,5.411041387179782,7.817503518557772,-0.45428453638215616,-4.297158931806087,-0.4471449757543836,-2.096846871240063,2.0799126986931666,3.4590796851598817,8.353218818530646,6.2891421197538,3.9717761897226294,-3.778340948796963,-5.205392590662275,3.441585003930239,-1.0484096171978554,5.593792274533262,0.9473019797001346,-0.09789386998308892,2.8095181169839187,-0.39766075697106146,-1.8753863397535708,1.832316527520574,-0.766197737125741,2.8837944993852744,-1.658117605096273,0.9501023082957115,2.513647289245836,-0.9731640341597262,-2.0102747754285635,4.990404917088612,4.530215740071259,-2.461199166835685,5.81805438806078,-2.7154988831459765,-0.3006920587248125,0.33067385190982884,1.3906699422462518,-1.0828876839515496,1.2163080489054212,-1.04494696285638,-2.877064413267255,-1.459805812845624,2.3726307008480734,-3.4905713705441745,-0.7256708806521424,2.5332958160532764,2.0535554123478015
GLRGC0376,26.695059843387963,4.138054460575901,-4.8046651331893155,1.9245102825357276,-7.388785432597037,2.8307961352035917,10.151403263468099,-3.929600216030646,-8.767919893644466,3.0193978199998734,-15.18850977428341,4.454355103588163,-6.470793124929219,11.786307010911024,-3.994908680587792,11.334611234936814,9.665661933757663,-0.13858187598026905,-3.1527666341450273,0.633482328832325,-3.522238736107088,-1.1824472223389453,1.1420385144520702,4.585389975624158,3.8769782460352786,3.6606895544151246,8.315077021563114,2.6937097471134903,-1.186426216912713,0.6010422322447476,-6.210743813043524,0.9381502596131405,-5.353817852502779,-1.7495230987569519,-4.470316872674902,2.471020541875348,0.7204220009132766,-0.8382698716670346,1.344503859113396,2.3788069209443714,-0.46876453741848406,3.1779452135737154,-0.05197016507213915,3.7522989248334153,1.3313630394395455,-1.7325018063902276,-3.2050675608880144,-1.3435750255161654,3.313179102552889,0.5830057287358771,0.03506420810253941,0.6678744681131493,-1.252190450178956,-1.1623059978769013,1.4255201246431368,-3.3447850047481107,-1.2323089383227859,1.9480926160799141,0.6592322356973805,2.9846026287753094
GLRGC0377,21.828923545741826,1.621502531213097,-2.2148806185405587,-4.66401917053887,1.7074191292745344,-0.31754212152630357,-1.175919423639595,-0.4338206913976633,-3.424909858510275,1.1729540005586108,-4.0796434051014,-1.193078492744648,-2.111902573996086,1.2791175832957764,-0.015253905977072584,1.2820762910324368,-1.7256332223288557,1.4166479574030446,2.0426920835763833,2.9778543502707553,-0.9010749869536566,1.8842887266212192,-1.9306063599950551,0.006975875963694035,1.7227358874216638,-0.3451879744715546,0.25830026149097274,-0.2461299988873068,2.3053200768133237,-2.273321233136828,-0.4163964545090095,0.7822711458357762,-2.1561268279864123,1.2773554343278004,1.2164892154808469,1.9083334578905533,1.2312089309149559,-0.1608617095121312,0.47442872215477805,0.4161853094180694,0.3475679573297878,1.9182694928574013,0.3138570072694971,-1.7371614125880968,1.0574604656120223,2.596596568739044,-0.7704179576299726,0.1412533167653522,-0.8083852662543295,2.9622379046933274,0.3341974263777538,1.9816330013372747,-1.1052678489482257,0.6037934215676631,-0.9288966993380268,-0.1648100468267387,0.03430308435540878,-4.076539163541453,-0.5288124443079147,-0.5659519237045277
GLRHD0704,-37.93097935633841,-0.1270196838510981,-12.383152387641466,-0.3791030332406413,-2.2691980871580513,-0.7773305341845769,2.2769064747667063,-6.461328550804297,-4.199417763370187,-1.448972251277213,2.0538498296593715,5.765222861191259,3.6733395279812497,2.1181118821353686,-3.98273131244605,-0.6393508914771792,3.2966007499521024,0.9191106390617256,-1.4241798952371483,1.1655782240401382,-1.979918750394049,-3.060606338267774,3.679015369549586,-1.470165731745298,1.9766883427432809,-0.7860700775789574,1.6520699418785147,-0.8612764762134743,-1.1760525005489602,4.012584257056555,-0.543109849467486,-0.28770002076112655,3.756553198178808,-0.5084636737985048,1.4077887348029992,0.5583460681537,-0.21433789890308258,-0.5785620148127211,2.5040134160569405,3.780320747980152,-1.2055905256254307,4.042490595474156,-0.14202085959565086,3.417394261614164,1.154390071316907,-3.1770105463030487,1.2719705243627868,0.9909642151049178,-3.1472153929232274,-2.584735546385824,-3.4113050128496396,-4.2042198006163405,0.1560124113518373,-4.733294385840421,-2.5466170048062358,3.6963971055408877,2.4859662524623958,1.0715490980040006,-0.635813575724212,0.9914546228109831
GLRGC0263,-15.369472122658104,5.111014317341483,3.5851909978022007,0.2916911850589583,0.2768902562307679,0.12442822944109057,2.0836572166979934,-1.7313597665665703,0.2817511407101439,1.1010018721388737,-0.08578218967426213,-0.623986554891597,0.8769695121429825,1.2933486088158137,-0.37311157111764987,-0.03560614301878221,0.5804566278008214,-0.3884706773948986,0.9438568220384811,-0.002794022078928159,-0.05778388334685219,0.6946727011922841,-1.6444639790487596,0.17604905974673013,0.8666094331117018,0.47904341366994513,0.8291405419455063,-0.7602438232876032,1.3622806314145384,0.8331246304429992,-0.9767376371725462,0.3503042295053921,-1.105329931196348,0.04358485259760357,-0.6104891228153584,-0.5014495406099551,-0.9314440735308259,2.2868136323204116,-0.6314223091219937,-0.9392405456923283,-0.7160324799695388,-0.013731354414727085,0.4640145400276598,-0.9739565168901404,0.4023083282565037,0.419392082424103,1.558068507713915,-0.8574036744006027,0.416016486256457,-0.3385783749390609,-0.7210106794199719,-0.9686567963727772,0.2857297840427531,-1.532591804563656,-0.7265545079117368,-1.8193072111847295,0.3677009240252236,-0.005241547585806718,-0.27198980351535307,2.1825697245793383
GLRGC0128,-20.53087376746798,-8.187840052743233,7.966723267326385,0.16258406787716584,0.17803240356335204,-0.8455996825983048,0.5555957742263306,-1.9290104310610428,0.5677798199119753,1.234610613124786,0.18609904641775663,1.203893199604547,-1.3460374939426576,0.18177004313917355,2.4945550578075655,1.991815049663871,0.0821853260213598,-0.5894863239587477,-1.4805250754812382,0.7908126828943797,-2.379584892528369,-0.805205104330201,0.06804222605138457,-0.7668288873412304,-0.3854391625951855,0.7513138798744671,-2.502537667379927,-0.8842362380612283,2.043178558622856,-1.453327242847506,-1.5007470219358612,0.8657831015619998,1.2337326064113199,0.8828030137610235,-0.571007919673471,-1.4935865865497466,-1.108637757461794,-4.726534457087666,0.7554142308668933,1.7503864354546124,-0.006253227320094965,-1.5980832371391445,1.2688401859404213,-1.3384289202207327,1.0876495959616306,-1.2902448798128638,-0.7392726294490927,-1.5331961793062727,-1.2716846561904243,0.7007894776600055,-1.336390307548388,0.0010028430304929586,0.23175814224200472,-2.168415267993161,0.06809152728421598,-0.547580782142751,1.4458298515422479,-2.740960454276481,-1.7680808351192419,0.022270806604716618
GLRGC0167,-32.46403910506093,1.92992280287308,2.591181985618657,4.6266460095758575,-1.8206197340476442,-0.8967855541956133,-0.17958666947396557,-2.7479129017606745,-1.904968160177285,-0.29643877497574994,-0.5107714536918496,-1.4992951840552677,1.4847217934634982,0.6034552530742642,-1.9248362286208518,-0.5336186484827979,-1.153048332771757,-0.44302043514232015,-0.41191955649683826,1.5115224277427701,0.36421148138754533,0.29560573331897655,-2.533996563050481,0.9403233838784821,0.6106264526502148,-1.0121300448524813,-0.24499043764098535,-1.3619689026446853,0.1622099517073169,2.317280298270261,0.7835330131891105,-2.0159786173396332,-2.5134646557866054,1.2403336352717655,-1.6858750442887804,-2.4003684296493857,0.3710440421720961,0.3204672333295401,-1.866722507490278,-0.37382027108826504,0.594372400636246,-2.277368733977794,-1.3274196861064465,-1.0913961072107534,-0.02682107223560944,0.6985142950205588,3.5036435120552927,-3.8743386645871656,-0.18436186788002537,-1.0025964382101828,-0.19909440716143728,-2.4797711436254333,-1.7845543171070462,3.8084558613584685,1.5316646110198524,-1.6167360136163031,-2.735895403767222,-2.044131559558639,1.8623138895318907,-0.11720171778980962
GLRGC0308,0.30170325050162045,-1.5647854657044906,-1.3428678085073074,-1.2499983483685735,1.2452385552670142,-2.351237494597948,-0.06036917725169425,3.8083679032043225,3.0070933800282407,0.3419109742624076,0.7219412355349734,0.08870909121101071,-1.557794809523037,-1.0771533095921701,-1.0845077437537882,-0.6628697540888167,1.2178169180815703,-0.363150455394219,-1.5558601267147407,-0.6181148038986843,1.1827648479758197,-1.2016835118623483,-0.9096594311357382,0.11318684576352217,0.05837303681918365,0.6183122239361756,1.5341248595870935,-0.9112156341076132,-1.3349565174380627,1.591026130339863,0.3235450307553871,1.3679600499077125,0.42483033119181124,0.10363923777064556,0.24395407757112844,0.8676472672401895,0.14251533895455512,0.23062267975549797,0.07697310274876124,0.16722374316273483,0.31984885965352744,-0.036002856050591676,0.7231023726554255,1.6095699512397812,1.6031727166904572,1.4916412005538209,-0.2327242107167411,1.408263473049755,0.9197798874845452,-0.19444833644778622,0.1304095271845023,0.10240963507847971,-0.2850321175008606,0.513601386008486,-0.23781819386932632,-0.39972466660342443,0.06057577548736359,-0.7219879796053577,0.2423554750234478,0.809995784533132
GLRHD0725,-12.985408311498315,1.9721245930563964,1.8559769986165566,4.919988843414938,4.294145330530367,-5.947197032946496,5.570852391050083,2.35756313163122,0.28013271326449585,0.5636943233111323,1.2193130511263004,0.5058673127212453,7.31348267100564,-4.920019198217586,-4.195178838795842,-0.22297427212479057,-3.8536562160928316,-2.3481034450711147,9.221308318134788,-0.20597673558507204,9.175500018645762,-3.5197103976322555,-0.14289888469940246,0.767195888890251,-0.8024748554361505,-5.010855608866687,-1.986519285515334,-1.817265265548988,-0.10260076829925077,-5.948126778251793,0.6260927457629808,-3.3817355762121966,-1.7870749769740752,0.7092612452544245,-4.582575327423522,5.722059599630708,2.819802565954299,-4.672284963602964,3.1835875914460785,-0.8202173579231862,-0.6584126654049427,-2.154856253225583,-0.542839728756316,6.976938781465347,2.1399359504703255,0.709586342766992,-3.1601768607411027,-4.818939858636576,3.211045683704875,-2.5719353273004377,-4.705418837291018,-2.0189004843450227,0.43678926227473885,-1.9594478913095497,3.1665512272763956,-3.2511973279330437,-1.8007175099619892,2.659690180903294,-3.832273676006547,1.9937710074406187
GLRGC0111,-24.64317895017021,6.109389032519714,-0.937300425456623,-9.439792219725273,1.087497261875136,0.13726392868028783,-0.963135803889482,-4.962410605279132,-1.308842898351482,-1.2865656708543278,-0.9192268578090557,-1.1631974805775203,-1.497007657048759,0.1319184808159027,-0.2733068716865133,-2.1431249171012645,-1.4218639837205456,0.4791358150638153,0.8745072149389495,0.8684238790584241,2.67109304163484,-1.7537248115653532,-1.7351998807638678,-0.26771907619424534,1.2343737211680712,-0.8942234579524605,0.7371251790759095,-0.014428488619871898,-1.0830836315454249,2.1674150158333183,-2.692130381820771,2.440519654885125,-1.1505497151830602,0.6801044532054705,0.8890424148577419,-0.5513230726792457,1.2822570192611227,-0.14710769671804164,-1.3601470506361046,-1.790134445344511,0.49589399910310517,1.0268029720755198,0.15568397100773676,-0.9851446167084692,1.5041324946718706,1.5540007745721802,-0.07916927933722992,-1.3351806037761282,0.09690034842421494,-1.009406542308776,-1.2914295154043136,-1.0553097248945413,1.2108036901662365,0.5811455480882836,0.8736765313506251,-0.07171711989460207,-0.3058844506524551,-1.2060239573495313,1.5513056916524213,-0.7104590156570432
GLRGC0243,11.625072785451538,4.9806173472190345,-2.6876452881068844,-3.351783272885179,-6.5760564988324735,2.331097838470303,0.03626601019435225,3.9125141240665133,2.540577753539229,5.72029061167601,-0.6836565481960168,-4.945392395468299,-5.3440990369340815,-2.73231659969379,1.0196022781738523,-0.6738197286576513,6.592783427758895,9.351020180278914,-4.113661912908673,5.668815944909732,1.9278354326881395,6.204949781985613,3.7595264821578604,4.457810265827059,0.4966635431096139,-0.09680195276432746,-6.545202095133808,-3.889566938963952,9.211033416601325,-0.8107755719481117,-3.748629918295324,0.7136797515864696,-4.260436383833016,-0.7041097881434935,2.4288375585076243,-2.9583829411843108,1.5329834214312696,1.380560119859435,2.2801443635185086,3.8117072972459445,1.6822279684613723,0.01798219794244031,-3.4611555673325998,-0.7162095714451439,1.5378933472170842,0.9056039617109691,5.273075631843215,4.485278384834281,-1.4375484653109933,-5.079542360811572,-2.3077655651018207,-5.114077882786732,3.0026774041653086,-2.464748784878792,-0.7728064736996719,-2.0380132545552763,4.610731080259889,-2.8222647536728482,-1.4690735829603654,-0.6866650223441861
GLRHD0770,-7.753054487961228,-6.63746564721425,6.338907961156174,-0.4088580984629363,-1.6040757917721502,1.1937785521989737,-0.576711312743896,-0.4293866683388355,0.5850137576317481,-0.07795353192169431,1.1294402634200749,1.5392704805487365,1.6918313095871116,-1.2788043537285767,0.7575929933984514,-0.1927292307373103,-0.16580669334272946,-2.464970446515,0.010083392713832755,0.6837135212254876,-1.9724108030631535,-0.9226955805287919,1.3913266954106012,-0.44952784257319783,1.8547739928576736,-0.9039481405128524,-0.2195209073925383,-1.428850033909819,-0.13981757436987086,0.040087666457151304,-1.9283756307654898,0.8405557492723994,-1.1288580536927324,0.5042281656538218,0.9306261155128834,1.4148767874576824,-2.516668603562875,0.3866874677493753,1.573789883535149,0.5217786246908438,-1.2042247391403296,-0.7005877187871117,-0.05688943843885458,2.0810823926135726,2.421041484906851,-0.6209354027052916,-1.2128430809573971,-0.6639332442934867,1.811282662734184,0.014276016090290946,2.5341431235718845,-0.8536949903503134,-0.9655055070972621,-1.9300924905201127,-1.8694001987969988,-0.3641085682643829,0.5419911106911971,-2.0655465888174223,1.483245803259919,-0.22943887082342998
GLRGC0359,-8.258230799664105,1.7974118634430771,-1.5823335202047928,-5.074819110084819,-4.393353877659805,1.6801552166754397,2.091894840541205,-2.76640110260941,-3.3032197200620086,-1.5251999397800136,0.32813074196744024,-1.7167382245917528,-0.5518519562209802,-0.7739269622641768,-1.8594363948516923,-0.4429701609490758,2.1481834663248716,-0.9152570291578154,2.0835894409320015,-1.4245880148704564,0.1137498219112067,0.06348826513196376,0.7466735396507715,1.2283573585138117,-1.167834447055192,0.2246715843045704,0.9205197201004051,0.5994008291240743,0.7103705725184172,0.15633912778465608,-0.23037681539013072,-0.17804784367201928,0.2257223788928516,0.361826574553351,1.7708724986549569,0.9230343053054553,-0.815519778989787,0.3068458652680095,-0.1711917291943314,0.12784924086611704,1.317142464625145,1.2054660835442994,1.7625773744639948,-0.04938690345069213,-0.4684646847171888,1.0359658198234647,0.4368303965602203,0.4346053316002325,-0.3673459397991666,-1.7786059805216285,-0.6059553922791099,-0.2830884386343914,0.7738403667109358,-0.025994357716822618,-1.0695507835182363,-0.50682266080484,0.32582358146578827,0.03337603858773335,2.6855055582879785,0.7414215575640338
GLRHD0794,23.885083328077354,-1.8108844282207952,10.727926532688535,-1.8315416309248305,-2.9561322720532655,2.3286261195590092,1.510885702516684,1.1771351808810273,-0.5942775963081989,-1.3802783136011445,1.2747011433993192,0.7053803430704828,-0.5985550027444317,0.5019448316266119,2.372019740073734,2.7430578010918185,3.0122986821205133,-3.315552757172758,1.3730655104830785,3.2988740424534044,-0.26709632967207686,0.1586536202130895,1.5772950464320632,0.5391259037368699,-1.5983077261551362,-0.3400671998314068,-1.334067439743986,0.04021426248705437,2.4720046892392693,-3.128520783507567,-1.8286222211684473,0.37952555563383755,-0.8440790281111645,-0.7098320802754221,-1.9945454543465555,-3.258395523523311,1.9571702617556082,1.3752214327450918,-1.0776579764290966,1.57190316963842,3.6571596645857505,-0.05451761407475999,0.9050485299447191,1.7756300857467544,-2.729790623439332,-2.3073006742373967,1.5944550890281564,-3.370825603409461,1.5926640193885169,1.0285582588022932,2.8358728906968054,-2.1619572093285466e-06,-0.7547837655508365,4.528083853119073,1.4097864955179293,3.498916434161148,-2.670764424579975,0.43797120898059877,-4.268788369423639,2.3187311982681953
GLRGC0289,17.314237954612587,21.469561266789675,-10.256064406279142,-3.3336792959342456,-6.010792910523161,-0.15179065419978288,0.8773780523100558,-1.1954415381324788,-2.847085897925187,-2.119630067358913,-3.8670242823768572,1.2246327383597344,1.302222364866453,-3.4215709816350213,1.488650805013249,-3.7756453817699054,3.0261832738427414,-1.3284486675464189,-3.2560456353157767,-1.8227066871123345,0.4756386916034282,-3.8785646887855396,1.654312252903947,0.8404097086116389,0.35796658515645374,1.8743648135236821,-4.94072094643547,-5.566432484405802,-3.740507737268493,1.9610760799061409,-2.467897452352603,-4.544865825412354,1.7065436040643671,1.3456060893968924,1.620226357816844,0.4249852216242637,0.5063927225734273,2.129512755488641,-4.394020074202804,0.17590648669253128,4.529235342418206,-3.354273628309928,-0.26529049313374636,2.2106870105719363,1.0840384780026162,-0.1110363272381305,-3.3846247176043986,2.398727954454236,1.8848169980509426,1.945991657526111,-0.1753645009779947,-0.19223980030226112,-1.4690173025427125,2.3094161412448746,1.108717644871087,0.36221448074009566,2.937389517726761,-0.9208543016628719,2.3693862214569426,-1.6613682989449097
GLRGC0369,12.004448766886748,-14.790467262383908,0.9673190824913197,-3.68186996472501,3.9313678029899806,-3.599161439349977,-0.7199140932789543,0.5128458411008164,-2.72414575997313,0.07107109794301185,-3.4930717303456533,1.5611000698125483,-1.2329792625678515,-1.5298173175159226,0.8038554794321352,-0.3227219688463251,-1.3778592740288267,-2.2407814947711495,0.830712954663709,0.7413887435267029,0.0440491008902536,-0.7856869352449433,-0.9118677423250644,3.528675730584504,-0.2881179790771549,0.9403401302283706,-2.335365756296374,0.8766140419283525,-0.3679351968101506,-1.0302076728990315,-0.24001774172107396,-2.1218190293085075,-2.6645499420097676,3.3339870911944853,1.395790679651709,0.19858404896126747,0.9796839300109004,0.7183140744796004,3.122037210208208,0.863350386251391,1.8121510388271485,2.0464824324712336,-1.517353280081319,0.4146510331774171,0.6302271263714897,2.7887437848526933,0.44836008261597526,0.020854408852611056,-0.625495602386946,1.6490126105560814,-0.747118306106298,-1.0853789555086306,0.40902355726014844,0.5959215263255732,-2.3121017580269085,-0.42776775625899827,1.0838079580696474,-0.6071070475131435,0.6637180860432591,-0.3595205437178306
GLRHD0822,-36.69534569697301,-1.848094483454028,-1.1552844665087605,2.4152418990806757,1.637063105055746,-0.002959489947161331,-2.400331280871164,-1.9757761494261445,-1.351579679753438,-2.0420988405105915,0.1656886370390105,2.490557595613276,1.445373823290951,4.666843738183084,0.7687967288921648,-1.6415783007088744,-0.7947277216442608,0.8589123093588568,1.130883465816175,1.9568590555668508,-0.25155365118281575,1.1419707070197505,2.8292596221929607,0.19530766730754856,-0.6681896357798233,-0.20045254232666274,0.8377009772150117,3.657518544496188,0.5711917600639733,0.9778745831847572,-0.7644880203238785,-4.558903998260951,-1.363009458464596,-2.445238455230998,-0.8388348633764725,2.2453079589739864,-0.4609871387711848,-1.9966103381793172,-0.04526386629327979,1.1324682878068189,3.0457481959491877,3.012510963656601,-1.0155796461623918,1.4552319961419253,0.6334651466128094,-1.4573345372008166,-0.4989703980461123,1.4260123640173252,2.0051899223957053,1.393794364984551,1.9102394254371347,-2.239646892081985,0.9587606874737106,2.276085356431461,-2.3970241535190286,-4.004941365098838,-2.113918065391244,1.1215550392991889,0.05716403102752962,1.5271045752492234
GLRGC0171,-6.922623816298426,-10.640827931515647,-2.5321767667647883,4.930732444404214,-2.294870115373566,2.456903984078368,-3.839861751644862,-6.047122676667887,2.791672623514179,1.3137508087206426,1.234345362982683,0.10671488738165388,-3.1562941459309015,-1.217317384776371,0.829171398898463,-2.6603493811443566,-2.196454086769262,1.3620389972435765,1.7409344860834715,-0.35307232121686144,-1.9523425918361297,0.3129454621917154,0.7792505364182373,-1.7179994192106198,-0.2203881312730359,1.002993555745144,-0.9204934750567209,-2.4421694536581318,-2.1563468995788626,1.1712710950230605,-0.2873399309279714,-3.7820816563036708,-1.2839439787492224,-1.708394089287673,1.1642043579694972,0.6858263177663453,3.1376241762706725,1.5602419843433795,1.721239209172199,2.9585366925313696,-1.5195771299225747,-3.308835218027612,0.8176162227706006,1.1761304556663357,0.07248616368068558,-1.219674780768975,0.5665280656158614,-1.1669633588331574,-2.2862385154428426,-1.5532710171870467,1.6995197167386098,-0.8058415436366493,3.888468387334966,-0.7456217171729502,-1.6426335377184649,1.384530861395947,1.2587863093986753,-0.3642667135166588,-2.0341803785202575,-0.41717110105897404
GLRGC0200,22.852755240137977,3.5894972280160804,2.2120446172330777,-2.7667989384210077,-5.152789886011874,3.4746463666504117,0.11295569720302445,2.5245165052049456,1.0649373395040085,2.737064712839345,0.2830091600378117,-1.558527996331563,-1.925492506081555,0.09481290866462254,-1.1894147830129367,-0.5864819598870838,-0.7026382828386476,0.8316340908773002,0.9437562151223822,0.18653510466014783,0.4245622945437057,-1.9076071532053769,0.2538463275723818,-2.3422684596460233,1.7102388357176748,-1.3263090722817141,1.4466450653543121,1.4661208397255217,-0.11897323025767824,0.16704284087976007,0.8226157434060154,1.2335875255452347,-0.202604232212622,0.5876693229509253,-2.7467449563898088,-0.20926612645422393,-0.5196640462786891,0.8035012634599441,0.24585009241697586,0.4439712349193487,0.3649718878434862,0.09016075106231651,0.07281960231045315,0.30365479094662984,-2.7313125702611543,1.4668396653749967,0.5520549461597191,0.5622189055987169,-2.1501709376944125,-0.3042506311332752,0.930911038102626,-0.29487468436932596,-0.019655180287277616,-0.019688438703532353,0.1819511533759924,-1.2297265882689286,-0.04235496919626096,-0.8365705204085905,-1.6717885450718848,0.625837719308906
GLRHD0680,-21.314393544309258,-0.8791372569663677,5.238914727006921,4.202997831198945,1.6369394764808323,-2.87190069693018,0.25651189875699654,-0.5803801393361973,-1.6273806372597968,0.863257468277078,0.48811780970512497,-1.0476186786300128,1.5299972969901567,0.5645217806736283,-0.635682503023233,-1.6192372806307849,1.5510348210842988,1.5458934159763629,1.6112550165501347,-1.3008677675936466,-0.39790871354889074,-0.5458110950460412,1.499258200409903,3.7427817885360932,-0.21734952250383477,-0.8307295307818122,-3.804441617081657,3.2403836518851037,1.6366094782506493,-0.6925197817875297,-0.38433811398588075,1.0035288237580136,-0.1491243065592838,0.32061843358941283,1.9353453535138327,-3.2085966271620414,-1.2841952924083149,0.26826277018797984,-0.6040417733045498,-2.7714492591199793,-0.015744265473309475,1.1789138074996046,2.875367117456582,0.915177548287925,-3.047879600432831,1.4135588419515492,1.9729566975030832,-2.4081060022932848,0.8905330622584114,-1.8462831297154187,1.3145373811889631,-0.39838031161288945,-0.09358053726528415,4.765970945157856,0.7289925905646417,0.6320855601457425,-0.7907156247310926,-0.757912766074673,-3.285497317305453,2.5880474042790897
GLRGC0434,-18.91740721472172,-6.812857775764694,1.1115540903537093,-11.745339935828646,-0.8755773345806266,2.8704667980019067,5.148140132482787,-0.6231823720600577,0.0240641041545649,-0.7936682196891265,-4.260202274285,1.877052635098828,1.8469118371507234,0.25784983772501874,0.3336593121313543,0.2807660316109869,-1.0796052473310307,-0.17501505614268414,1.5695483034655449,-0.4290755791715188,0.3623385659054491,0.30459892568632135,-1.903846220521664,-2.0341028520771185,1.5971967186684568,-1.6121517918042165,-0.33653951267021753,-1.135253071482052,-1.582438633290981,-1.1814905938605331,1.0703667392561207,-2.0896956583592945,-2.4736429705478473,1.8643896950149224,-0.8451590204420005,-2.4450124830890854,0.7923734119633684,-2.048110227917961,2.212328924703426,0.9624454599347636,1.7853541214000999,0.23154547569383133,-0.8391387405887519,3.2357417292991273,-0.7830085682261638,-1.5700616151102005,2.5791535433505466,0.5790425459514534,-3.673221224328704,0.7554949829438656,1.680227482768451,1.2545645853253038,-0.4002088073126975,-1.2209559581257095,0.6074654848497749,-1.6238431707434353,-0.12269495893335146,-1.6797374867875468,0.7428268218460556,-2.4983464498937553
GLRHD0588,16.14086185138451,-4.74107795356451,0.8978277014389475,3.239544915484867,2.434802192221861,-0.0475647774529005,-4.9446969622393535,3.3861616055499844,-1.2663279322254115,-1.6584847331950294,1.2039193967800148,0.15663771330921367,-1.1061397610172663,0.03657784772710373,-1.2359220966961413,1.167307623690282,-1.5384464034897471,-0.2618995281164023,-0.671168383415803,3.8364907407259548,1.1451722598990084,-1.2088719140950233,-0.19803540467696576,1.7406297785848897,-1.029383108654302,-1.081841894320111,-1.1920013970402317,2.3434529122100565,-0.04506692101978321,1.7858045757496812,2.2758492083292796,0.42215981607322073,-0.5322405908556217,-0.373160254591367,0.40871710765167346,-1.1097344094165544,0.5346875772801265,1.0144811882362423,0.677052908424456,0.29695934022444587,-0.6464489163181525,1.410933578895706,0.3123772867198656,-1.2496928271094798,2.306534660295602,-0.7598031159077095,-0.5197978320406735,-1.8947266573624335,-1.1696826997502332,0.7713812518256278,1.5585918088490405,0.12745186480530485,0.2330997914298443,1.8593189894149,2.3018995420763537,-0.7347397231996472,-0.5767229024204281,1.2153505070362978,-1.5267506905463804,-1.0029729438789023
GLRGC0347,26.72314163087976,-3.683677516866832,-1.212900852718891,-0.8176032322433378,-3.4582116431709697,-2.8631093336892475,0.716735127781258,0.7126397399427473,1.5541411892335544,-2.06860938418673,-1.993902925673835,2.9578143370084997,1.6968344817929464,-5.280189824997256,-3.629339557671423,-0.5927780804076832,3.252640929020181,-1.2711776898018754,2.2622327190248326,6.074606484802265,0.892327883042577,2.457567019650502,1.5909210395286406,0.5214215674377305,1.1230879227426873,0.23820207992471937,6.000265870120866,3.0104905934679445,6.63449598265831,-0.8708369372231984,0.5820739388108638,2.329351501274312,-0.020275949148160836,-2.1657504406700196,-1.9338790515749325,-3.919298407860477,-0.36819524606058857,0.5508788620642129,0.5938607045466405,2.1526663572429916,-1.0366121246780735,-2.932415715200322,3.614115563631863,1.3894778835736987,0.09351036895234775,0.3625162933556451,2.107805018165099,-4.426812504557249,-1.0114845094377651,0.08627629329647024,3.9781249807656076,2.9532285145697195,0.28187749809114526,-2.891599938621468,-2.9470343095206686,0.39653179964040847,1.0373504530151447,2.1721155302201747,-1.1766372469690254,2.4060820066005353
GLRHD0753,1.6099126491326565,-6.606022269022728,0.2187557354597128,-0.6322617527373617,5.144538294567668,7.757040217296939,-5.242816620591426,-4.201489427644745,-0.29020759573856253,-9.100384930739066,0.25723279928592113,0.9406993298133602,-4.605027622080482,-2.079073686170513,1.3027060866240558,-0.5300300642918084,3.547719146705286,0.5461200494606437,-2.6809879939894192,0.10766184363632395,5.436269353538883,2.159243859919029,-0.7768765767341647,-1.6973978342037268,-1.0439752012022483,-0.5144296087939957,-0.6734356292854715,-0.6685056418746267,-0.613871037913932,2.2247213561163255,-0.467937045517718,-2.065943323351563,0.1573828532385489,2.453006643041917,2.3982652469143626,-0.9177269097467815,-0.5856148872579592,1.7794714206086435,-2.008344185877314,-2.1916548702595056,-1.103810886287999,0.386852935967862,-1.084749990904559,-0.5544435405528858,3.5068733513543604,-3.4111757606282915,1.502533206224856,-0.8573664879250452,-0.7933515705893082,-1.5764655014879927,-4.025905360655108,0.11627573566607437,0.11718484105834368,0.9301569476702539,2.870706946898424,-0.18458928956093598,1.8445327568635619,-0.5386269459436304,-2.127340255738051,2.536790168033648
GLRGC0093,-5.55488154133818,11.144399470231171,3.4806648624915364,-0.12263012353043846,-2.837911499916399,2.259610903238587,-0.9166756607568072,1.0959001913771205,-1.053018447456545,0.020493683038126286,-3.128475337367256,-1.1999163610241919,1.2387285606640503,2.7272312781425287,3.3604756687494532,-2.3257549028464872,-0.44250214867892723,-2.1882390782785057,-0.06792506396188983,-1.9152055025917802,-0.9362965326497555,-0.8894846023819446,-1.3621083826012934,-1.2970562966474068,1.1445468707661468,0.5390897371324349,-0.48278657050540347,-0.05734387961296673,0.37887909478494786,-1.356917047130981,-0.7576120568408651,-1.5069245410195178,-0.3375570957107235,1.6000955071657557,0.2879669040792052,-0.7382189480984631,1.545433363265635,-1.6216382296357998,-0.6616744639477862,-1.117689625204221,-0.9997305628344406,-1.1500543166973252,-2.619297440072477,-0.21672643719532458,1.8476292475778973,-2.0889583046111655,3.7624376117347267,0.1788418064109093,-2.4579116888315236,5.180102254588379,-0.6495321959159478,-0.8062572776506207,1.4927222645646185,0.7575645714012323,0.8869538774844219,0.7673106216260409,0.9417047685342907,2.2197131060450324,-4.232918450016794,-0.3931298436968425
GLRGC0202,26.351347221351283,28.124229534719273,-6.880994322392555,11.609049375059575,7.096054790653531,-3.797775267081661,5.627127914648317,-3.033502702086389,2.0909981330274823,0.3776869799432782,-0.15269530658289807,-0.8150422088717464,0.38331055733749214,2.2863541273481918,-4.245170922462678,-0.10627907056682366,-1.8101672677666083,0.5474763955173337,-2.122357452254581,0.96127071529811,1.5132148208512486,2.306663820715928,-0.06889613225004991,-1.5186072123052037,-0.6936388810090439,0.846510248221988,0.9977047546014217,-0.340074849822083,0.723515220224153,0.67201704915519,1.8916087053666026,-1.4019718311194929,-1.2452592405274427,1.1201745796260927,2.399962016051221,0.7123813916449436,0.19148603374154546,-0.5336120576795562,0.3358613770485276,0.2711832306348011,-0.028332674025895076,-0.8978770493055558,2.735463933048087,0.07195196265980987,1.6419674882412132,0.32227657033312856,0.5214471792100863,-0.7548570153566828,2.9179338226559346,2.6326615815728354,3.871541512722054,-1.4406918386363698,-1.1888211438761538,0.7252542475280848,-1.0977874619567436,-1.7062104277203323,-0.1454950273258887,1.092923452718753,-0.847455965282068,1.674138153996601
GLRGC0081,-7.850169741195981,-2.422421424876288,-4.803731510114687,4.011707636597776,-0.15878760974476017,5.704472531230545,2.8227673086751843,-3.7605197792742113,-3.6148393713451568,3.8976596829081203,-0.7425175777490679,2.1549164766781272,-1.5483963578030577,1.3796519354075913,-1.5935459317064091,0.015604073294149116,-1.3732145414709036,-0.7560402625495506,0.8869351819371649,0.13591825043009045,0.5672419609150249,-0.4740836357959465,-0.20786013275899348,0.882541014339777,-0.3033609295051436,1.0908984510182003,0.8763972336469916,1.5486669615828002,0.20404262193904826,-2.6249284196235867,-1.2448137747205097,-1.2913767808040617,2.359539705329164,0.4509956707969448,-0.7479539548296444,0.6614840412128664,-2.125426999853895,1.950120689498658,-2.1927750002899145,-1.508334347380621,-0.5897016241587721,-0.4394954471478668,1.910719785574685,-2.7728141018599737,-1.138943381413258,-1.5646656019507728,1.7627465856950697,0.08768847715602668,0.7317468829003987,-1.7998348416270165,-4.2242395334841145,-4.212725781708392,0.7208426494465077,-0.7720517192491296,2.945718750156388,1.0912297963073456,3.7745439961074814,-0.34868572559485606,-2.8383934037868306,-1.1728972501117336
GLRHD0366,40.73211261921927,0.5452024895341836,-3.5942840614962166,4.045376754005197,-4.25538797584245,-2.046281295833205,2.5287111794156725,3.1235733424558387,-1.8040871193788208,1.5419533721421628,1.1611142886142376,0.01903102081053489,-0.8832452874689967,-1.9958086787907392,-0.849717312706931,-1.936686655544148,-0.7363787255445727,-1.6386887485929995,-0.21586204003968393,-4.251222085867539,-2.7769275289510817,-1.7930844622601299,2.64053590896718,-0.1311818964490139,-0.9287401723535454,1.243018089361093,1.2415916623771797,-0.0026898614815965205,-0.04786623722741657,0.7482378369587817,0.8879351769846431,1.2895159709516173,1.1269334641092672,2.5596023728868813,0.1304034901587566,0.392714154915318,0.5774185445540724,3.6343336676312736,-2.4219386880091736,-1.8473808099773594,-1.507088398790044,-3.317638439297057,-2.2256672251795595,-3.1524751339604538,-1.4313644804962515,1.4330726915797583,-1.4644009830485285,1.0670579696505067,-3.2138595140267334,0.1592943630112826,-1.1524570379382184,2.640122948282129,2.768497032728812,-0.03809687901643054,-3.926706261627341,1.1343354278535207,-2.0661421308278247,0.333098604570558,-1.9892679481305746,-1.8463891514788977
GLRGC0146,-17.810194546308015,4.516575379053732,6.126356176738353,-9.927991258797473,-1.6204847193968146,-1.5230758770196526,2.9913538453610955,-1.8214491003151634,-0.8235575337911732,0.29769290221847866,0.693541967110423,-1.3045302769448213,3.2693605680349207,0.14792340516493194,2.0271715678058375,1.9186771339503104,1.2883271061150203,2.020299248952905,-0.07380174426658541,-0.44027703686626857,0.2955416953516603,0.4587611218605611,0.6135566006953966,-1.9566578522839209,0.11173168700126233,-0.8097735777725813,1.4378243437357516,0.18052075814989302,1.6067767418561258,-1.8108884192939998,1.0838778015255015,3.6849056615791245,-0.9068199861371109,0.704064207140831,-0.5794717815260767,-1.0053944922543923,0.11242436701431653,-2.0356597443934845,0.641571408796953,0.12520566946981038,-1.4193181945504703,-3.4461085720127,-3.5699260152689978,1.282235473622845,0.8974048231778259,3.0591158240419998,0.8195875593588139,-2.3112867438861384,2.042875764522899,0.16777756096139662,0.6768879467357993,-2.1291133224460843,1.87564784487619,-1.5512898588900725,1.1275545539247622,-2.014514230044203,-1.0164723015147923,1.4737601576808108,0.24422600764919167,-2.898648519002113
GLRGC0321,-6.755742027686458,10.981912515665831,3.581073954811688,-2.035686442223471,-1.3776847583520908,3.4858058370550244,-3.7521115878707336,0.25858860822186475,0.9477188525958161,-0.854154157827068,-1.934444757040406,2.2744422759005007,0.9294478912985807,-0.12294551114836098,-1.0872871598758267,-0.028984225252265777,-1.160396329797068,-1.7061037261610363,-1.5036405863193654,0.40014222675712724,0.07198688191684312,1.2476807349679484,-1.6884152728920983,-0.775723877480396,1.5708091087409055,-0.5550404473671564,-2.51003523186827,1.2155634671288742,-1.6740609891348506,-0.5317741892828943,-2.335960130951148,0.7068920933379861,-1.4047919308657772,1.2510253817753223,-0.6871767931343853,0.2648386346588437,-1.3387453037580674,1.1853771105792048,4.0333044548755925,2.18852925648267,-1.8524566178367943,0.729156613884684,1.1946120510993117,0.3843570332341148,-1.0481862736819105,0.5866908897471248,-1.7257400199563904,-0.38842288622203147,-2.0120861443572204,-2.3917302633734594,-2.9964253690847045,1.6878579433836038,2.088411392836789,-3.5168232083120134,-0.7076146205858329,2.2588791964313577,0.32305581760862717,0.5314306495531673,-0.09074465465463247,0.8992763445501684
GLRGC0364,-17.011519616002953,6.465512435748875,6.605457617106866,4.928865500841186,2.681459419828044,-1.025005906744948,-3.2191965370739064,0.46688392085014196,-0.46287762932267373,0.0719906672074542,-0.5493818922317452,0.8375514764344419,-2.8004233534457987,0.1506841130796046,-1.979609787354448,-0.7962511604749444,-1.0980579754366775,-0.7701073631072176,-1.5259952709005784,-1.3394039047227284,1.002970313246076,1.619938207905216,-2.060137914890869,2.555037545324892,0.28214005518241636,-1.6387800710567448,0.40513166396077566,1.8767957443955474,-1.0381493595061382,-1.9509435653589595,-0.6384119648478978,0.24889669606254075,0.7987215017908249,-1.565614524755885,-0.751686765705574,-0.6772257108302606,-0.4051606865081677,0.04593266019605197,0.7725432789558685,-0.9563385339103377,-1.7784339175892967,-3.8331568105587817,-1.244879709031152,1.432696654802984,-1.2750836797995473,-0.8508952257349429,-0.3089049732770728,0.48890225015556343,0.1638209975849257,0.060175245949572576,-1.872731462600874,1.6047679079742765,-1.3263911191663442,2.0009532888592276,-0.6613290404661538,-0.5552999897125145,-0.9971366582304407,-0.7162198544247146,-1.9839715285300057,-0.7621735869709328
GLRGC0129,11.739376530696363,30.37660847083494,-9.154017379555688,5.844743277053797,0.4066273955491468,-1.920621868402722,-2.065176088907835,-5.501611239053343,-3.35079708237303,-1.6211224066204408,-0.7502643410808048,-2.068014016553949,-0.5812405235880435,-0.6450105689204756,-0.47487919220711694,0.5269849362402695,-1.5312426973212414,-1.6581987345236384,-0.8468221855183954,1.6795673209174262,-0.110336884319893,2.059747787270163,-0.6339953751508531,1.173987152405348,-2.357717315091509,2.711820394957361,-3.0313630629771073,-1.8736373604786922,0.42206231414365525,-1.2815346410985324,-0.6126777887038184,-0.9198192472373523,-3.2409963681507925,-0.20756383761912858,0.4187173318573395,-2.4583737110778165,0.9407647115211111,1.3671887207983988,-0.8964609424019094,-0.4106033023406209,-1.858258880693087,-0.6608808216860782,-0.036356167997197625,0.5072147794310528,0.70924207795674,-0.3052446159526551,0.6162751879559581,-1.009113786125753,1.3311786171319562,2.927765105160767,-1.2410114228400084,0.4722985619736678,0.6097674223527902,-1.4308007556499447,-0.9628894248480349,1.8918050004289235,1.5674595948741845,2.413907012247605,1.4864045996921706,-1.0227983649938972
GLRHD0715,6.864299759344886,-3.1413512709183973,7.893884097510742,-0.13808630905168917,-1.9842354638258533,2.3599832724809393,-0.6777025228199915,-1.6323071284660164,1.1559522965502447,-1.9177055216962124,1.3764755733710383,1.2240383481599935,-0.84301311613799,1.7367611372139704,-0.9436022629975932,1.2721009624074193,1.2447638974684936,-4.351356086709044,0.24428027841981342,-0.7359316266868652,2.718362017264356,0.05677469572692963,-2.1234613546828935,2.835288545642392,-0.4039392606549935,-1.2412456322368526,-0.28407270618113806,-2.5053768866558053,-0.8359262520827857,-2.0833817840773396,1.260073121371889,0.29959898305177163,1.7287745964221946,0.6080476578784353,-0.051670373731071424,-2.934551827074608,-0.48969664386688955,1.3869207297442896,-0.43935989054975727,-2.1300300716376865,-1.1438347423093251,2.392963416721653,3.5919550253252743,0.6547609012713075,-0.07260367562429818,-0.3768860471944479,-1.0121240878967779,2.1776510716951227,0.7365951240021936,0.07342700118182295,1.7471966623993838,0.551557737750064,-2.2970928235429744,-0.11122559942732424,-0.6758426839788378,2.2526483308843046,-0.6501575639622508,2.53952470876533,-1.6036728883170532,2.5545473156655065
GLRGC0204,6.960520661810707,3.7498548251179478,10.038465396795026,0.654126649724359,-2.6350534533037893,3.8993441598409593,-7.568985811665021,1.3244786707946146,-1.1112406053933384,-3.4228374190839195,-3.8599859273393515,0.5843989003540686,-1.2003874843422664,-0.2766258611167068,-1.1024178965568234,-1.0832907038715767,-0.1373272272398665,0.16222371060616972,-0.6441617501270037,0.4281287742176016,-1.2600185328704254,-1.2580708081047587,0.08848805205041425,-0.33718446129918667,-1.9096463931874053,-0.8048749534810147,-0.33334049004705335,0.5859649497388535,0.9145844884458402,0.9775054060562895,1.962508336907414,1.2288771987155147,0.06564429743695802,-0.020715860536653637,-0.21850734767485291,-1.3254946364198634,1.2490358779247035,1.9346569113942724,0.9016211692638066,-1.8498844552798384,0.6691356573330887,1.398541017475716,-0.5087948915784086,-1.5085890654371323,0.07004611649109203,1.2775915810620013,1.2344875889687594,2.167668130134917,1.35008782541308,-0.6116586739974381,0.22577916559222894,-1.9864883268482663,-1.1348250630845493,-2.528099377070426,0.9236768857641015,1.0134152428002625,-0.05198067789090608,-2.020122470751988,-1.8687507506707741,-0.5740513573773331
GLRGC0166,12.640187806651811,-0.04717387866709927,3.2496023156406544,-2.946975704195512,-0.3419170560250664,1.466816685108877,3.961092288952866,-2.380429209108175,1.9598004114229566,-0.785129068266359,-2.0690954514320072,-2.7585675185229634,-0.5824565432706182,-3.257466243984604,-2.4929211744432838,-3.108125720654007,0.24385136665806867,-1.5766736916793933,0.0822998799155377,4.012157058655684,-2.7145747594754637,0.16011215959793582,1.372232200258064,-0.2620795705513474,-0.2552034281257365,-1.6362536290112597,-3.5591941535771654,-1.2733612539886745,0.22722104294752035,-1.4191243158019757,1.267558210929786,0.6877099258348267,0.23962263769418163,0.4425776099104973,-3.180575853219202,3.5744611089014486,4.291883416178288,-4.766229723087145,-2.4743422309983454,-0.2106420274419975,-4.237128288582753,0.35070721417455664,-0.13626472017485494,0.2093546895916764,-1.9344995982747504,-1.4576139968879187,-2.171242093945622,3.1183263797024057,-3.517060158637074,1.113301988509292,1.451716271073917,0.9139184213070376,1.2770798850984924,2.4056542281502558,-1.217810884630328,1.8931481920778386,1.3855792199336125,-2.7184204684797586,-1.435045701926783,-3.077839393679231
GLRGC0125,-5.299882370749442,-3.5551836295592887,1.0872412469922248,2.6060642690234546,-1.6927849319061068,0.34633620692298134,-3.592534105111156,0.32799990972466236,1.2283438943941498,4.118389291704405,1.9402977633854894,-2.3030999346294063,-1.5364105475667864,0.5777645497441817,-1.2918287904238293,-0.5093634723079198,0.602200858294375,-0.37688932970504024,0.8817818995473448,-0.2592088575675814,-0.04468488334050251,-1.035721747190819,-0.4914465507691218,0.07233695379234804,1.5146403973232025,-1.0931092058500116,1.6580735575319299,0.8466308402380999,-1.7233252905832013,0.08613575031008767,-0.6397627130905955,0.034418478242778376,-2.275219327870789,-0.38564005900691894,0.7706909168867854,-0.09758836655655383,-2.0247619194857776,1.5074211618139473,-0.5968413199471325,2.418379004105534,1.937819184172305,0.6121577123495251,-0.04216858114321385,-0.2611165983479533,0.19384949343459498,-0.5950781015808494,-0.15361113602794998,-0.21476647412484637,1.0534836129263552,0.10834397637874024,1.445886919024264,-1.081629821190219,1.1583279824085377,-1.251360752740104,-0.457676427430232,0.6086750656896669,0.036816236363184006,0.34683234593792966,1.7529558208802614,1.576145438831398
GLRHD0092,23.307176637209416,-7.742931910101998,-0.7338377060431265,-0.16168220980232656,2.2727620327238878,0.49239569322369553,-3.120450388888354,-1.0797623250306727,-0.7238392282690506,-0.5170857570771369,0.4522013925012122,-0.1556706046150732,-0.2761412031238447,1.277947404915279,0.10093063296017292,1.051393569385353,-3.6769298501832552,0.6300899214990603,1.544309887126909,-1.237181217745731,-3.016221154916773,2.102466023983574,-1.2795295930751722,-2.006206864717083,-3.4120039558555524,2.379949448992568,-0.014422764792183587,-0.025184980076053676,2.757677781960258,0.9995282936942183,-0.4954612062795541,1.4788611949411832,3.2930117958943543,-0.6088851214357852,-2.384992687593451,-0.999896913970754,-1.1059643705075284,0.8916959415842975,1.2814515499640138,0.729681795640439,-0.03937619145351289,1.0652991632332307,-1.6330257373348054,-1.328817809408038,1.3012871396213543,-0.19074387676227672,-1.4939558329903444,-0.9620800538710167,2.365370435455862,-0.4810613204154421,-1.6891329602650833,0.01858385949224871,3.6350139502743426,-0.4331058471018675,0.6133247164286716,-0.24966618017938588,-0.3563715600899652,-0.2451016995498591,-0.19010485594906182,-1.7750669326082416
GLRGC0242,-3.6309951125585576,5.594097637379186,-2.649588294459857,3.670597654244181,-1.3955216407493172,-1.4029538961456214,-0.2243759597562886,3.4598988354556948,-1.2588062304149283,-1.6195575730521643,0.1588252626888176,-1.2731417386747308,-2.434144127816912,-0.6119917170802207,-1.5477705573824685,0.044847591710872554,0.4319398776832915,1.4086944384112507,-0.8876629916986332,-1.5753934558698168,-0.17492849992082418,1.5447435664640845,-1.4001902506962436,1.525475058584036,0.14909340053211959,0.7672778250647478,-0.18311714014686584,-0.17433102393338384,-3.2224795295685222,-1.8588003387274343,-1.005729905042901,-0.8304029961413959,0.38161394832001005,1.3421403986370164,-2.5885181511152973,1.924889674904118,-0.8590937148627328,1.564932877068233,-1.3841462983018173,1.7811748435679569,3.3226451710413745,-0.7822345663667584,0.6013321130168895,2.184580530430115,0.9174307448541338,0.21427829320352632,1.1574803106398026,-0.5522005406573006,-0.07851295605906568,-0.44807307760334997,1.6008256291466945,-0.873870590931287,1.1476042433243276,-0.19821225600971243,-1.032027383313012,-0.08092366200001279,0.09452333595550845,-0.38589193054984533,0.5496588460953219,0.3577668754532258
GLRGC0270,-12.308109069108514,4.6739019003859825,-1.0322373928830195,-5.085248046040545,4.960133460735163,-0.5019641663073783,4.42160003763697,-1.4338764237065134,-0.013613908425674249,0.6510086054587951,0.11376124499471993,-1.5894637185920397,1.5529156068572414,-1.4123338390644624,1.4380108809028562,-0.1612686414217606,0.05198408293426355,-1.2136700902781195,-1.25003214660244,0.15774606532635946,0.7948447401681186,-1.1107495777334244,-1.4955998253093805,0.6382823620253337,0.23340097487948744,1.4638238370247467,1.1336827227617656,0.9199893715213798,0.3957995126994397,-2.1475807396043396,-0.3552575867446043,-0.646881321854799,1.2385546345242784,0.5250431126640795,0.11238806539137393,0.9342363302995049,-0.2827413341395139,1.3045714139711388,-0.5858274151560217,0.6785432508333085,1.4624054716883301,0.6450921351185082,0.7688130467923947,-0.2631276093770672,-1.3891009482408505,0.32101860780092206,-1.509559837027271,0.6260628624327433,-0.4435008979051563,-0.8423298705142312,-0.8437674700400363,-1.9544019108460293,-0.2205220619730702,1.458944663681125,-0.41812368291580715,0.6202204946948514,-0.6544060422468766,0.32894043384662247,-1.7702379085650937,-1.0850751416181608
GLRHD0711,13.657088569698265,-0.1734448734557461,-3.886285896835598,-0.4256740615328419,0.545618072952018,1.5317687740482906,1.1580973642372332,-2.4176300363593874,0.4521491530917268,-0.15660093594163052,0.27436616940719755,-1.0033753003339123,-0.6576754737439304,-0.8617669697118207,-1.8819118953497265,-0.7253283347641066,0.5384623575067885,-0.1838452707152688,0.3804776032318081,0.21421527946967842,2.5735609909011825,-2.006977693632366,0.6518837774509405,-0.7351028665814124,2.28344051909415,2.534104840197059,0.6309238348087011,-2.2718423291913763,6.738773976809919,-1.2679544342973406,-1.702367014583533,-0.15944885321955252,-2.5288303358262167,2.472029243860914,-0.05332210597485319,-3.55645700740769,-2.696335251449181,1.9250520652981953,2.6421269001456165,-0.6977695220925649,-0.47130056969783607,1.2611182246564379,-3.0454682747360926,0.8605219022485089,-2.4206977863067314,0.6632813020541353,-1.368764361863501,2.1996554935036547,0.3785687288981487,-0.09065701221080656,-0.8891305581982923,-3.752994466405664,0.6240243645807367,0.7922587060755955,-2.219680945882563,0.1278960324097448,2.6709030331415486,3.458592783007219,0.0156762827225859,-0.3377007736325602
GLRHD0743,9.061965331242833,-6.743018778499552,-1.2078552441774082,1.9719877992257615,-1.1329757049981304,-2.5532976087921844,0.7497679257393112,-0.20917975065249259,1.3789429175692587,-1.575096509640629,0.11048091786884784,0.7222378789149906,0.5727581807727614,-2.803804212041021,0.6085864887531806,-0.804907755065504,-2.3614497489514608,1.6639256622224767,-1.815928688598687,-2.8389675229155285,-1.547597966274534,-3.3289411421605366,-0.879587208434118,0.4710157715394669,2.4649035601563942,0.015104614792098568,0.539908339233793,2.638665813488745,3.5845865219871627,0.0338601553264464,-0.6121753339690482,0.24758915130136544,-1.53919840980274,0.608819448882551,-1.8825881543864385,1.7230389173037997,3.436003698071704,0.5822802836559272,-2.070183882601241,-1.0610032390951227,-0.20123938864604035,-0.1814490361339104,-0.37953700527062745,-4.0569911913959755,-2.443883567768729,-0.5304378475763462,-0.8184860243257306,-1.34413004775869,3.0851764059110045,-2.8352533998248046,-3.730134518997147,-0.6077322872479041,-1.586600185838959,-1.2402162763985942,-0.012715699978905523,-0.4056332398085097,-2.878519344109606,-1.242214736610875,0.8156389358466419,-0.2787128246406148
GLRGC0230,-6.993269591399503,-1.8660182917997923,3.1105467219751195,1.4331994580775933,-2.5218208047118176,0.8550192322412966,-0.004208913972956617,-1.5488107868830203,1.05757127545371,2.2872355181626705,0.47400929518600177,-1.1494017303304895,-0.7469592104913483,-0.05445558020719098,0.45197238582553945,0.017488677530726405,-0.17721971284742047,-0.2515999450667642,0.38176742913184175,0.345063592919612,-2.216998482689453,-0.25364307996967234,0.287633032403882,0.07225725523714348,0.5177816578843755,-0.9611000582683324,0.8722333014095619,-2.382043978266585,-0.9383432826005178,0.0783969385465922,-0.006706789082686138,0.8796872589688223,-0.6635016209223101,0.1295331260526564,-0.40865984322991517,1.2236943509072722,-0.08337713905893976,0.07179859195495006,0.07337187152379131,-1.0631503243298934,-0.5334856914698973,1.0222145104584486,0.8010285513235416,0.8358454147034282,-0.262776006387847,-0.4702441302005286,0.21234762094899243,-0.7878878504274347,0.33426613295379115,1.5030961214738647,-2.1003820597201406,0.8799166200291856,-0.531139413254338,-0.022823473586840164,0.4015709528480653,0.5939971262806334,-0.10448111563547036,-0.42012539296250145,-1.1632054918384878,0.517968086685603
GLRGC0183,-7.596773846785107,-5.962719889440515,8.88508653089784,-1.6514244556982032,-0.9948678855610598,-0.5795604032131195,-1.8541470053889597,1.0441185720165116,-1.5248186872982317,-1.4389093759610692,-0.27550529480142055,0.10019435485836822,2.0945571203937794,-1.83124247255716,-4.346635799156908,-2.1366146589458075,-0.43649675411139843,-3.068428254570054,-2.187409707025111,-2.3796792680970924,-0.576727400013965,-1.0550247187483492,-0.759263842018365,0.4797407700904326,1.41236086721442,5.865553425778903,-2.2319641531285477,0.04452269744711099,0.9768386247766639,-2.673945425440575,0.6078101142480291,0.3812471073540697,-1.3566759657078071,-3.646332337584571,2.31646273020113,5.2537637573242595,-1.2026623388413904,-2.58428100826454,1.22662063518544,-2.224817004504397,-1.1449871880122733,0.6094343344731585,-1.6511113107677653,-3.874794783751961,4.157650857183335,0.39364091573008375,1.0201390288641885,-0.13524476281567266,2.434465415256198,0.7226799271058701,3.1172266744735713,-1.1191381948661725,0.5404528838139802,0.2687736896435429,-3.8639682402584774,-1.3375235414612419,-2.38272792860623,1.3043774328906665,1.4222995530395406,3.197051397358622
GLRHD0637,9.286082710510554,-7.2839357721508895,-0.6677067994850515,11.442473760600864,-3.708945716897769,-3.42843641741979,1.489625163550806,-2.4969649115030506,1.517100577942445,1.647001268264903,1.3099902294991135,0.49839865355637974,0.00932483290538688,1.2982556160374497,0.337214797528153,1.4209014421389092,-0.6552083858852711,-0.01195996666381427,1.818792026372607,-1.191028840783112,-1.18526898767786,-1.9882103724332543,-0.34334070006909195,-1.987684583038136,1.6680409168256722,-1.4070246931979449,-0.7967020717105981,-0.32639587415339355,-0.034593190315279146,2.2554802859641154,-0.3646093590930171,1.3681363377713365,-0.8050828162388768,-0.825524540386436,1.2305376733147968,-0.15930070974902905,-0.14297018953614413,0.2232628601603773,-1.952383514145648,-0.05469729434948223,-0.5152872826841371,-0.10647939579492799,2.0150894264815906,1.1887362696041015,0.9119321185734781,-0.22380149102362287,0.42723913222692367,-1.0402468149785349,-0.4749726259094995,-0.8468387151596591,-0.8743414622546151,2.113552080390144,-0.030346660013672342,-0.49878108164958573,0.07840853864959765,-1.3807715087095858,2.3236291810455425,3.1349588234962638,-1.9991151229364017,0.1119564862973541
GLRGC0205,-22.462551485769527,-7.180364230477833,10.51679954345772,2.5704059898849025,-0.058067936996692354,-1.4093093237558796,-0.32465789485089414,-1.662659484275208,-0.8540200406823407,-0.6914707650132699,-2.3697458792626165,-2.7627829562904638,-0.4574085868914402,0.798383838267407,-0.09932453556202832,0.9498590327858069,0.2085912681688039,-0.03179942170569799,1.3326282319343938,1.1605354885055459,-0.31725423223528787,-0.17797414390371796,0.46513499979842765,-0.9081182809086497,-0.878975503533371,0.9689668505842678,-0.34434738252809255,-1.170295273418804,0.3275471417524297,0.2546231829076616,-0.8783964301000957,0.26457670611901346,-0.37433714850238664,0.5289643071738344,-0.3616695915827329,-0.21334385708050116,0.16488202769004184,-0.07567341568575464,-1.1551491415619233,-1.3534077637332598,-1.5695823592690512,0.4434029579749198,0.3765579322292897,-0.21148496988088922,2.6405008012350537,-0.5512953383305997,0.28483466062165946,1.2881838498179736,-0.8241134206233164,0.5786615204842337,-0.8274904182949638,-1.3680786211666431,-0.2767329160900592,-0.4057488861460009,-0.8362009839231549,1.3755236608199364,-1.028783293327205,0.07715805869385486,-1.2322063462704984,-1.523059938211434
GLRGC0241,10.993493034807745,-2.9208514521426596,2.8494867470908236,-8.628198014567523,4.1731274536732474,6.03912481629797,-3.7623709115237083,0.8285324200344756,-1.0838648436757663,0.9573039633428904,-5.012272630489301,4.455809598866161,0.4774768382399812,0.42010978272299293,1.129687722467035,-2.271885607023471,1.1241213261419292,2.5208707672810258,4.355965368310208,4.10611374006281,-0.6960841035537269,-1.3881817762426454,3.752500603786131,-6.294709874658066,-9.340789456886014,0.8157965560919955,-2.6356141663893977,6.680258085442158,-2.824639051883863,-1.1523960508959434,-1.479583723433471,0.697395079408943,-3.137224248753717,-7.26697544545524,-1.9315651551080968,-1.1187937268046726,-1.1573099870327646,2.4116205650783162,-2.3445591919044615,0.6789572732678808,3.0544296656661936,0.3956784650410598,-1.8552011555164047,3.593393183301352,1.4633824852219,1.9203174692219838,-1.4848531984007662,-2.4824577473854768,2.110011219584235,2.8830651854348543,-0.051739595365585055,3.307981412358098,-1.0912844101471026,2.53891020676321,-1.7443813653757878,-0.2970141887236066,2.172175457057235,-0.09320354732885903,-2.240637363019055,-3.0801960561461126
GLRHD0667,7.766053789581108,-0.9332915772799111,-1.4692438317004874,-4.402575965702565,0.07226554809281327,-1.3377522768969905,-1.415179179655168,1.6489092877705331,2.410023558555749,0.2519650826470411,-0.8004768985070638,1.4817163603155115,2.037198323145531,0.13791288348073183,3.7186855781905734,-0.9331182850299122,-0.21556538643917675,1.3813211944747865,-1.9054603601302655,1.4000694282562074,-0.7720732679986342,2.7152051670179302,-3.421965222634724,-1.1730409721110135,2.384930919626081,-0.5600335591470129,-0.043521936418147236,1.8028995215294576,-2.1115685894804836,-0.5268017130419554,0.9709892487237245,-0.908587378531883,-0.8359843351943004,-2.384419122912929,0.29470629359285877,-4.101089365507365,1.0793183218722708,3.577761075391844,2.2983106880063984,-0.9254863501313171,1.3203078940421038,-1.8577270840332953,-0.15013568510361297,-0.7379559498056855,0.9873805798868732,-0.43209938642278345,1.8492881016534062,-3.063842791717106,-1.7161545576014234,3.4216574519336977,-1.3109497533873185,-0.13072923635022052,2.016590599122695,-1.2567214391237227,0.7211103855790347,2.1722398693953,0.7913061740162658,1.0658941611642117,0.5112680658084778,0.6061490367064254
GLRHD0645,-11.709232358831422,-9.756593071574791,-5.773752801459738,9.864413869718025,1.4888489854680949,5.876714374408735,2.3821188127790327,9.138691404480486,-0.3254429051376252,-1.4679747774242133,0.16280149105351738,-1.1842931982092684,2.2019797252181945,-0.5182144393476559,-0.8287723342330071,0.01882238256061404,-0.6585829149416531,0.9396047063586892,0.07821427034452089,-1.4676146455124284,-1.789258445153095,-0.5061554190268489,0.8660078195036782,-0.1401622035599718,1.219025523061865,0.029975955999085157,-0.9808498688403233,-0.07413617879314685,2.0587665723198207,1.2677606471679976,-1.4799531518887015,0.4324390440978134,-1.2135262160090179,-0.09292657770735048,0.12163665299395732,-1.655517671002755,-2.656365854188364,2.218909817289999,0.3313086774911404,1.2492243614245553,0.8261920533787109,-0.641300826559948,0.35048614145006585,-0.44288741264274706,0.19616386152899484,-0.4532865960213685,-0.07017943812828323,1.1180553388313834,1.0641156513693704,-0.8341332442445327,1.6695300707069514,0.22584110355574494,-1.2838877464760372,0.39490362401258045,-0.023777212651966587,0.29529329166862706,0.8871164947428575,1.3633628082736233,-0.6557166738292816,0.7379506927772298
GLRHD0647,17.677332142577317,6.697019746432266,-4.56397570311649,-3.1112123271467027,-6.21500742603072,-4.802046129396095,-3.847428781436162,3.3446384927558905,2.1184992850304543,-2.0407273730980866,2.5189601958343784,1.199780498310592,0.9638500269113335,-0.40712714238865266,1.120505461529818,1.6422972381163106,0.6635932980647289,-1.1337203503146167,1.8803374543532216,0.9861632532331989,-0.5384282336388011,2.1439647657793586,-0.04745759893236472,-2.5536550335762627,0.5926599216494622,1.10886167997184,-0.23936535684819488,-4.713401150645801,-0.911901520837016,1.1225285424902798,2.1162568011476206,0.8487139637107055,0.3110144510534034,1.7538321327203394,2.950587105921133,-0.5908274528986209,0.06443556576089063,-1.1841417995587826,-0.8078240553547005,1.6489180519089899,0.6233705343787075,1.7522650195728315,-0.7868722424353933,0.9881559874558306,-0.3169684445849795,0.6119611353036964,0.4515385314616977,-0.5970053457143782,0.49169816282754464,-0.2999642617673437,-0.33611796693846135,2.3854608610599115,-1.547112025546072,-1.365642998199193,-1.1495669032128635,0.48659643621319826,-2.2150656284929005,-1.0017223587827695,-1.2537409429145947,-0.06542236198407708
GLRHD0729,5.697604369253079,6.8780890213791785,-4.260947070949737,3.843883801473254,1.826157551954019,-0.3099193027348311,0.6994411093689419,-1.7453002141997074,4.413177078504967,-0.21386820214915941,1.2052167478641336,-1.4858663760540605,0.5950524720461127,-0.5365696315226608,2.5281681982445203,-2.3180244920025483,-0.8225906023288331,0.7934872852974598,-6.126953597884395,1.0716938955250486,0.2800244630277101,1.2350401731228569,-1.655353154377602,0.5593749473445854,0.926580018279464,-2.9527301958503025,-0.3193685991637115,1.085904013387008,-0.5365164579847375,-2.3447886435604985,-0.8850738001189419,2.0416261054116123,-3.587151071952314,1.8067907610169598,-0.05843097691078259,-0.8106414003600263,-0.08524997948147546,-0.49303822010264237,-1.2481879639739162,2.1147503595080375,-0.09563863829119137,1.0827896585788588,1.3236852469255032,-0.5880614988832717,-1.4698211730105473,0.42186325205951997,-0.9116568282313569,0.3366535912414291,-1.8946011246018544,1.6641765452511281,-0.770758678598033,1.2491719899460494,-1.2618354712720241,2.4303026343681515,1.5179096939725487,-0.2920522835902564,1.1187356231776704,1.0949387527689365,0.4859209121238306,0.363900084371603
GLRGC0252,-17.407324215598216,-1.42849160539744,1.0215082862888585,3.8665071367549566,0.5461204676401743,1.1154930085113501,-0.4280674362337694,2.463460769329047,-1.7642624375098988,-1.9716016513732315,-1.2513584538046532,-1.1571553346320156,-4.1410293535507865,-1.1133021820539437,-2.6424864727893396,-2.417905912052611,0.7261183365099068,-1.3397870484658254,0.39495971101604654,-0.3967724286001389,-1.075139474574631,-0.09876781815076069,0.23207033008621886,0.9671866683292885,-0.9021083618971618,-2.3973279547870057,0.26945401170613953,-0.12382356798678795,-1.0150622568886567,-0.610726283733676,-1.48410176202578,0.035486715224369955,-1.232026883703446,0.7219109419354605,-0.5238888072787505,-0.1380828456656167,0.1310213800238676,0.0011143583446301365,-0.45457942639396187,-0.4778517360948373,1.916804609140892,0.3213323581040847,0.657624357826952,0.34556575641333404,1.30882224409027,1.6405395638538693,-0.869134596692972,2.4002950900762605,-1.9491181500270363,-2.244696299318237,0.7160631394603401,1.0141614957091327,0.1897624245277044,-1.1016784736083303,2.286306146276635,1.5243974184306819,-0.37156632984140003,-0.7683024722739639,0.12502929768488505,-1.6397123047788955
GLRHD0801,4.438786964420246,-9.726610401206974,-4.3943348647780365,-3.7043389561890336,6.258089864948343,1.0376653445227857,1.0390159190080321,0.041950238705670655,1.3851923193188886,0.5157843922123925,0.09017646837931753,1.6019406696351013,-1.8537830072209447,0.6200164048763536,2.878048139354933,-0.16323027618746125,-1.0166883875948522,0.6166387779164616,-0.5244041277640368,-0.16827018334466168,0.45950425980279375,-1.4733328944014097,-0.5926951729367209,-1.0687945402323002,-1.1487937224120313,-0.15516730706425966,-2.4847337757384698,-0.8646495209081024,1.4621147331176922,-0.07650362490555997,-0.029980405511248056,-0.7932216051720978,0.3092973861595774,-1.9011226856965366,0.18319642348725143,-1.0677468815895677,2.3671324680457744,-1.8116248818093006,-0.5382766479876054,1.0434210290126755,3.0324235993120996,-0.27129094199441284,1.3956346155517658,-0.5921937110284108,0.9059344824455996,0.13459862231160785,-0.5638291004113548,-0.5200286944920537,-0.026340849875413172,1.4674158620575912,-0.1692397723729097,-2.198420193262026,-1.7289153106393915,0.9250433740188779,1.0918478615378746,-0.8388800525418658,1.4514844921096262,0.47314556775922445,0.43626574521184064,0.0013849340641446928
GLRGC0318,15.911013873362966,-10.452415878167452,-4.718439728110379,2.0935272997659133,0.9047883539534036,-2.3634692225074603,2.4201878455019528,-2.78628653782504,2.718881773262279,4.165913797903763,-0.457267031264476,-0.6329251319021507,0.8055577147866457,-0.7337827055001658,-2.179364515486947,-1.270140625047387,1.0017818868394155,0.05271584747173663,-0.3864540846798048,-2.0878937016742474,0.26254770694030516,1.1039326164888004,-1.345546134154783,-1.678022516765534,0.9967109827700135,1.0332458522324743,0.39206244560479236,-0.5679649012106627,0.3630894013012531,-2.499318566931143,1.590839340519662,-0.7191574527523985,-0.10079940154243698,-0.6819121168026558,-0.4425293932894702,-0.9302587913455994,-0.4194899964736396,-0.31157444412078117,1.0603099033793915,-0.6983071154088982,-0.5035234149843796,4.219599526373954,-0.4721063036371737,1.9744367272736527,-1.1562218272510665,2.199004054516345,-0.7332706362697218,-1.1663085188463513,-1.3018268096995167,-0.5240975534169667,2.21873427625292,-0.09046549677918853,-1.5163473850942484,-1.4874439604251668,1.3885700736380333,0.9070164567993065,-1.0047870626477826,1.8418600081170602,0.28218230727281773,-2.535335575853295
GLRHD0740,13.250203743352559,-7.439598160785858,-1.922685599123862,-0.6439214931706291,-0.18711894205781576,5.286041423384065,8.577315336590383,0.7520644030392639,-0.8667031279251655,1.8125941970653572,1.6266422174751312,1.733279991895229,-1.5223186433882143,-3.5644331235130062,0.3650431809675322,-3.4092602816088524,-7.627456258110979,5.142543962191418,3.153244958421621,10.580141640996775,-5.563711929109821,7.710558130466272,-1.0388891514443115,-4.908611412675385,-2.140735944338891,10.711151657562292,2.2479221747610176,2.747243301062552,-2.5294835899157726,6.581447181477242,2.4211990719120977,3.8438236391453495,-0.08157929185859122,4.160550762713458,-1.1042923190612544,1.5683586510244207,1.0591593493067442,4.771736441892754,-0.1990240993325854,-7.431592377853812,-0.35632528429133764,-3.6693892874412644,-0.7787618856755881,4.29556026063931,-4.982303687027718,-1.3041268858527622,-1.0352273842463109,-0.28522673327337855,-1.2821232595058405,-4.707397022464713,-2.440336729084623,-0.9067152466480579,-5.9764970594968165,3.5400611832391125,-1.5571893886068844,-2.3616606906784017,0.44121943926883755,1.0809472242813483,1.1395822474559214,3.2989539134995867
GLRHD0618,37.517208385674394,-10.304206070441486,5.89527487693883,-5.149556604835608,0.6420317765341182,2.174122797071896,9.790467564770209,-4.5939943366614315,-5.220288904097061,0.3740972208905337,-2.000849670445096,5.112420042675639,-1.2039085321397969,-6.111210515485312,2.557490351352515,0.13221273623938967,-3.193300398391153,-2.930689370182524,-1.7542675817469153,1.58527940433643,-4.226339108224144,-1.6262823274877303,1.8471929288793805,1.6308458816372582,0.6597708655867301,-2.7879326883234916,-5.664121376638192,4.4904319328782805,-2.9145863213411576,-2.178295434753368,0.09150405069664395,0.8864985891338512,1.0475101417032642,2.533772768659901,-4.777012670645676,-0.5767881889331608,0.2737578700125482,0.5610803974619761,3.8021204643073934,-0.24214473272863246,-2.0435317567978144,-1.7135213680005137,2.136490446846113,-2.7293515275019833,0.05031270389170837,2.4927465784827083,-1.0648935285505998,0.739410316996382,-0.43508367993464936,1.214213153578289,0.8965007049657006,0.9405239141751719,4.708350223657775,-0.7522872593263521,-2.0079651659959925,-2.8484725737600844,4.870098935407021,-1.403177641870165,3.3241155559303284,0.7704407921505586
GLRHD0640,-1.8633902492873409,1.7472977992434588,-1.7062488739800676,2.714180324176087,-2.2095632538343613,-2.1369879742991067,3.3578739203587538,3.2837868181026444,0.8264043452168941,-0.4893331126218995,2.8804643256496973,1.3031092204244732,-2.2976414157912814,-0.25145735586328355,-0.6141935532421137,-1.9934972239298194,2.517613580915304,0.6394996567973206,-0.41760527116863966,-0.9579220264317194,0.04673450716181485,1.0822649877994415,0.6463029496393546,2.13968460415806,-0.03852933122239213,0.6251034404667177,0.4618672468865191,0.2661663590380496,1.498489869216764,-1.5406654296641742,2.948475249716609,-0.08602131263370585,0.11996057952088564,0.31380018021881156,1.284601046072448,0.3876001714903127,-1.4796213076380709,2.2573427276961735,0.7281900385062986,2.22132319543906,0.3271132394643169,0.8218715366496939,2.1911123030735125,1.1526551593999428,-0.6572089735315684,1.1855742629524706,-0.3293524193021719,1.3323235391344117,-0.6216323043959615,-1.9476159102469313,-0.6577700287786228,1.8237516213586282,0.9927560858477169,-0.06551088376331021,-2.44447725180164,0.8006950451085871,-0.8781615846426459,-1.3935462784010062,2.537421814068716,-0.4810234670299629
GLRGC0276,-1.0926896132534363,-4.060592160694631,-1.5510613631832189,-0.45076861859545897,-2.4528519416458954,0.4872975591983298,2.133867443774526,-1.3613412120933635,0.8108109778620926,3.4269079299984297,0.5621827460112426,-1.1263228063620814,-1.1486511454542083,1.3122859639348445,-1.095040060524801,-0.7375059865184104,1.3792186629990613,-1.4886874953210505,-1.3066140877668853,0.4980561770719113,-1.4468011242875212,0.006381969145732433,1.1310199608375968,-0.8356431604522715,-1.1940227897809226,-0.3952269678710789,-0.059461664291977134,-0.5397457902638518,-3.8765552806966954,-0.0973494886510502,1.364563790305723,-0.5490910284183217,-0.6683857739790149,0.8698628473996881,-0.32214661681244744,0.8380930498305276,-0.21935389096875618,0.5314912370974553,0.7781573673442307,2.121364668303254,-0.480981347344667,0.0935564067588482,-1.3228974702717073,1.5637761420764968,-0.3060641165856352,-0.3112371257575847,1.940565754634829,-0.371773872943165,-0.8002690476746596,-0.24386736489284114,0.09725748928677201,-0.3335356371481875,-1.865814271290128,0.02213825531527007,-0.37315321296394016,1.4408342029756955,0.2613080990708305,1.0699166350177294,0.21534982203911765,0.22737358141312564
GLRGC0221,6.950725857214951,4.4031834163691,0.5990305969125289,3.362700734391971,-6.2477598768099485,0.3548131123834657,-3.2709312418246483,2.1485160226111444,1.5518926056398683,0.9576140159542664,-2.0155185786809127,0.11052499604846441,-1.985430884512961,-0.11610639246099091,-0.14957893885815152,-0.018496062879039238,1.9189714947889918,0.2837608492940614,-0.9144560829982209,1.1568882304887753,-0.39509981145842266,0.07758698769797653,1.562981854755637,0.5584465429648638,-1.8191452218613104,0.2541624613426523,-0.1480609017548903,0.05149133974707297,-0.6644143648331937,1.2909328325438025,1.4017857345704603,-0.12068769191253204,-0.20180090269687126,0.16933721520048084,0.15679135918043502,1.4870465419892758,-1.3889645284194,-1.6916932356384407,-0.42786248031220125,-0.6739979978755991,0.79239363455531,-0.36288346327998444,-0.5177808229238418,0.44046528094200005,1.0297005582146128,0.31331922566886916,0.3234015090719162,-0.9970542593926269,-0.139178997364127,-0.6336487741327875,0.5548255490174336,0.7309838970464321,0.4493798470992265,-0.8752953569175208,-0.09051985251418337,-0.5142468219292486,-1.1101251011496782,-0.14547233950846114,-0.20644313510992532,0.1029696646285621
GLRHD0714,-5.524150558580405,2.3275818465423876,-5.064196344200867,7.357949184644216,1.2929176590313338,-1.309570332644321,1.0731587318890183,0.005097806092527833,-3.114673103099155,-2.711847677952097,-0.5222986298153803,2.4192669249931122,-0.5752590220097475,-2.0693133330147386,0.5297806385789062,-0.25575231836272433,-1.5975672758600925,0.7821432124228359,-1.777618026667023,0.6442083299637881,-1.0521890095520516,1.0566632800848914,-0.03622934383426062,1.0777938323437481,-0.38650874113480516,0.6307064755374346,0.8944178152410073,0.9551685197486898,-2.0758509058897228,0.5058737232422789,-1.480917599466184,1.699738623059643,-1.9536519332854057,0.47749388506266005,-0.46621062068561275,-0.9355654792799196,2.020892937287244,-0.9288957638672353,-0.015095552681845923,0.24326992139855333,-1.0568623665223438,-4.401799228672231,0.5319717457404789,-1.4123393224496048,0.49069664531754714,-0.8523347284949156,0.044889541586043226,2.5941427825888987,-0.4651129142260369,-2.092379812226767,-0.9324910137662943,-0.5139823697383326,2.148116420945154,0.4722140083130052,-0.29775645058162437,0.6264362059777596,1.3508658761428374,1.0404147433321407,-2.2308883771847423,1.7417552125948654
GLRHD0691,0.1173565957912479,-2.332406696832658,3.514741162408259,2.3644516401567945,-2.3318046709022773,5.095180755345206,6.132081815430777,-0.47199111659431675,-1.174977280133361,-4.136255407079706,2.8650350819563437,0.4730667103759047,-0.029127691469908415,-0.0955235539423414,0.8513475686980467,-1.377382728104059,2.1325239346428506,0.6102726989900257,0.8332963806314977,-1.2963982105315852,-3.957550315551997,2.538092128192806,0.4803455903614895,0.05940463010879189,1.6612506549802715,-2.8428546398160175,-0.26473508163049303,-1.7383977684569314,-2.3665336172884426,-0.7802430770226074,2.01545024052906,3.1250974334318484,-1.522738507909184,-1.2627451891938863,2.2528237108860867,0.5317235229531266,0.05413057851779153,0.8380614242000626,2.4962395810478846,-2.0897620276550497,-2.0779774038734304,2.1234387029478135,1.250687072924347,0.20621683138302774,-3.5298349879802964,0.15145340492105352,0.2249735694118664,3.498874383800949,1.6380206057121203,-0.5698212217526466,2.386011671417329,-0.9421371925638021,-0.8718935293359356,0.37323838153368327,1.7409761787661473,0.9616399387782767,-0.8546096929530431,1.5179590232227305,-0.6884267863066064,-2.1129673031407106
GLRHD0613,7.235121163678925,-8.044526838087647,1.1667605297641663,5.534826509030482,1.5967536219430205,-1.8113885435996318,-1.1209089791128957,-2.2758190098762,-2.8917874031935753,1.7582270556710442,0.8543489206551955,1.3141459898131278,-0.5834834193292894,-2.395647887409388,-2.529766135972839,1.829660927352564,1.1005740600721197,1.72451081317253,0.12171587114468216,-0.753371944641528,-0.09210835307640859,0.6902212195269548,-1.0701346089851556,2.775290505697266,-1.2363862445909934,0.5332895168422505,-0.20196279703418202,-2.231060938929587,-1.9093583167959738,-1.2315237569957804,0.18016144876162993,-1.2330831448727504,-1.0877451779493041,-1.6174234885258938,-1.2665364626248024,-1.9660998592836079,-1.1052806118401426,-1.4562214756261243,0.5263875947275921,1.0918662032225162,-0.15209726719392438,0.5549535119137533,2.9101213237514374,-0.28231018695483256,-1.0443895438754605,-2.127174312836258,-0.38598911045034606,-0.9882110038379824,0.47081885244830873,0.2187706737956944,-1.0315620427449022,-0.7665601357017215,-2.1563829913145476,-0.35953076506427306,3.201147489007761,-1.7302043505681521,2.317673890382818,1.2461011565841598,-0.8186095097222792,0.21311310463958982
GLRGC0156,-8.379550609402452,-7.076690138974333,-1.761875614473327,-5.9080734235358,-1.3330320861489517,-0.5383017401444317,-2.7527901015028804,1.774253917782452,-0.2560200289783342,-0.07703297682413802,0.6647775842932837,-0.09260215200711187,1.008872053120841,1.0217809226281462,-0.7560412115923099,-0.7217914149729413,0.6445708442298475,0.007118509350417285,0.04207286290704245,0.5335612408742697,0.0035732401156890864,-0.84043424360541,0.595807141151649,-0.1180458315199899,0.40760393033700526,-1.1621791431756732,-1.2347530887800846,-0.1286597509807389,1.9302118088034441,1.9095497014465008,0.027608096174409326,0.5302564685718772,0.31154589650649167,-0.054021476662588386,-0.01589151600266117,0.583079518619858,-0.766635492903146,-0.23153511200168472,-0.3719812842593238,-0.11421146098995988,-0.22204842668218128,-1.6232382749172127,-1.1879873566915695,2.3032783555300127,0.2495330397303945,0.16814996855629258,-0.25695969850752826,0.6245912992579086,0.17996783761358054,-0.8158600036570814,-0.578033048754152,-0.46735417523913503,0.3543275125087883,-0.2526269020184013,0.38733026106474444,-0.7732827930451084,-0.171173870717655,-1.4183383306732376,0.1115702877163951,1.6353066655517488
GLRHD0777,-6.777529835026336,-4.388611777765127,4.064524836583131,-6.413242552094378,-2.2048335980024776,-1.6248604850584452,-1.339746261954634,-3.3359963884095998,-0.2616438890352992,-1.36881413165531,-0.09079111542494059,2.29766116665834,-0.9565630533297937,0.26566703155390425,1.8261621200750728,1.6139299392126831,-2.944248728616507,1.947380923221516,0.4445266632844825,0.17140468173288884,1.8900505900636482,-1.1328486128406798,-1.5778312816196158,0.5065328795352418,-0.3962902300404288,0.4345986669301884,0.9679373209859334,0.8893151803932068,2.0300840602928005,-0.17269983507827036,-2.248969578888694,2.091953598457354,-0.2460815234002382,-1.5211029250005506,-0.26877562667291605,-0.27315078709822815,0.025670600574803283,-0.7682492716442016,-1.3138912193082153,1.0028398103824243,1.0095420489586153,0.2598817708442605,0.6127499124596143,-2.892852991778624,1.3896386751248249,-1.334395623835786,1.2913579159018118,-0.39712982105728173,1.852950838507513,1.4741120886165218,-1.6078593763577003,1.1171502639752762,-2.3436864735232525,-0.4450248010937547,1.2172283171584888,1.4870746385898117,2.20847267391847,1.2679055220678435,-1.152554350301556,0.09427328390636194
GLRGC0380,-7.910263796280352,-0.7749533994056442,3.7048063341515918,1.2313046044361737,1.797013904579915,-2.8449100074750286,1.4103060991917922,-0.6265500825053583,-5.0841938748350595,1.2809889860290171,0.29683716798221194,1.1455797434739234,-1.0061583790580808,2.171837494861953,4.591808851496098,3.2439999560998074,-2.2825058491174666,-1.9248348971463636,-1.729188362809085,0.9491491219222348,4.73761807943827,3.779166423953006,-2.221540908401626,-1.064373170383235,-3.1494129918428824,-2.015612106109213,1.2279540609157684,-6.876947161342949,-1.17014433607932,-1.6443023176948686,-0.5736546128743121,1.3142857352983104,-0.7079289957035803,-0.0010422544326193425,-0.9296621704704566,0.8204108036072147,-1.0231198964150334,0.10101503622035854,-1.068945212915305,-0.8911981527864216,3.142234741482442,-3.333988147808714,-2.995767655865053,-2.915910845142742,1.8604070322121575,0.6937629237240578,-1.9796115973523185,-0.6063891861336637,-1.8054605930131664,-0.9994738803067139,0.36833934388043743,-0.42175532097888885,-0.30040606443847073,0.4902391009929821,-0.290743192327641,0.9984943451441146,1.025510335301777,0.9108620891831214,0.11449883508697054,0.5199495694666255
GLRGC0196,-16.32336255003924,1.2413066582177317,2.084551730664644,-3.2332357209890144,-1.1987911113673206,-3.1776980003584896,0.03929409066762899,-0.3864818750372702,2.7336766070990874,2.767845493676017,-0.6388625396155244,-0.6272121822433783,1.9945136695191963,0.7786636152457931,0.3609362200930119,1.17677043441693,0.337746143399827,-1.0061890878401099,-0.5984699309940014,-0.634846857094414,0.4062689752131913,0.4203550573955246,-0.21955287657041286,0.4604935116327557,0.473418168028108,-1.0377055513590778,1.2993821389832336,-0.5443313915641316,-0.25349091235434423,1.2294089851928804,0.7427460798429716,-0.06529336030750241,0.5109498541863877,-1.370636957727024,-0.10575214179981782,-0.9069318923053595,1.029336201424028,1.1521277629853495,-0.590957502054933,1.097692049818538,1.2137135033814075,-2.0898474346199087,0.22497800327097786,0.3706290331026243,0.35948978358689704,0.9914259544783531,0.9802619160615195,1.2460883743573057,1.755122297469581,0.9720385634449581,0.5473470382084672,-0.511186799817771,-2.387913194573163,-0.5532430858381985,0.19263435406675034,-0.9340910820781471,0.349496690594987,0.5621479592368305,0.9436191836482165,-0.3001825599740837
GLRHD0495,0.5914443022079088,-2.7782166271704876,-0.4162795168631551,10.7970658526784,-6.093929186051584,-0.7997269463988639,-3.1144686014751124,-1.4252054462659878,3.753505781546055,-1.3323180579501457,2.0772279486282756,1.7531781285159482,-1.2513998427208088,1.7088903268342144,-1.1441702660965194,0.2593495293267943,-2.4025684166214565,2.703753047366139,-0.7332031328456313,-0.6591027409097655,-0.7186601282448047,0.31555459881577846,0.5463679589975518,2.262494209487185,-1.2642653951631213,-2.2116749565779656,0.5267337640671509,1.1030933722553635,0.6757532806159193,0.43321281565886216,1.2806022364092904,0.027685408514745047,0.41884304733007205,-2.010248885332936,-1.1968771380609964,0.22373624700210454,1.4919803104299394,-4.016333763563335,1.6007446189474122,-1.5354193464035946,0.24765660224929456,-2.08485378056333,-2.8122857928859952,-3.460935948340835,-1.7614269870623491,0.04456737961680116,0.296529402703443,-1.483228286791995,-1.9921089698342067,2.5882443965343085,1.1784431311842023,-3.19556352461845,-0.3160571295596776,-0.053661987733445674,0.885026676887628,-1.874001130089786,1.554190167171975,1.1126245686878504,-0.9731626000002024,-1.2749436587928948
GLRHD0727,16.85178946486689,-2.823938465837618,13.56397491689398,9.400536172854615,-1.3525810990707448,3.001939122340429,-1.315841131496021,0.8095280913053002,-1.3643040796367822,0.9526441820188989,1.7085807102974064,1.841699597863864,1.9025209748121101,1.4059441678079725,-0.22490032256321638,1.752570614646782,0.9841645485558362,0.6232994024705223,-1.8150451850216285,-1.0592883546796812,1.7447376400437677,0.4591628165060927,0.6705722323811093,1.7482489286430167,-0.5340735937901638,1.2771814302093507,-3.3562296306204282,1.29563756810621,0.6977242549969002,0.9923532671840486,-2.7963584955962255,-2.7618488834125947,0.4722163040927882,2.630161330324086,-3.870745238331629,4.839244285763909,3.68958854135672,1.8334975944079337,-1.3884263587896768,0.49856225296776274,0.96820144180663,-1.3695637791341464,1.0939330732125685,0.06615113436874243,0.28812656681741977,0.09353948284306128,2.3723516379042167,-0.26821369085761776,-0.889803740945476,-1.8614996331279727,3.361158170800556,-2.354366280765184,-1.3649350390999664,-0.4713081103116344,3.307027489703097,2.6928220958698503,-1.6201791731417747,2.0491336711134847,1.6127089772607925,-0.21021955119195634
GLRHD0749,-14.628008171818252,1.2216450702154715,-0.3056343968464392,5.414689186903375,-0.55441893681538,-3.7188593559529317,-1.122193790466807,-0.5547272196672294,0.45803732502355926,-0.7713428309126005,0.6467568059367874,2.4369102769452113,-2.3139743785148608,0.4825017233125663,-0.430075247956133,0.09104182648720208,-1.3050471043439085,-2.427614717825507,-0.8855275543530767,1.0739579280723646,-0.6136208202776814,0.18593775474693014,-1.363272542954662,-2.2209624302757653,-1.460472065264149,0.6792894147810563,-1.8578934590514617,1.8176883273167583,-3.317882694202759,0.7737683799605242,0.6002495821448961,-0.6358212464709054,-1.2312612289168212,-1.88378699369995,0.6190307091097564,0.2129550732467982,2.485840022987442,2.2507083072819007,-1.9682725938582393,-1.6740699435882205,-3.6704199520725074,2.3072141843670027,-3.407186595321719,2.322319321807044,-2.838166112160619,-0.2946531249553643,-2.8833014123541885,-1.5051998827403459,0.6597656226982297,-0.6054445414412606,0.1486772705150819,0.6554218163279898,-1.1899473571679937,-1.824264074030518,-2.908209988849578,0.7945234933295098,0.3371832515360743,-0.9781067328908825,1.7653901640309189,-0.8487380572162855
GLRHD0632,0.8154448685617097,4.873540740858305,-0.11074441086011631,0.9981471573756748,-1.1595958668993225,2.7537044232058205,-4.195264043887275,3.2228229192597264,-0.010231299827593767,1.0967656490068358,1.3059383323551723,2.5839267044653944,-3.1962505738273075,-1.2568561170266137,2.963871052592946,-0.1693150819960042,0.1527142655935009,2.2653215890173457,-2.5524220860123816,2.233520215512266,0.6193651614588728,-3.5665569738350267,0.794568579207628,0.34851844419280786,-0.4886746957065553,1.5533493178858424,-1.2318300582950492,-0.6176666588684162,-0.3507614365767538,1.6830347572189426,-0.8783505861932761,0.5482009247124222,1.9017755228619124,-1.4811979371669977,-2.0482432467752796,0.318849828097811,2.55250542604724,1.1803599464009598,-0.359591183424266,-0.64195955119643,1.1324782023560178,-0.20636941591108743,-1.7335454022959835,-0.5290611112426712,0.9971791359840811,2.44873653211917,-0.649239773421907,-4.819401084703444,1.5042711280433743,-0.8028011744511762,-0.5225072029596832,-0.6815550000192304,0.3486455497915849,-0.5329099380927244,-1.380738385146252,-1.295473910902563,-0.3643236686813117,-1.2058509331439382,-0.11732521577593105,-1.8633928845150889
GLRGC0143,-16.85808866618869,-0.4791394681353932,9.335808727985018,-3.6684280756720886,-1.060066832307688,-0.6103166205656367,4.42230729345667,-2.5405470786934403,-2.0590959970686886,3.342302656333529,-0.39971528629612185,-2.238116324159508,0.7930438549155182,-2.0310726895745836,1.0089980419827382,1.2692491651707145,1.2644530754126209,-0.18368520806835195,2.101912383088147,-1.0395779066635258,2.19081827314378,-1.0090734587661914,-0.6282227632404981,-1.7640752852731816,1.6562299243298697,0.2369858803932088,0.17112268100846276,-0.8561130921062751,0.4976705594983616,1.9621970639236073,1.3904690971653846,-2.5361028516844515,0.7591774352242749,1.627918700593478,-0.5346715210130102,0.11941788788685083,0.8095371237495387,0.5341773505560521,-0.2965320848811713,0.34786502623647636,-0.04491711269856548,1.2929203247202203,-1.5343356274068822,-0.3329503348409012,1.696169606528312,-1.5629701366950155,-1.356102986779623,1.8843534244721263,-1.7885675866946618,1.3388542755359942,-0.2914653429940304,1.525100020235431,-0.0018302019075576513,0.9523562988030521,-1.1351159842399865,0.7527953861149813,0.1467314835201172,-0.08429802745749973,-0.46074993367342165,0.741382159161052
GLRHD0811,-6.378393536996762,-6.693249391644098,5.000962375096823,1.901311590267245,-0.8701991669069633,-3.2862491835540277,0.5719068887401297,-1.3394448003461872,-0.9513028872479755,-0.9559938935533174,2.514287705658208,-1.0036066405709476,-1.6048061156189444,0.1703005094301902,0.8359887812549641,0.278158884421602,1.404750929981205,0.9198642555669659,0.47722882245735293,-0.21079302839201774,1.117473019520395,-6.510978937861861,0.15920412636956754,-0.8579187871075662,2.057273188180703,0.222239560377824,1.355085332983159,0.1498252595276478,0.5649065312043217,0.7610791207977946,-0.21521628386980293,-0.5515831202972046,-0.06278545028425271,-0.6168609339464314,0.6029384505430386,-1.114576005766693,-0.9799686650678029,0.9214162980580332,-2.899636022024071,-2.6009480273737564,-3.4571525678631665,1.1270741944556306,4.044788932212882,-2.0103562604179164,1.2287401672799045,0.17272787173489224,0.03363870777006224,-0.4390992023024751,1.1039427088331826,2.179033189138879,0.8852171360345247,1.2173769731250945,-1.3156612720068765,-1.4966643351477082,-1.3887804448712522,0.78215781421112,1.7693628570040574,-2.1830585008929964,-0.01533781294867362,-1.6813706616488693
GLRGC0195,27.27541657959401,3.5290878357423736,-0.47114957332858726,2.421940481699828,-6.741898360406468,1.4964621191522343,-0.8419088575947288,0.802637813911548,0.06655898094784675,2.235743965682338,-0.7054652916922619,-2.1796015805714406,-1.3804832257903414,-1.9434590885031402,-0.06717192964265362,-1.5745571327249583,0.3139986557504093,-0.5952235070055143,2.9655820562455415,-1.2942179084339116,-0.2504698618642578,-1.0225577221181845,-1.3218740723436342,-0.4443501925250873,-0.7181985098755037,-1.6885690753444,0.6801130668007026,1.0586736715499017,-1.35117871443904,-0.23567027092329562,-2.057982379748791,-0.8921576433879387,1.6379926273761594,2.5295878705642103,0.10804253536198433,2.743468158476409,0.581959601283923,-0.33994978535156556,0.33116891426099904,1.684087868728356,-0.18392935317765063,0.6305232927815084,0.6717637304633488,0.34121525333562136,-0.6146760299524172,-0.5966995536452459,2.4746088526309467,-1.173930900447099,0.5803543070771927,-0.39757058926923683,2.1634379727247195,-0.6269536057843104,-0.8332673391726051,-2.1909802110718166,-1.2126300540431112,0.5482536772633866,0.07473788983420483,0.18665228735519104,1.441952997553339,0.2687294110849638
GLRHD0785,3.1666548460918635,-1.3546949997236932,3.875836858712264,2.7557003558616135,1.1861723484197242,-0.894698224094615,-3.3161131335548486,-0.20750733572348715,-3.330471046894119,1.8546600962840456,1.7541028226892412,-0.24283038860239337,-1.9462802332191018,-3.1478603384596506,1.235098356968205,0.4461071988936782,-3.215515978591282,1.9783608958414998,-1.3729908366106867,2.2770295518313537,1.1068432746365309,0.08796939374171879,-3.1479370479505437,2.1775510849657236,4.556861745676432,-2.742867734906391,-2.481041082789182,0.45908048989497074,-1.3582943953786648,0.16584738049526848,4.688156546292486,-0.4271524099441998,0.4711257423659708,-1.518774974227257,-3.2805360940024366,1.5324122962277256,-0.48919177806792463,1.3074768224560942,0.30218602937095257,1.1897758872411681,1.0529367081196268,-1.4256699616030246,-0.38432514430767295,2.5746313576139155,-0.4633345997751688,0.9052260999100005,-2.207421990400532,-2.7527861532065683,-1.5945516722247783,-0.0934369876438619,1.8156080217296597,0.07729271826493322,-1.4761144517680476,-1.2461792502145725,-0.033121588166990755,-3.356906345820861,1.8425745105289204,0.13947098628887503,1.2728866010235467,0.6238958389482818
GLRGC0140,-0.7449398958972857,9.533885306564223,-0.8301106637696783,-7.376932329638589,2.784990264327988,-0.9443303019978353,3.4418754368641524,0.26354897009710243,-1.0920897943917207,3.4222550237041762,-3.633889319548534,-3.0242421410148466,-0.33849855837562565,-0.0731794540557614,0.6801549798304167,1.945317710467343,-0.6301174139370475,-2.4126649923829917,0.4940995232934116,-0.3855152152473495,0.6074653903013675,1.6953060639257116,4.91261511176116,-2.3092805270525165,4.0664123688980744,2.601743336778019,0.2775590886080744,-1.9794824394637194,4.47758065862184,2.08397379605897,0.49232415341983665,-0.6684740452724979,1.8727663186535657,-3.5938396356465194,-4.3167915409600965,-1.1277218466900105,-3.3755947993908957,2.544833250144507,-1.0599950271217204,0.6499593709266749,-3.1124681236376337,-4.9518272174540865,3.0964551553002537,-7.199685252603852,-1.3233905357791873,0.21064683320300281,0.29232316702679256,2.1488428539506987,-3.551603440525064,-1.958401286948491,0.9595278227725561,3.467977637369521,-1.2195116640467276,0.9459434386165289,3.181080850073021,-0.34514157485636165,-3.668403984492627,-0.34790927240310765,1.5627364145384575,3.4085502959636433
GLRGC0227,-18.085905226451935,1.6564648261314785,2.5616160973533453,-11.832857713339108,0.19528319087884985,-0.9705809796896806,0.2901008283426872,0.5570814891389634,0.9652765830851229,0.6017061060313931,-1.7299193545575184,4.319251222142857,-1.4269636677710569,0.21637140390597853,0.38212192454686017,1.2897152983623377,-0.024035078474370003,2.374231594808361,7.623373502502342,1.2843926806055335,0.764944353074177,-2.3750244401530303,-0.5762496069349098,1.9594236561153566,-2.0061639971994856,1.5233000478900394,2.663070555809106,-2.8982359327751643,-2.858072038292165,-2.0722966415720814,4.281687711978464,-1.478448260275288,-4.340542519696232,-0.88957522684057,1.5348393494969783,1.6584965828155958,2.7544251152823778,-3.4252406083534708,-0.025836643818173848,2.02086091021748,1.8738089124879913,-1.263434016747067,-0.7251644191027953,-0.8594171742783779,2.4138177539326153,-2.476686457296183,-4.3116503937062,3.6914728307480296,-0.2992627959736847,-1.6335944049314013,6.026218591977228,-2.196677756028501,-1.4288216836413392,-1.344207350429248,0.24808501116458725,0.686361003314126,-0.0518046074471877,-3.2567907767042787,-1.3425878224078118,1.3804355306715388
GLRHD0814,-5.121093328791974,9.46333337807818,-6.5824653915940745,4.293047306907112,3.4133470426847174,-2.5380206437735993,-0.6071864256955896,-3.225022231238538,-1.9883348936823293,-2.409529829464068,1.6313419881196494,-2.177142702147663,-1.6846748947936667,-0.21836455786879655,0.17982065157707772,0.025290593227892587,0.8336484047057705,2.1979431482152028,0.506503637287164,-0.6069493600042023,2.1230047693995684,-1.7108246240068739,0.08967213231977418,-0.18430255869034143,-0.9010383993438286,-0.40083555909060276,0.2670257386423637,0.7318843474792388,1.6524981335142983,0.5825456965880069,2.211974487904576,-0.8653309875826082,-0.05137398501548442,0.7055049775457578,-1.2616491673883239,-0.9398288131907114,-0.1317151819050695,-0.22436823039902884,-1.2699478120467602,0.2146325743315693,0.6470531554569887,1.0582844804086364,1.5990702862521764,-1.5812486401170187,-1.9994876954870235,-0.05333888282870341,0.3225250175618705,-0.40975640829810456,0.8008909458531579,-2.0792158891869335,-2.0567851574578655,1.1302042136892319,-0.04540678606666798,1.066865329947406,-0.16029368682780865,-0.5973184306709067,4.120902057090064,1.1769533562047994,-0.6027542654307049,-1.3714187063572898
GLRGC0277,17.903588710951013,0.023243624866144397,3.9027860316050895,-0.14658825314020424,-5.272982914448598,3.4983956079041127,7.261235255215078,-2.7274326208283264,0.10131317635774621,-1.163741665837075,-0.622823982120953,0.41252030579071763,-0.36324061094550963,-1.9611557239939548,-2.2164173106482177,-1.9358042765194972,-0.7756452429600685,0.22763549846814404,2.039861662599427,-1.0528267899371242,-0.014908683735821078,0.08693558630384525,1.8408575571775478,-0.38538102289269216,0.9457795505988925,-2.885240557998883,0.00417484502737312,2.272310093063858,0.10984385314953848,0.314071087602641,0.9104324415152636,-2.766540389719762,1.4631279888190987,1.7787528276416966,-0.5688588529940092,0.8696835077454447,0.2817332622780811,0.46743335787569523,2.94541858014696,0.07300247555057203,0.9751645005805818,0.25914746675370665,-0.1286054743526395,0.5943637297897328,-1.1548739712305303,0.23536604609439932,-1.35989622515025,1.1161582821301317,0.4730276064484375,1.4013987765515603,2.6889465881992733,1.4824101022258125,-0.20276467770255766,1.4731426924368816,-0.2020470793424915,2.019662595143291,1.2670526080340718,-1.101852601762024,-0.4359488469814999,-0.2941262204571789
GLRHD0635,6.660690462023015,-0.8983638641356972,3.073675135436288,-1.7836131619007138,3.1892308659901634,0.8371903022910036,-2.4075262109450573,3.3100566419751454,3.5677400404443067,0.539905401511892,1.289875858187475,0.8448002849867824,-2.735924572926416,0.9852867340281382,1.1999524389699694,1.2871978310681207e-05,3.3461203273237334,2.796448808417594,0.4379026893420422,0.16880527623426864,0.11626432706486818,-4.257648971218266,0.37017978108947663,0.8778495643955944,0.4770345032457909,1.6096194673473898,2.9775322967155797,-1.3641827505627198,-0.569728625245479,-0.5449591596854838,-0.4059736027786028,-1.1280728637624822,-0.234313580471055,-1.7259414951832879,-0.7939048336362305,2.252693645088956,-0.14891279922903977,1.7610271705564413,-1.0169567685063916,2.400445781696718,-0.7596161154074986,2.6022002077492337,-1.2749037224177933,-0.1554417483222565,-0.8196733802598916,-2.884486313830096,-2.2137745989540676,-0.2426615103351644,1.650794038401943,-0.4384487967712115,-0.1578980640695244,-0.9500433305684959,0.19572225610363245,0.8156523169521399,-3.6582618853060938,0.5493721581139562,1.575243296983142,-1.0134816619163207,0.5051210611017234,-1.120305014704083
GLRGC0216,15.484404966704426,13.579471060449272,-2.779681790983197,4.993245760721493,4.479285892184504,3.760525954933335,-4.086181634418459,-2.893466622618953,-2.603433547626285,-2.0551849973196115,-0.26429291499987184,1.392795508774936,3.123203720451958,-2.153279365820475,-0.7918476642637782,3.365099181786724,-0.8460856459953979,1.1218226822293913,-0.7021582842595299,-0.8514720697316696,-0.9086037908761403,1.7026982869376164,0.5218301041490389,-0.16963656743572003,-0.7106030369316643,-2.016279126670349,-2.5808717695804018,0.9525212608617883,0.8691652201613436,-1.3403327402636587,0.6725618435997437,-3.162485189034184,-0.7076356676013043,2.214076177350256,0.3207439828086111,1.3105724786648556,-0.8929991232968083,-0.15123582393904134,-2.29525366962757,-1.8888978643283112,2.0008366152173487,-0.018055313787386184,-0.25031318935314495,1.224246630059016,-1.9727611816840638,1.5968128168171638,3.2134056672949547,-0.7905672983382462,1.495530977936563,0.6352311127505071,1.0392725793682442,3.485595980547969,-0.09392912969596576,-1.8965650839975121,1.2006068856178163,0.5555281528452596,0.8509083556791996,-0.41504379860923074,0.9789850512627752,-0.8995638300650622
GLRGC0290,-6.045407466114235,-2.363926054304495,1.0608836667688881,4.006648666412622,1.517752343879,-2.965359385934321,-2.4450107201175553,1.613476727627854,0.8324951183360569,3.0524875263951,0.2742164940576286,-1.2185370633436474,-1.0587122357268381,-0.2404171676401164,1.016904350637597,1.244858195088223,1.971205513499784,-4.406685376231282,1.069569263299575,0.05053838113146917,1.8020208129043152,-0.46205046023450674,-1.9625983276424,0.6902211687522937,0.32941712081788677,3.945755279852405,-3.830584291725807,0.1844347008537579,2.6106010223478564,-1.717499396472711,-0.046032026092233023,0.009813804858993396,-0.6272628605935863,2.176408008284628,4.8922434514376985,4.239383050251141,1.5591306957907702,-1.044066798467117,-0.9442168066560079,-3.4705034099505165,-1.673645929801283,2.7590477277898833,-3.456853842312921,2.3203840319292643,1.4131334377792493,3.749992978455671,-0.9737100436592382,0.3820418351941369,-3.1918162365891463,4.1790956683267115,1.6253939536341462,0.42021856881884345,-0.22433787424203408,2.171572720245148,-0.3308084036336283,0.3951417797415176,2.394844154882254,5.154264537067382,-2.028457931873293,-2.949418825957211
GLRHD0805,5.98279343657815,-5.207145287771906,11.794702061673869,-1.308164159453903,-2.7113362741255562,-0.007908255558611478,1.0494995733167858,0.6911618539308734,-3.900985313797553,-0.7449440928577471,1.3808024919883775,2.468702703436119,-0.763268537197464,-0.2706937095258537,-2.9546553849891075,2.549894000781846,0.4489349482576171,0.6401471028995405,0.24179162846196472,2.0852360659663263,-0.6064280012163886,-1.7316467257297672,3.602611943568473,-2.5494954614740384,-0.15569769438437445,-0.22908442386406705,-0.07183380540197894,-0.9838105854225772,0.43338632070722105,-0.9180270943822448,-0.547186737629892,0.9023575711823951,0.387624573550583,-1.8184798446550947,1.3046301481777558,-1.9598610317433591,2.5262281223052887,0.42259091040646946,-0.6331696069521882,-0.8861636809294892,-5.200149877923409,-0.9018591724436981,0.08562019026160039,-1.3718101953727946,2.8559405841375667,-0.07160833263863843,3.866439860199044,-1.6214669781060371,2.4607234610874107,-1.8875088233661477,-2.294799999054591,-3.1881450481893636,1.4533822310515683,1.848545303052799,0.11217620186420033,-1.4734256894685267,-1.5839156393754659,5.1868392392845335,3.181477098001698,-0.4400922608705931
GLRHD0519,-32.03375529068217,-5.104038455466929,-5.857072978680639,-2.9970371509629543,0.7705263075901804,-0.3165222549457408,-1.1142079804867466,-0.7686407388039649,0.2623534973079243,0.434680404038936,1.703208053468085,-0.2685532751040759,-4.630946737152673,2.9392797938616835,0.4610840207264549,1.8326093304296929,0.5928918696080306,1.435339378589471,0.1895677596467878,2.503317617826338,-1.2716261700622098,-2.010111615871612,0.924601562041984,-0.3843978356569038,-0.719055598944538,1.7343640689108344,-1.1174257611637346,0.8102373364508793,1.2259797527723881,-0.7646753871367469,0.961864050171039,-1.2716827722371522,2.2557303025751145,1.0718620023052665,-0.6175543766661873,-0.4015373425536773,-1.4758448804455175,-0.4738046717374047,2.047322218665467,1.5920261402476032,1.0987336575945215,0.45022795628156936,-0.2130572754409506,-0.4954634474868249,1.009443778243567,2.834955303604274,-1.8662501895427206,-0.45249761597599436,2.6409681168249093,-0.918815864777735,0.5119741684710356,-0.4314186769405465,-0.5304434230829178,-1.1172906518863797,1.6985133716101597,-0.5050291405306657,-0.04827022600361309,-0.6462808789371343,-1.1101231267661775,1.1844615975554806
GLRHD0812,26.439068624892425,6.530799341142243,-1.0867847391722611,-8.20860302941093,1.0679968877506032,1.894854056192391,-3.1552766557585805,0.9768798542955341,-7.4730303457468,-2.9628533235528964,1.2553503865224378,1.1306908717097608,-0.7725160152893181,4.235165775904915,1.662511483358085,-0.19443787760836778,-0.8693191333035403,-2.448248260503861,0.30027158438457857,0.4271335724431213,-0.5879302252763388,-0.6017683186434302,-2.530927761512951,-2.179008108513879,3.3901698184769464,-1.1996239391653003,-0.9888432869940098,-1.229241478364221,2.6317732211319007,2.6803657298352923,2.9607614658205295,1.2459348493996993,-1.2680285070921593,-2.025314724660095,-1.0321236152967108,-3.722786215241682,2.855145650084967,-3.5480429259911155,-0.312804333821451,1.5057514921532864,3.8827361559869598,6.373566790990735,0.589751597472135,-2.2504957177764924,0.36679830273243746,-1.5298626489852065,-2.6937489527566063,4.124245882775956,0.3519323168773914,-0.8899405957678554,-4.4361367041979705,0.7209779122807778,-0.04144905062106346,-2.211687643085252,-2.5278722025332843,0.9223486512005366,0.9763262795967894,-0.22106264547207616,2.222775274181706,3.7791325853455695
GLRHD0793,12.891179373881364,-1.9026739276969955,13.329189493126004,2.4868409878907056,-7.302808039671023,4.5995789862942145,-4.037876827800513,0.2913085664725027,-5.35986415227811,2.3675771757750956,0.5359742893306152,-2.3847239493097825,4.945016453808077,5.393909365423491,-0.2085111285858651,2.894660006029097,-4.079585803477035,-0.5240031183740942,-3.7735344796246393,-6.3620563555656835,-1.619586348454234,-0.29834862295564213,-0.9713137019753629,-2.6882815303170657,3.424462402890685,0.48128768864621446,-0.8229709605264272,0.2116374215978865,-1.9007179689673341,-2.1840532097486727,4.110962883119987,4.750493065142629,0.30594150312265506,-4.745819822410585,0.768623890064662,0.6363606438104376,2.2739560296993253,1.479816639780151,-0.7070073849497572,3.2895198238715015,2.8404009138354622,-3.4629038388591282,3.408335128560657,-0.30137616171612946,-2.018718560879054,-0.3852849785775659,-2.1842719802787327,-2.193151695372934,-0.46159375644376044,2.652423030950682,-2.5740782327200016,2.130011469858331,-6.078600437552146,0.7472465547817511,-0.05174703826779743,-0.012281869377373002,3.98067771471029,-1.331215738036477,0.6861790841317079,-5.21739250430748
GLRHD0651,29.119351004098117,-6.944237687685556,-5.375790900975355,6.503834179694118,-3.7287300041229092,4.662154125372632,-5.980829880265665,-0.5634540393691859,1.3723485759865843,3.706347599648159,-0.17112045100324397,-0.907930177056229,5.478372225275552,3.683904832918658,0.6929324841971649,-2.000515275989599,-0.5828744205511173,0.09130519331342186,-1.8039258980908248,3.32818810816797,2.063666088158645,-1.6046844879109563,1.2778856109186556,-2.0472368933835385,2.3387510762283568,1.6882906435839151,2.9034975179798117,-4.135579318969815,-0.7654243191210863,1.3036368037577342,1.2047921846786065,2.9292440376400237,0.8904080268971791,1.4328091891371093,-1.5436820383202707,-1.7012012550387594,4.159707838890516,0.055464807867740856,-2.2729128365739273,0.04802130054233227,1.2987850926251208,0.925331214218615,3.764792080960485,0.8559988765764055,4.47286746786855,-0.47834058660431367,-1.9265944122581546,-0.6752278112715829,6.733175704181762,-2.93789672178309,-3.1879740075034726,-0.3878183616044211,2.7410382237058,2.4756837182571183,0.2044366557204709,-1.0090874434082502,-1.7583373157651307,3.159500280264912,-0.1108318067862327,-6.045100088511583
GLRHD0157,14.190596118813493,1.77938299361668,2.8692156583091593,-0.6178617232138737,2.768093170781894,-5.018397549146998,3.4736590812979227,0.385982715422094,2.527031185417016,-3.7568193253970503,0.7214394816539961,-3.3726713262219636,2.2687602783446605,0.19776578051203242,-1.7575967567544784,0.7835902763647046,1.8710199912320988,-1.0741780645803984,-2.690888974950933,1.7752691271235124,0.024367416793002014,1.3026423539264071,-0.11616928227981266,3.050219895438926,-0.9193094000660358,-0.0014604715658105916,2.346109577470437,0.2982755284304166,0.3076645507103966,1.7261672748923356,0.07212786260790287,0.8203963871838639,1.5698413375768339,0.663929456785221,1.261087257180136,-0.9037420401777672,-0.21335700471772573,1.1702812928486528,0.2795622474071119,-1.7806601683251633,0.27453195045158835,2.3474461763509042,-1.1215692592931257,0.806760000110432,-4.83805226967036,-0.6676806630696542,0.3933067603758536,-0.48688067897383175,0.6901250965165828,-0.045842294786715185,-2.0532250513387758,-0.48142697361374653,1.9560255765285066,1.5305326208310432,-0.7290621229812988,-1.1083473029330941,-1.0341016348719263,-0.4184298137827635,0.9745234071530126,1.6283743032986469
GLRGC0163,20.275896451204282,3.6955328702463035,1.779475158553358,-5.004588842742255,5.44585126399149,3.415394261870856,-3.3955346244573987,1.477446727083488,-5.217459925710918,1.4207912416854505,-1.5980122835339188,2.010250157046746,-1.1136079373951189,-1.0526035217887308,1.1504381345306987,-4.1907475004462995,2.037979577444402,-1.3739803347961377,-1.118901765458663,-0.4567570225632633,-1.826339661104671,-0.46237396603608993,1.2857936057972719,2.3420919425292537,0.7202731813068937,-1.7002617403756968,0.3313050407877294,2.4629269544764987,-3.2458998872504456,-1.591365172199976,4.3977336395605855,-0.8436958033692956,1.0693870209647491,2.6625930291024207,-0.010317179850335072,-3.4161605497798626,0.12265242889419017,-2.4186533411943207,0.6713415621473519,0.7710833862039168,0.9264969643258136,-3.5487119438205506,-1.4643302872071742,-2.000006155919468,-0.30157744049050067,-1.355459016333833,0.8432997868542994,0.7886400724510206,1.471342704925908,-2.779428907336122,2.137949292297312,0.5169303840717672,-0.5950154361285019,1.2089616113309203,0.8814220726741196,2.132336215465357,-0.08452974548028447,0.03201595000766679,2.2461782486704664,-0.819440736960013
GLRGC0236,9.797200104150342,-4.428581040700825,-5.919234332039115,-12.692781587621553,2.8949474988503185,-2.58756466841362,2.969753483135123,-0.12218712027288431,-0.9514194883244588,-1.9082098278932835,-2.2731077973877016,1.426329149187855,-0.8306161924867889,0.40575179299983977,-1.4699211563769705,-1.092520562428453,1.5071779895777129,1.916853135052272,-1.1434133768659889,1.6066283191946777,-1.0336308968453083,-0.5068600308371832,-1.2894816940246572,2.416180057475137,1.1632097605358167,-0.6716535508930912,0.3843219521677101,2.1262996269338914,-0.42261401231686463,1.07337769266654,1.0444407030665894,-0.7132266724064635,0.03612598117127589,2.068804147526232,-0.22095559942877216,-3.591091912642937,-0.8497656658640732,-2.6223062668616524,0.4956806207513399,-1.8522994540304707,1.4743497917565425,-1.3259115967939648,-2.417670196059408,-0.12815339161121692,-0.11759799798453774,-0.41809569247668793,-0.6511702768788674,0.6099323369322224,-1.7981912539722824,-1.7945886188705966,0.2560838055090191,-0.6279278191590747,-1.0068569800197382,0.4846853469073133,-1.151131099079262,-0.04432264270785586,-0.9155601069899433,0.4708127122471971,-0.8579718198402798,-2.2229122101925607
GLRHD0391,22.980808361230803,7.43670274795685,1.8265814649914114,-1.6738730024699984,-1.9655890873849167,0.1531143318138157,-0.9424011762674965,0.09016129713215898,-0.45468101454810883,-1.4538904360459912,3.49598736293526,-2.226789528919468,0.9475840421709565,-2.3097170235875844,-2.8410983380634987,0.20299180113125462,-0.4187692710605646,1.0656230832402676,-0.33820544738881203,6.463958620673656,-0.5522425945141136,1.9418874098377386,-0.8547581707538144,6.449998397621448,2.6342673517033512,-0.3439779577187145,1.499531836805351,-0.9174023936982616,-5.4959011903584445,3.2153470936982727,2.620243262970279,0.8979899345539194,-0.6065946835945262,-3.4775731303189463,-1.712840218201127,-0.5842000835265002,-0.6325011296547967,-1.8673579301564438,3.710733848932505,-0.06220466363423012,-2.101797401903213,-1.898985118839444,6.2364670462569745,1.2595988645442875,4.531520508463079,1.8857109380217676,0.08981220700807674,-0.6502337563169005,-3.903454938009554,3.0583449535694576,-3.9506044025311375,1.8961910498868475,0.015308453928650117,2.6619637517807444,2.167608845561313,-2.8030835041894693,2.2866909720810806,-2.9791628131883727,-2.401108050940162,-1.56378229692919
GLRHD0411,-6.095574134388763,0.12441532729840175,0.6325119025488566,7.603279670578064,-0.7864311724184062,-3.888130224653439,0.9576268697289456,2.5826295485427138,4.231253138945311,0.460004483865694,0.7636807964604506,2.867640504289821,-4.414705880749098,1.6885418176849538,-2.309622827617829,-0.7225851700194231,0.1385815590307493,2.0323111019986,-1.319130893720699,2.3766189406330396,-0.49215331610833263,0.4426540316237234,-0.34864455152671425,-0.21427464016268172,0.43233642222902086,2.6248290430213412,-2.0704150802714656,1.109855298549986,0.3579224859262385,0.6252964473910471,2.884052409001857,1.7904233077483194,1.2487863555077046,1.5079789057904887,0.34011588064974657,0.014514980549882876,0.7974966333641045,-1.8371077170214345,0.2078659865811529,1.3395931231034939,-1.1483332518249822,0.9579033828333787,-0.6041126682299657,-0.0719055380542116,1.1642768563575394,0.03314809956477099,-0.27209878531181336,-1.5195175306576811,1.2844123456146286,0.6779367680048558,-5.530898559001916,-0.020207864396289972,0.13595937231389854,-0.43769504993749964,1.067764662183246,-0.5390309050396946,2.5131525499361462,2.337031487340877,1.342449721106034,-1.4616901585278708
GLRGC0224,-12.193769664083595,1.8280838307327556,-2.049922333690964,-0.37384063510073545,-6.288591565401742,-0.5320653293219466,-1.310952399776239,-1.7272776481924692,5.338062304261423,0.6048849570435193,-1.9333548080595733,-0.10971791089074845,2.334730697093083,-0.7805328085389802,-2.2889071413359408,-1.3291556765988048,-2.6440939351236326,5.90830855639805,0.33736681167170907,0.3773852596489962,2.0868711333305567,0.8323145636946924,-0.036934548463556025,-1.1149290970671648,-1.4778602961765648,4.563719546151487,4.160111549717187,-1.8322941443757716,0.9542443505148356,-4.202244904108563,2.5676692826273007,-3.5332549085691785,2.230208066594082,1.8584242189170825,-1.7485423835839327,-1.1447424889321447,0.7259886227862247,1.2204390597719452,-0.31930785215631413,4.235587011642909,-1.380283784622456,3.6910920899717334,0.012338551498980475,-0.09989893352649881,-2.9100033015334534,-0.019651299581704595,-1.524418694844339,-0.4547770461557253,-2.27656611304598,2.8608902085756345,-1.8462160174300704,-0.305663254097867,0.30771514297223673,2.068359927496253,3.0903678818064426,-1.3203484165771562,2.3950052523412513,0.36382051099846596,3.643240822064009,0.3168360224465773
GLRHD0088,2.2823008704469934,-7.348764296467582,-0.9109425413411011,-0.505930306823456,0.08329147843114149,-6.55187532544653,3.341485595923235,-3.571591860138715,-0.7423566175006617,-0.2388419887543254,-2.7767718271196387,-0.15082266320919524,1.4517943012290389,0.7436872076905452,-3.005421161043415,-2.5574144000750025,-1.8500271426293375,0.20876449656690846,1.6082572057233135,-1.4450520013324155,-0.07996448775802838,-2.848113390759603,0.31464320957969005,0.25264629475036293,-2.450877781826138,3.766623130380157,-2.058120094531081,-2.5144005027590204,2.3391829789387506,3.694516754181931,-2.0886988511273517,3.793826351582388,-0.6736579048295775,3.9344315056131847,-4.075622407136644,-3.4882745502064845,2.7156465162953216,1.3414369350740702,1.1472843831929234,-5.801991296601788,-2.6867604405267898,0.20103179223826703,-0.42280347956403747,0.7939888790973801,0.6479857395577674,3.5175653576318893,-3.9206204208695583,2.632366534206558,0.530726379739151,-1.085411797533362,3.243257263512437,-0.10567892808075152,-3.1127533609950215,-1.8703901926933881,1.5473701445701196,1.427613135934345,1.347239492494975,0.5741371862602066,0.03544919362600026,-2.8140808739693584
GLRGC0050,-28.942212536613823,-4.028995369011721,-1.1949309061464157,7.546399015394136,-0.38199777157541304,-1.1554498265416577,0.5324704464605838,-5.735669754399836,1.0232013235321706,1.2892796709331382,0.9927701713396923,-2.007593384698879,0.11338920970509594,0.5759886698389947,-2.975588769585998,1.034701692418176,-0.22326227981587976,2.5825118681899686,0.672995932504246,-1.4432132153156723,-2.2524900672208887,1.0185815196651347,-0.21040631641964685,0.6490276806090076,-1.924509376390704,0.23384608761704354,-0.11127525498466607,-1.4533162261710444,0.3851315410540213,1.1512225009696784,-0.6604834696037142,1.5866137421669746,1.7743792157389104,-1.274571624391789,0.31522778145867797,1.6076091414151816,0.32524461879237393,1.2768982177855617,0.2574443855047395,-0.6999312254868286,0.6669617223164157,-0.8927522003393091,0.04984194075415113,1.694843150368979,1.8143478920807339,-1.4456408161692902,-3.591012777520129,0.7822627716087094,-0.5162775937704329,-0.15580373721697519,-0.5652873945118636,1.6091476239216689,0.36629584798218096,-0.8867122323279845,2.112183666055852,0.8953043841869562,-2.7154912021004316,2.4117195833068705,3.5848029505343155,0.9700136450769283
GLRHD0713,-4.437607714998405,5.514048885300849,3.3878750492009773,1.810573508683187,4.9005872873964496,-2.8561864597050355,5.209354525346238,1.838474445977509,1.044240491820006,-1.4015187662030286,3.764374610172678,-3.762908375730535,0.17351000113668383,-0.5369190928472425,-0.4020801662739454,-0.29948073039299494,-0.6627644279401532,-0.15373104561540002,-0.39020824704322593,-0.08611815713134831,1.8460422192615649,-1.1153468143017613,-1.2246476457231656,0.2744701033640233,-1.6113022452226895,-0.4706283393896502,0.017435658322006307,0.5496260743143706,0.6251042333764381,1.7213250971276857,1.5973524691602634,0.6277280089605236,-1.363910669188729,-3.47747390359936,-4.069122375376203,-2.140503532071268,0.3643348108178418,2.326986541776955,1.1558333741136595,1.5560897616302924,0.7929010438021232,1.0427613888546228,-1.8157467305334665,-3.9902479040407743,2.0073982547653872,1.9557646929797636,-0.6564351518076086,0.7540877794865372,0.728449373631627,-0.2257374241273868,0.5784534204149863,-2.9380109516520365,2.008854018675092,0.29949985503029875,2.3288197097241747,0.23940840160687865,-0.8333609106506358,-1.0028098340080185,0.8359557987948762,-0.5780775643257121
GLRGC0184,-14.841516685887358,-1.24370845452499,-0.17290344589770903,-2.2219543126022794,0.0031364209984203195,-0.9791633840947973,0.5194203145754692,2.411610784441593,0.3599524629326,-0.010691741329847102,-3.6097424560913782,1.898773494278985,-0.6354171665084144,2.049890058007127,2.447518229227888,0.03234830147931326,-0.8274629726657792,0.4704721414214413,-0.9702941582640707,-2.215034339335303,1.8814830751590896,1.464646028940919,-0.8479152561518729,2.1552868167038928,-0.9143100456665713,0.5259604659963845,0.2434373462295195,-0.5687271683576536,-1.675935021316237,-1.1311475060630054,1.1822677194430224,-0.6191527771202329,1.3090799633340853,0.48909006451526643,0.1443406996577419,0.5442395308033098,-1.5867773723403544,-0.37834485123477835,-1.4282827682048267,-2.6855582107079257,-0.7958348926626314,-0.012234187782814772,1.6482249874474706,2.2945718690624965,-0.533364095542439,0.8139331286481885,0.1424787504666491,0.12962796134687582,0.4893315391833722,-1.1545223505196212,-0.2172085715218555,1.0733681508132753,0.996720658421012,-1.3184406570420149,-0.8127865200440384,-1.9836406196709244,1.6475811168390524,1.7281981865703786,2.7640664224140656,-0.7070475624119135
GLRGC0223,-12.397829656012817,-6.046815409970089,9.074949147104109,-1.868643685430356,0.8074597733045502,4.291272545828311,-2.418279045417855,-0.7539371548905823,-0.35653408364553846,3.010349441767624,-3.149343732204022,3.0350925034191905,-0.6026557456908925,-0.95245509000671,0.8074177402205007,-2.5934248299629026,-0.909156015164069,0.1798586751273975,0.3193543991837525,-1.0250883364504588,0.5599943761869907,-0.8647338398780092,-1.2155879276474435,-2.2310719698582804,1.4874432232288084,-0.13635883993920558,-1.6256970083549385,0.7755374672738296,0.6083791174544104,3.1282099719879963,-0.33967088343174623,-1.1909328027466244,-1.187275283981147,0.5661261378597493,-1.5444457419524724,-3.068137379595979,-0.5280960397980096,-0.4326237218633174,3.214085289338199,0.2943010074570989,2.2937414421336317,-0.5854826282783457,-1.0788799359816976,-1.9439680342159669,1.3666203865485198,-1.5644311961142714,-0.20332871211608644,-0.9947032455249203,1.7209199697248123,-0.11944904491041805,-0.8726926221325267,1.3888839819600722,0.27805920938273376,-1.1492145767666628,0.8991493279291691,0.9143258505566071,0.5565493823011795,-0.2376910376861123,0.16024627277126544,1.9380997189969522
