seqID,PC1,PC2,PC3,PC4,PC5,PC6,PC7,PC8,PC9,PC10,PC11,PC12,PC13,PC14,PC15,PC16,PC17,PC18,PC19,PC20,PC21,PC22,PC23,PC24,PC25,PC26,PC27,PC28,PC29,PC30,PC31,PC32,PC33,PC34,PC35,PC36,PC37,PC38,PC39,PC40,PC41,PC42,PC43,PC44,PC45,PC46,PC47,PC48,PC49,PC50
GLRGC0100,-11.465205828031285,8.32084951000797,0.5130565982687472,-1.2492686442156657,0.4050579937575519,-0.8754412287957999,-1.8303959427551462,-0.8230139139352475,-1.2623704638674378,1.4145762429429554,0.3522436625934533,0.6926342784248283,0.34983827345837176,0.9808779992914983,1.0685486522665657,-1.3012170169141728,0.0051954016861020715,1.3672363636741467,-1.4715350672072132,1.1220901622283161,-0.5675442761459836,2.19183925180614,1.0881581622814775,0.28180909173928587,0.8342254545173342,-0.05746501311789263,0.9536589392750369,1.1800223927511109,-1.0772876204180006,-2.209360344203583,-2.137807221589483,0.4972562441812865,-1.1210903505127232,0.2837877575391663,-0.14695525196202888,0.17191956334165992,0.7866459471046481,-1.155283462832692,3.0338358265040286,-1.688327054036943,0.25333718413434625,0.12837054725773964,1.3692492519059913,1.8936752081599675,-0.3202347895842588,0.7061990577199981,0.49842694587901376,1.8074797652627328,0.45695273900362404,3.6992557903030696
GLRGC0127,-22.39627462069452,-4.170892551560431,-1.6766746165503246,-4.138392797276607,2.0040742958864253,3.771695788491677,1.5497069208393914,-4.15958112260823,-5.822157788426659,0.21230679954151985,1.9616237906428493,3.729796956685822,-0.006054340704145751,1.3143345808725861,-0.466780689837157,-0.8267633615188013,-0.51740355617034,-0.5615769730128951,-0.3947023837865887,0.239267420052558,1.1814659114699688,2.3146634677800764,-1.1179238024683562,0.3933907682755332,-1.4576039542574333,2.1360583966803457,-2.2624995154233307,2.517099007028389,0.6626385946755364,0.5674631259781443,-3.607350343502497,-0.07830517004602318,-1.5938032346037652,-0.11349555251264055,2.306834471742132,2.4134066763055615,-2.1732627863213065,1.915570904802695,1.6958502328325324,-0.38614833172829954,1.5363076014000245,2.4598814368714654,-3.6842561039301516,-0.3281847050897412,-0.10582972516487754,0.595698538151374,1.234722140761687,-1.5137517951644164,1.3802912125955993,0.6108307814839263
GLRGC0260,13.795828958685783,13.362396498802475,8.17262700480193,-5.102615985884415,1.3024877582589507,3.9142088586795563,2.875582739888807,-4.511893784855146,-1.6645553453419912,-3.7243043846877444,1.2661824795834742,-0.490448214248946,-1.8930102026876854,0.5521414089256002,-0.8374071191856038,-0.344475314964439,1.6426111751045742,-3.897474300549939,1.5106485156057932,-0.44539491977045653,0.10263715265485651,-3.7882170935211525,2.7994635656292597,0.4035244857287305,-1.7571048584280116,-3.7189114934771053,0.7343843135663761,-0.5706864492650133,-1.244827290981109,-0.9527396793111313,2.9929672135457617,-3.552071376337761,2.3875363224603006,2.1299442931866066,1.4198205564183504,2.0049342989534815,-0.8851338714194625,-0.4191164728657187,-0.19398499012903297,0.3899465618070512,-0.37552806556313056,3.2254128737965044,1.456345865632336,2.01492246497159,-1.8217748973032244,-0.8308379175526903,-2.41050866298235,0.5271960611944948,-1.1293110022986148,0.9933173745243037
GLRHD0746,-14.24158120876052,0.5317532677093548,-2.0522537346688345,5.706918415949739,-3.0181654398137914,-3.948212894685781,2.8893110802911317,0.554547959417543,-0.5557049517829694,2.435968333080384,-0.6999223842216017,2.227704050086064,-2.8130967998761016,0.09592447010404687,1.4503562059581363,0.8766238914116795,0.7806138447910265,2.2417091694918514,0.015808226790276998,2.582970963836359,4.076944195044942,2.801906919105246,0.4174878474367292,-2.632106759157202,1.4832830520657545,-0.7078360495117748,2.0266554711012215,0.3272013582884253,-1.4862109515649975,0.196522966496509,0.026340312319477175,-1.6781545669738855,0.8159795302913254,-1.3464361219085186,-3.77436586198446,2.417561238493156,1.3269571419199404,-0.5401693241807288,1.640251311998255,-2.0155751632556624,-2.3583022534452636,-2.670639220830581,1.5407358415575483,-2.877390759003041,-1.3804681162847128,-4.22531609964909,0.14512142860918043,-0.2511104812670935,3.0837301153354844,-1.1428962635821867
GLRGC0122,-25.767234455025665,-6.189529657719575,-5.372446752647968,-1.6365702245866771,-0.4279439420827921,3.758071116140221,-1.7064030256701002,-0.800363385740221,3.169046785608227,1.5466916627848675,0.6940568492653963,-0.5767684067075798,2.3543089131860278,0.5511355620624804,-0.12813009774931164,1.3711793007718283,-2.6213455676653665,1.384866504689349,0.2815689723844241,2.9349778368625614,1.379977595318627,0.9486732896902137,-1.8014370220880132,0.3320883730506529,-3.542339490335052,-3.458643825755067,-1.3416120750866487,5.099394140336108,2.557683476309771,0.5173877888857177,3.610011743193331,-2.2720418784503034,0.7512191579465698,1.2674344336256735,-1.1566287066869034,1.8102289576775563,0.30123712838665895,-1.4609093120593846,-0.33368125841858626,-2.540434269767195,1.9769916657014228,0.29198212363772724,-2.2917592747166267,2.41653994936794,-2.774217464669638,-4.054641385803928,-0.9566296358714448,-1.8660779730135142,-2.763440637210828,0.2888026225151303
GLRHD0790,-3.8831693767986297,-0.6276246899455875,-5.944228310926781,0.7807245105019133,-2.660028813438505,-1.499524939986341,1.5546684373328257,1.0420111914172832,0.5886312315565088,-0.49320138964016735,0.7725607557897122,1.7421579111286685,-1.621790695153643,-1.402836310526266,-0.27328574818632734,-1.546326529318427,0.6365553506716046,-1.1697704829327067,-1.1531960453234533,-2.5376478837101573,-0.7464822274733557,2.0214964805118023,-3.836202069265426,-0.2941351051395638,1.1413079927568603,-2.2392086297003613,-0.4070593119340184,-0.14926364661774796,-1.3740781842046328,1.092737646655264,3.596958941253423,1.5347926707607473,0.9568544521886406,-1.9837806224868038,-0.9369427413288721,-0.9521742149335011,-0.11750535588687798,-0.9759433046965348,-0.07149441095774163,2.0074039525861647,-0.037631065021047294,-1.2353221616409087,-0.7742051690724461,0.7117944113587323,1.3500168102384815,-3.8617270816757605,-1.1731134549391715,0.7288929935580553,1.0333106182007816,3.015465975788068
GLRGC0256,-7.543266757977645,3.7543345953428524,0.07662985635344272,-4.566466530035677,-1.8911147801046162,-1.3560911408083003,-3.5002885909885926,-2.149847926830576,-1.317345308131435,-0.7082749142553965,-2.178721716890076,-0.3069957899843465,0.2970773571016706,0.6150185902206914,1.2154197191200664,0.10026073557516456,-2.0254386835423217,-1.0743298546827826,-2.61627035586423,6.917704790443517,1.0249866205797473,0.8985623952726806,0.19178562524806322,1.4431498198907444,-2.2346696917636564,2.003226820177468,-2.8276403993061505,-1.4549294948266636,-2.0460083134423193,1.5945488510328698,1.0938570485495966,-1.0735718689560627,-3.0112396661872283,-0.21212620207707097,-1.6758425571159297,-2.471662239694715,2.736518818399801,-1.1872715255064632,-4.354290729480601,-1.0412748035936088,2.6394717883299803,-1.0781912972109198,-3.587614544705479,-1.3436216683468758,1.5907424015518912,-0.43913776158837053,-2.5180672170749117,-3.7755876258879244,-1.4221844692258538,1.7280967218522911
GLRGC0274,5.446258364352588,-2.2735017936938084,-1.3188076758153613,3.7859953172342227,-1.9775620352012773,0.9278010572744898,-1.41020720467753,-3.0035460891373766,-1.0486284529714525,1.2394297621244403,2.0068598286518204,0.8873529478535447,-1.286395716575375,-0.9292526589184973,0.8376233098782363,0.37409230619837097,2.641271521272602,-0.8797479975679801,0.7544458104868733,-0.6525312351593634,-0.5000652267120791,-0.3185225204630601,-0.12277302329795559,-0.026764699032931025,0.29183792393291147,-1.558913459920121,-1.1697757051280513,0.7566570360509343,-2.091310991082749,0.4718685567944055,0.6468822754748376,0.3898243571920214,1.4414792509602208,0.6865014150723607,-0.48079296492841744,3.4778322625427394,0.9678455464880834,-2.3876339672946787,-0.015710536018575062,1.1486030530652827,0.6389663335658857,-2.4096252555621236,-0.05478880862251729,0.5700316656423461,-1.096230110199715,0.4237475407623855,-1.881959417512986,1.855227504103962,0.6188594115417448,-1.5439377256862084
GLRGC0017,-17.25478190422929,2.3832757470347037,-4.236100720876853,-1.6035103771720056,2.1923531051033516,-1.6708075706423946,0.30195284114862186,0.4480031692499268,3.884523477933499,1.2527226588560234,0.008317248201642388,0.44715575527949486,-1.3781473530333297,2.3124505551979895,-0.7062169192895956,-0.24033478388791313,1.6923251491676972,-1.7464928620981026,0.7676966081454998,-1.301368607869066,-0.981116208863652,-2.122891290022021,0.3809947326907278,1.162694420288907,0.26043279030612565,-2.377406780133747,-2.608179293451759,-0.17413202254315832,1.2182376131483248,-1.3124046281141084,2.3637284675256036,1.4240200192173103,-0.6451250581805382,-0.7106260007404263,3.377547084227063,1.6667000914659056,0.08027650387450387,-1.1867934186794864,1.397309882543872,-2.3433367176088367,0.028217240722025742,-0.9553923118201617,-1.5341535894962326,-1.0242591506292964,0.5949379244025396,1.093437196958191,1.1728002684823118,-0.07949671450513335,-3.289409832464789,1.8595396425774193
GLRGC0165,2.5401931949633596,1.5804957024158208,1.8439990838306217,-4.103164234265453,-2.5285764360308884,-2.6592011621969154,-2.2544001958211117,1.893971241369669,0.027772536629135584,0.941423036661962,-0.09744690261933643,-0.26093147329599664,1.2035024797593274,0.786792834163273,-3.5186228379413276,-0.8234204489254535,-0.6770073708774239,0.021469960741876258,0.4916040195043375,-0.9878929025377207,-0.07145375820219789,0.05157942936733473,-0.9933735602678745,0.5926182564392816,-1.4052091441707133,-3.0090352203584607,1.4256625038623945,-1.1639778748052254,-0.6306830692982986,-1.5358584481924469,-0.7369917105956239,-0.8500149487460028,1.0668948058435281,-1.6100444862983887,0.8472920252230457,-1.749176245287359,0.5677801587508996,3.4268901263173888,0.8227138076883898,-0.718130482499786,1.6663117234868057,0.30852530942962897,-0.2937784784067031,-1.15944666539768,-1.1471243273156475,-0.8589079861677641,1.7819445162588359,1.2035803247890886,2.471184510181759,0.8400093066360155
GLRGC0353,28.20860616371914,11.357159619243086,6.409398668702618,-6.396227142236307,3.9112640505977194,3.7756618247694,2.1851278391987665,0.46695429234140096,-7.891706093826143,-1.0962828918969438,-0.3824702110422437,5.585621537127942,1.7924963644694694,12.500390979992392,-1.1562698065536752,6.6771150002787785,8.425198357491059,17.92157366929931,-7.044138609762546,-1.0099878925607966,2.691441899994495,6.953134879586904,9.090286589556325,-5.583924868590236,1.5469141472360468,3.6216423950924472,0.23121979638634862,-0.16117797206032614,-0.057569695911164565,3.3056349560871756,3.7418135714143124,4.504255117340975,-4.558947324962161,0.7336610942921895,7.218813542338519,5.4902017778769565,2.798001998454893,2.257906105762134,-3.419535665550093,1.8096298140408618,1.551005571671216,-0.7641088977664992,2.0295217598421904,2.6735738587313884,-1.0447060058165218,-1.5611589509673098,0.27415018099504884,-0.7637265453928311,2.918506525399829,0.03523637422185278
GLRGC0292,-11.177625575061848,10.20493090572999,1.897527321798873,-1.9429606217871584,0.9734934921771043,-1.8316534936071436,-2.410307237956357,-0.48687570100769534,2.3883865465931455,2.347972299779286,2.302053809541922,0.4165875738636529,0.396629458676997,0.01215018632126807,-2.2757679340762573,-2.02543317754697,-1.8704917342786773,-0.8470207117381808,-2.8051741494792384,-1.5035589931291413,-2.2230602200119547,-0.7121337858106759,-1.0997539202052387,2.6328431138206576,-2.877908193117929,-0.43151661920362144,0.5325467614748759,-0.9234877171359592,-2.8381116338572787,-1.341787616473559,-1.6244250788746277,0.30452379376627636,-2.4908552229816014,0.6290286954975153,-0.7676167015892165,1.6748225269095518,-0.9959747424484554,2.373079388076275,-0.10951763110962291,-1.3915364322252175,-0.6654541672321902,-3.838390294737472,0.29882966806320643,-1.0286219650989625,-0.12382662240004608,-0.5464136783555846,2.1809120630498793,0.5588667732912909,-0.2313118845822873,2.76391355178652
GLRGC0354,-0.6490419501755722,4.245428968778695,-0.685156698226748,-0.16597760087008817,-2.028097064722901,0.22721266484513683,1.0276514527961937,1.7270558432578627,-3.557143952545367,0.9864283402411731,2.4340535691544187,-0.016416829432029344,0.996686856739284,-2.050584934174874,2.3987920163813796,0.3577212724398743,-0.36441076047507603,0.4466977932542896,0.08370105456822248,-0.6505500147537463,-1.4815072088083343,1.8293233081124098,0.933715171095074,3.74743434416787,0.28713941509546115,-0.7119439603600319,0.9645609166984889,0.20633124774025888,-0.6432585697832249,-1.7323810982819394,-0.9818803025347517,0.8153602911705277,-1.4883125649572846,1.4491988694715114,-0.6540307622147221,1.290446675696255,-2.2085265525582036,2.007052985209589,1.407098772337478,1.4056877493739468,-1.044091750226304,1.1365551441001898,-0.03901141617860504,-1.5522045637149493,0.8828294856035548,1.148522840716574,-0.372226364981678,0.3773403021942105,0.8861286186017946,-2.0554862327136734
GLRGC0240,2.9118788045023267,2.804487960393588,-2.6412672243765347,-2.0715624608709025,0.3085564442223375,0.22420788023018923,0.5591110264872002,1.834997895614659,0.6150726084927955,0.6594514541110236,0.5870562442853728,-0.7589903552174923,1.5116383117308787,-0.024074848217185984,-1.2465025803027252,0.2746009663410703,2.5126746121080354,0.11036672297679621,1.2111289759747432,0.2319480100212495,-2.236202744215422,0.8023705023145491,0.29456508432722833,0.5625059385574294,0.4193202558385945,2.0530497259438176,-0.06314833081794904,-0.1558020997600233,0.2425876502521064,1.1961765499155623,0.6635808450981103,-2.1707351055875317,-1.6378462314785296,-1.5931621416312909,0.9558216120167194,-0.4604691002032087,-0.8435350289499485,1.997885681244636,0.5740652313575453,0.9347117221764607,1.8804122915624841,0.5425478272845266,-0.18567893818143144,0.7296852071480829,0.7642325622190682,0.36464033376656174,0.5891408698191858,-1.621363351890015,0.24878961729807647,-2.338124568748919
GLRGC0310,-9.724649804401777,-6.760232512791108,-2.5614060590382435,-2.147822781965924,0.76720588064203,3.215916358763517,1.1111981174777503,-0.15118945756130012,1.8793546357103532,-0.6200097226758219,0.2809824980474968,-4.364697142956938,-0.5757089581334363,0.4870202231525578,1.5170689842040366,0.2115710163012685,1.9878651909572003,0.9792456556065927,2.7095539973178377,-0.37761495565974795,1.797423314946648,-5.875829931300728,-2.423469724679438,1.7314751992626825,0.47501312335697315,1.1768721473300154,1.5718265389434258,3.4736694264405723,1.139746052442264,0.8982214127570866,0.28275820649901867,2.693659783367598,-4.676586706399707,4.838179272136261,1.120585068145169,-0.347580647652201,2.027310069390941,0.46743301771481066,-2.4656341820305596,-0.8512640927436791,0.08783493881127671,0.93142601634477,0.3952673646052816,1.2187195598907241,4.232977406476994,-3.108517347890555,2.5425987542195916,-0.7151102119808984,5.456847448338681,0.9955080644467275
GLRHD0816,2.6734268907098144,3.386269202822656,-0.9606027697162045,-0.4980526317343864,0.5543701482012515,0.6376019753739949,-0.3205428328952759,0.1318758720288618,1.8185881821645005,1.2908072429410484,-0.8260625440963566,0.42834799122253614,1.136524399143301,-1.0700677325126124,-0.3833244047144105,-2.0099584859176542,-0.28634468041230854,1.3464802810581367,2.007913643448178,0.6284589171789261,0.6187296559659062,-0.870139566539857,-3.372219274204498,1.0096570128701854,-1.4301409916167953,-2.9538291027399284,-2.5512506767939342,-1.1701536141125257,-0.9159543092744985,1.1454935764062673,0.10825056303249087,-0.3092204890134803,-3.4379304547568355,-2.0218691681551064,-0.8941986952954709,-1.4218377904153154,0.6246649688921659,-0.018953246560094197,0.12520695332881976,1.616200946112254,-1.155830578789041,1.5497755358606005,-0.6812323688877546,0.6406006806331315,-0.5702588646944754,-0.08730377178513885,-1.6521135103039652,0.1848301116087523,2.3078304894191444,0.23541459068669718
GLRGC0175,7.391925365414904,-2.23102274401941,-0.7516567833001191,1.5889066870759958,5.7188194241915795,4.264340909772043,-5.746135985019251,0.11751767939683419,0.5375546335577226,2.6283541483128015,-3.5737390454311773,-1.5029664130498923,1.9205413975839485,-0.4443625845787581,-6.29991072780349,0.6086614096555597,2.304495814548007,-2.272571263554554,3.138282164592737,1.6538743441607733,-0.11400192626244769,1.7541752960348205,-2.5036762182976533,-0.10263879551320056,0.8212597448389078,-0.5494439225631648,-1.1072315028642368,-0.35598996967631974,1.2585850634258182,1.0601764169073287,-0.6979326021564606,-0.9592726513864458,0.6086261349028043,0.11448388340173803,-1.0933674813506442,0.1333171969027848,-3.129219938061677,-2.2502065892288847,0.8958547533213409,0.789787872029973,-1.9500288406730228,-0.08997528885005855,3.3833343365482658,-2.343974382136197,-0.9652475850751817,-1.1481753270677288,-1.9706696349603285,-0.5920533372171,4.033172805076272,-0.3503626665422419
GLRHD0688,12.714033226262561,-0.3698578602896446,0.5451500277366048,3.4932333523568966,-0.4974330273022857,5.079271565216576,-0.6274617585357023,0.9153532692865993,1.1331567822425035,-0.9930206180349223,-3.6945285140085597,-0.9652445178997935,-0.48175114261997276,-1.764129690715321,1.6931341222516305,-0.9667533503194711,5.6519777206424715,-1.9767421752437768,-0.7616739395235932,0.27790716882967903,-0.5522891779847086,-2.2721000623340983,-0.9687643591275776,0.6426696160829782,1.2557260471188252,-0.4343578180599293,-0.9555695098354723,-0.049490874259621204,4.012425579507652,-1.432803185466463,4.08329898212538,-2.535574174020373,-1.0666663972917796,4.947269387742833,2.6217071337681515,-2.878425027363348,-0.8884066883228893,-1.2756499710736238,-6.478686451178905,1.181502986428588,4.364911381159007,2.1718412291792446,0.3130728939382141,0.1346705864602964,4.260577398528372,0.23279387631909704,-3.6620300327242794,2.1828287317130624,1.2446282311065935,-3.2595899939473183
GLRGC0072,-2.9242338261949152,1.7123335325910565,0.7415287737244728,-1.6788982462405995,2.612638338769522,1.4031900588440345,-0.060696038460701145,2.44578263020242,0.5127967108477254,-3.086901353697359,0.31016231770757796,-1.9597597808797838,-1.4540427024172833,0.03256018960880905,-2.3868117046133923,-0.43642792385165213,1.3117104897712797,-1.3872026208029828,-1.7287352126086062,-1.0162855341004138,2.517121269150459,0.33906653013936905,1.6473106633780445,1.9160316568801785,0.25798597312406496,-1.6317988214238994,-0.3760882082582832,0.02706995225723559,0.2818788460125707,0.4426085251971447,0.2990847095974748,-1.4455611106265962,-0.5176506441434555,1.9735377709348536,0.055213514609040025,-2.1854490482285365,1.9904491597657936,-1.048378106570956,-0.6833597175385603,-0.6227214057365378,0.8063014189342705,-3.468374376577864,-1.009986860729996,1.6145896231897847,-2.618986622529664,-2.4841152934300643,-0.2912260411229126,2.919876169521055,-1.0123196643879837,-4.410337045922333
GLRGC0217,-0.8573039137572481,0.9338752163595376,-4.892904603622486,-0.9729164257203068,-2.5470592803570096,0.9102405249932162,-3.5032406932615956,-0.10398483090466992,-1.0345974066167722,-1.713825134069186,0.07267914240320535,-0.15064721988104543,-2.765146054388251,1.1128112135612678,0.5752327753401707,0.5000675323718451,0.8398526142927549,-0.4995768142208011,0.3498442517717263,0.3210966799227871,0.5902386191987754,-2.3450385064288284,0.04924926559915164,0.592051181420452,-0.9452002976563313,-0.8173856992085781,-2.2226815090636487,1.8841321632871328,-1.0143934257928797,0.16876558127206093,-0.65930364581201,1.0323643986865818,0.011939513846832504,-0.4163910344634086,-1.4676482794696073,0.5724646482227446,0.5890012308820294,-0.010689584768508006,0.14079425550392066,-0.7925982786555706,-0.26027826338431265,-0.16423737575546254,-0.8255257547000927,0.41014825900737606,2.1139462529783914,-0.25171309567517075,0.5384243095245391,2.7525555479877584,0.5120302426048676,0.562787901360104
GLRHD0826,-0.04367386552908556,-12.672710322504956,-1.4277534614995067,-1.2330573952663548,1.2914812583018638,4.467361278916214,1.6765431941153244,0.8700476021556081,0.7995730264806146,-1.1538293420504038,-4.299283348582943,2.0919085541949936,1.2942101572281213,-3.318849361093611,1.2291521625846678,0.7147021625426,2.113849849434225,2.8725680220237857,0.7927949155218657,-2.542808487135023,-2.4343215399273235,0.9087334125559271,1.2401321809190795,1.5763793464022922,2.3856917810295024,0.4146304790623262,0.6566398876691124,1.557652016617783,-4.808827397384462,2.4199368927284985,-1.204924185180084,-0.9677685827406441,-3.574289711552253,-1.7447590161841846,1.687954305853743,-1.5932814635217436,0.13762994946770876,0.4299270386789011,2.219469791087036,1.3363448541472343,2.1977028674329477,-0.6799175231647931,-2.031509329297784,-1.4736389551924287,-0.5802045578773775,2.1097407731654148,2.337046551370822,0.7883209804838271,-0.885512703901839,3.7488612145734277
GLRHD0396,5.984084568954154,-5.173958508208126,1.663858740033058,3.0047994774875666,-1.9616973474169561,-2.1858071514496604,-0.13787338590126197,3.264932290270994,0.4307893850172409,-2.190617181687046,-0.8178213275635572,2.160276018239588,-0.3617129707120787,-3.087612925563313,-0.978314017543081,0.31754280218254394,-0.2832253685565314,1.176084240227703,2.539873248133264,2.265178897391308,-1.2408146028388998,-1.7245961224797148,0.19524563209023793,-0.21791716940656405,3.1706704891129456,-0.516060255883007,-1.5630360654853779,0.19204950796179243,1.6079408945469915,-1.0431340911899167,0.04225572837564248,-1.4893941435537552,-0.5822196674924046,-2.6432713108810186,3.6552167282734644,-1.0915763314455922,-0.4731005942342818,-1.738621848744081,3.1594146993965313,1.337569147270856,-0.41837320197882694,1.673187433653208,-1.0004115784575265,3.3944001962349843,-3.0302265268285526,3.253623224995979,-2.777928663708374,-2.003698685677428,1.6869864380490978,-0.23424941611736677
GLRGC0126,5.009799004616115,-1.7216396744814977,-1.3278380639237473,-0.420947958507492,-2.047923603518224,0.9638704978964009,-0.05279645808137618,-0.8240182713711459,0.3825096622884014,-1.9158394902222848,0.6906196297012568,-2.4940080030000775,-1.4343843791385062,0.09528024865014395,-0.963461705875634,1.6226428836153102,0.13039009609048102,-0.755409126623263,-0.37884829795987895,-1.2733315721733365,0.2238517389637361,-0.33825935316037903,-0.8112929500696859,-1.3041750834610009,0.9389841276068496,-0.5618881841867375,1.8887047772039738,0.2150976428753742,-1.789906115185137,-1.9169342227100103,-0.42186023097357933,1.355239499146524,0.7475215484400474,0.16479145881718937,0.5045019086653485,-0.8933006406067165,-0.3968364467999225,1.3826855427793459,-1.7849769074665836,1.2530065790728946,0.9569318325268635,-1.2516323914311316,-0.7616450004202004,0.4880382905688238,-1.0397601802819139,-0.2619217255852526,-0.1957152469259117,1.5662750261525062,1.93009110247781,0.2733917274988484
GLRHD0061,-9.08181956111285,-5.043481544187036,4.154760596883897,7.794584414722573,6.3152073622717255,-4.43407696865698,-2.823475220737116,1.30758924551444,-3.576070922227647,-5.282797445477127,2.5875426092657383,-2.422775832206703,-1.122354591181832,-1.5378557041829704,-0.5597225435541882,0.33476126936901957,1.2154976472954808,-0.24451685084916425,0.3885316006662474,2.514169053159044,-5.068952003210981,4.130124427738185,3.6506510666377405,2.894469699855598,1.8831580684990537,2.824724641936128,1.7291516090044081,-2.8419510261456296,-0.3557614577039476,1.3287785152220677,-2.9676747890279436,0.3359710434522616,-5.830119013674111,-1.7541802841520358,-2.04902738970695,-2.3264774682107934,-3.2298089161712564,5.123760414187046,-0.6563324007387242,7.319617125825015,0.6589457432973536,-0.287205187785074,-2.2286722903800325,3.7902276585242265,4.779113992667435,-4.780469469768611,-2.1925432893716708,2.035037955827537,-4.43533823359183,0.17703013686237068
GLRHD0736,30.879772277075975,-3.7568594974350105,-1.4387130108361998,0.49595341154050804,5.017826896235501,2.0261128943932993,5.99854447412246,0.5173084852827926,-2.0839745697775762,-0.5178366606029092,-2.0283473096604734,0.8873911405054512,-0.2052640450461597,1.7946218625987305,-1.9274653230518064,-4.8839361331087146,-2.8098337601554495,1.5865027247614645,3.176027794591093,0.9532775062830104,-0.007701977906949991,1.8829742357449253,1.1038121079058234,-0.4956638298411383,-0.4173776278037549,0.8123047889819471,-1.0470439836586156,3.5987983376841064,-0.016600855111206955,0.7412788962064982,-1.051745148572316,-0.18463669010867154,-1.389570468978972,-1.938050402655999,-1.8003683420993923,0.217907305043626,1.114673219036336,-3.023537408674027,1.6201568331943574,1.196568704723824,-0.4696094500862814,-0.08004744119529071,1.8084922540850021,-1.9723394741618376,2.094051526029807,-2.3345791725231773,0.6696847965583119,-3.434756226535327,-0.07151356768400606,0.7580183739650772
GLRGC0149,-6.459479667995435,3.536635769459128,1.1956405672336117,3.1851022253532677,3.3563499461259303,-1.9873538936402677,-1.0553405311781592,-1.3769463608957668,0.3947121231478746,2.554001262289797,0.7022682629709591,-1.968961410645577,-1.7625064295749677,1.836458191902649,-1.8901292453241925,-1.020606947459817,-0.47737535566457506,-2.3031549399832887,-0.26494670479560045,2.1886061551193836,1.6422568926060306,0.2458144042413108,-0.9144009719168961,-0.527789565756652,-0.4587367363543748,2.8434258263790713,-3.284392642197861,3.0919524593203156,-1.7623710163020319,1.0882951594960948,4.799763166263926,0.829732492796283,-1.6406460120973023,-1.365458896325163,0.6544899216422485,1.9155710905081635,-3.240283204732296,1.4637299446794705,0.4578013046649468,-2.2464372910773114,-0.4785666739766432,-0.77304732660623,0.2573825044144214,3.417230430346653,-0.42131477587183475,-2.4946110444921286,1.571590995587563,-2.6047229973664994,-1.6843604498383502,-4.142036216640735
GLRGC0226,-6.386552660676222,0.6934073551608734,-8.59050349788438,-3.3598920362626084,0.5614208189862492,1.5943415808597985,2.708687355157276,3.170576539441298,-0.4966455693996149,-1.4336314163464299,1.3017616797264855,1.7061460345890815,-0.19674403866336249,-4.71529993447017,0.1681881218858585,1.0992839475043361,-5.24884731757899,1.5507258192678444,2.7649767251563113,-0.5540799360540212,0.8033986545501843,1.3370111429096934,-0.4006678886145582,-1.0244320170978223,-1.6931050983069955,-5.980420844697,-1.6582219906642945,-1.2326167944660513,0.22330230894127248,-0.4373723330530503,-0.5680626041672916,-0.465933172367805,-1.7854007711797173,0.5163913770158277,-0.45150592007399676,-0.8495191263150547,-3.5537391609299207,1.2098343700205507,-2.6086522288668377,-3.367194357149271,-1.4124057046287077,-1.2555280324642093,-2.7278273121436953,-1.2281288066955915,2.7050884323875195,-3.336914124999191,-1.9298006255358504,-3.836129806991835,3.418793810115617,-5.614671162738158
GLRGC0041,-34.67087750931004,2.7992140207891585,-2.3589547930128334,-1.2838613987908,-1.483923143567924,0.42383089078781055,3.541944524901445,-0.8109376780000659,0.9926270890184843,2.454168005377301,0.3971801217745384,1.2562462852456429,2.008729138283694,-0.9666516484832595,1.190724228962041,0.590070669243959,-2.7942757053913034,0.09754974787397347,1.0729228341849575,1.231074755672064,-0.5473292398872814,2.447694542735778,1.9578323370922797,-0.8127398745503888,-1.2513140744900138,2.1434765154314945,0.1551498980789485,1.3750498763005,0.6043976808538855,0.444817335318677,-1.9927325408442438,0.3102462002485057,-0.48396135476291,4.148029950488805,-1.3253152132372983,0.3191161962308962,2.6174205610672674,-1.7846024383953745,0.3420451791430607,-2.858238284080678,1.007168672357144,0.2560506579839699,-0.5422199700419182,0.5174133630562804,-0.3699399557855521,-1.173994317806313,-1.0228657559410843,1.7850001936488986,-0.6577475554965792,-1.9149760062524441
GLRHD0744,3.803123098989679,-11.732341903754872,-4.583445587480723,-4.1482377738627845,-3.1307496306383706,6.780830420980798,3.4205820242653395,0.6030222286615985,-0.3062452274065035,-0.5621540709314734,-1.0893414954975624,0.06315120695469958,0.31621381991309966,1.2612872050677633,-2.0495912172373094,-0.996632034447977,-2.18549400692593,1.9310332785466369,-1.1642760283528912,0.5251170107906933,-0.6072294914777714,0.9780455473520241,-1.339353120927359,-1.2356940482516643,-1.2017219552214409,1.9179235661907208,-0.5193210623069321,-2.8780955994308486,-1.1836779865476612,2.0786016291618616,2.1102943416521076,2.817524253327929,2.2968540219776807,-0.5040727668018462,-0.8407647012785928,0.5256360707755295,-0.3578264826428377,1.870994767462749,1.002879789674402,-2.300630042642184,-1.0018673513633076,0.08482491262730765,0.8042127587678156,0.3192883364900124,-0.8658122786525145,-0.45729855806836645,-0.3311212969103688,1.3472556452538094,1.4873176676194537,-0.61294189944147
GLRHD0796,-17.668172193158505,-1.0407600250134794,3.8492757705165004,-1.4959771163520266,-5.221027616003798,3.222188648001976,0.8385015593230472,-1.4807351906342026,-0.48005420137848975,0.15790114393049443,-0.3008107017603361,-2.138880004344349,-1.4603377770170953,-2.8852619659921026,-0.013414069312567362,0.41204176429998074,-1.2680050335914685,-0.2893477979740164,0.20863883222365537,-1.3568619320425097,1.3216662740205527,-0.41001217644961135,-0.9870256864283488,-0.3989331095833144,-1.8573839998540997,0.08716934587117213,0.6216556495579277,5.437116080978583,-1.6043027738983482,2.9697047242952843,-3.4370498793394475,0.8408606133708242,-1.0651659362506558,3.2694687277419585,-0.3229262392243374,-0.9515848375433664,0.8981221680623763,-0.8291499356358176,0.9184902635531051,1.8426051508514105,1.9749307382711145,0.4608736930447535,1.352917368775007,0.7747693329043501,1.074749728029875,-0.46105567008788184,1.0835523410000454,0.17496556660625362,-0.06027981308722034,-1.1782521494872622
GLRGC0300,12.476452206555264,2.6783385949582272,1.7164885681457538,-3.916551973829268,3.3113043637740773,-0.2814453678583956,5.289746790048234,0.4530148644956501,4.688492017966974,-2.337975828468449,2.0066295506733005,0.4693388744360215,0.17720404933922823,-0.08930142930477314,0.7041813721798976,0.03674034680665572,-2.211714812665638,0.156745529574033,0.9209095100347553,-0.2737679939203293,1.4967171434104989,-0.23591707724189054,1.8227879423078233,0.40333206851722286,0.012795028641078383,-1.050929843588932,-0.8279063711251162,-0.35402873974094673,-0.025717081556252325,-0.20810406828753203,2.1741091059963886,-0.9164060284808743,-1.0526284235157561,-2.1486839144413525,1.1804251491298718,-3.0459615094538495,-0.52635300659151,1.695569666595013,-1.0060911558495904,-6.790249736302741,2.395829351567194,1.9073114522942287,-1.3246167928556192,-3.2584303366355374,0.13301328326797962,-1.8464816012766774,1.817918989720286,0.7550249997003253,-1.3428690719648537,2.6428043719857213
GLRGC0198,-27.96934023108913,2.7853401910638387,3.4981176427009455,8.609593977504229,2.0194741348136986,-4.647931903043445,2.2485720757082475,2.379811311355869,0.6676448668972692,-1.4520969953864213,0.23922530402071934,-2.58162466520356,0.23216513144069412,-4.271053466013275,0.3280174474905196,0.1715535952128211,1.1280880291581563,0.45013817719887794,-1.2619254193623501,1.245328300635143,-2.0562560532064666,1.5578927595951757,1.2806568779833576,-0.8057780705784859,-1.2367818908134656,0.4054081431361068,-0.2163730427927539,-0.034345371656339885,0.00736893142928494,0.19068290338282384,-0.18938671482278235,-1.774866027160626,-1.1425260134955741,-1.295813427378341,4.1703935078584795,0.1774879090776402,-0.21303155022110012,-1.9574270763302632,-0.8691850714168756,-2.168887954793795,-3.1068381792779736,-1.3606899622970123,-0.747483275819275,-0.1871630051635455,1.5100889174450842,-1.4177306149762707,0.553018516037251,-2.5369935419665812,-0.31737476990384095,-1.3785924927988786
GLRGC0442,-24.27886585336575,0.07602563303626093,9.229446336529593,8.738391685427612,4.139805132291102,-1.1589697145114604,-0.6945567274511929,4.484885916176179,-2.935872202500317,-3.4299883164624734,0.9451946428600033,-0.18868156743911585,-0.08643326580120861,-0.13734880575848094,0.11427273206899535,0.5699061540386302,-3.593208716698628,4.515634232439555,0.6304672071924625,1.451739641011927,-2.8455358816887455,-1.446257341903104,-0.7668621085257682,-0.41207691918685474,-3.6736736147662556,1.122040422565289,0.0027387209405783652,0.9465241004976279,1.6151307907425085,1.2016747079240886,-1.2427995494733375,3.020472131430908,-0.9446789452302904,-1.3226769235984583,1.2358567174652861,-0.4567447990034293,-1.5574138464586236,0.9237495587529639,-0.5299108858466115,-2.244748427839632,1.765260057037898,1.0464398657638545,0.12658408808021512,1.1129845070998987,0.43056693185418304,-1.15428445898025,-1.9090536012608816,0.7448868425954841,1.997024733559496,-2.183976130873338
GLRGC0322,12.100118620387349,10.473595454942764,-4.048077525673163,0.2196127161002968,-1.9253703884725988,3.2435799216500816,-0.052190430041692014,0.2860207300368095,-0.32890830969571466,1.8886333601334873,1.3592881599896238,-0.8412997291307325,-1.4458930621502852,-3.005283113255022,1.3112858550826008,2.6423555008489354,0.15062357762181428,0.4392834307939718,0.38218793156935227,0.4488743286973082,0.7535208361561223,-0.106867779996234,-1.4517837455662381,-2.6349624100053344,2.2410836245405705,-3.2866886108631386,-0.9439164688397711,-0.021378865101237998,-3.346080779914422,0.14245975017798188,-0.7004471962470763,2.647290482634525,0.9255522333844732,-2.8149964426982534,-2.4555504364898453,-0.4160137172764246,1.0015746473792349,-0.1959050483802145,-0.5901162908732682,-1.2170438227389506,3.1374649199388776,2.2589211279515924,-1.2033766105761294,-2.868301074922417,-0.6662865017608655,0.7070133867080202,-1.709325784260227,1.51904248268985,-0.770644006640969,2.7662650575167747
GLRGC0232,12.15073737727618,5.773679969886342,-0.8444692557639072,-2.648458774046828,0.9692293481331885,2.896836390825393,3.923721501807842,-1.0030436285532418,-1.522368154259037,0.5022277066197647,-0.09962242675092206,0.855168620275277,-1.127653528987728,-1.9937659921149447,0.25601245984614684,0.11998517213053699,-1.494361686507598,2.2820593427156752,2.245894526335209,1.223845616151899,-0.22189857235398205,0.5395609018574157,0.9317246350493663,-0.6462314044263174,-0.5797615014301579,1.6641618576147543,-1.2060040266755732,-1.6016086915962011,-0.5293968470727425,-0.13640596454825688,-0.23745326348927986,-0.4541377207653699,-1.316415037642985,0.45337934952818615,0.15570583522582776,-2.2928105318483403,-0.9053713703234112,0.336210894630568,-0.10320358765612477,0.6164687629084608,-0.08454066631095332,0.750170502949567,-1.1938345763296203,-1.659405215056989,-1.5459470700603877,-1.9252184038514413,1.0544099220556682,2.35396493982918,-0.7352519277467425,0.17381329713062196
GLRHD0666,17.88691244684068,-1.5763871535826366,0.016499851350115585,2.609209543977832,-5.834325521989533,-1.0219608432869898,-0.8394507289330775,-3.8849164581440925,-2.2236950330214347,1.6005328670342815,0.522805162804286,3.6552849131745315,-0.3873076012690551,-0.417678239462281,-0.3078655593348915,-1.6708977837242713,-0.7160709967066877,-1.2692435592832567,-1.3163085345212326,1.265228635076225,-1.5865113554404033,-0.9638313225186532,-1.6494674672592482,0.2747017539454541,0.4198370729221543,0.8684267461310589,0.8615695315472174,-0.33210775230627637,-0.5750897916317725,0.4718257772002325,1.464109099300369,0.20712992770859395,-1.2579283172970956,1.4830243519176811,-1.8451779460546929,-2.4605186627178433,0.12366888533536172,1.1702161001442912,-1.9786064938212455,3.3268596771778762,1.5091073160067432,0.5051755801618276,2.9221166008353943,-2.1390963579875666,0.32444057598837234,2.1946593130958636,2.3346163083934397,0.735894974829119,3.06282700495795,3.556851008282024
GLRGC0172,-19.349554034308845,-5.08872541636466,1.1283313590593855,-1.4480234254855069,-0.4908875033713496,-1.356545945232035,-1.4594782877102757,-2.509791388405464,2.0389647604076067,1.876531944224933,-1.1999652421987461,-2.0019897864936183,-0.18698563105043545,0.8737654289790153,-0.9458787721064952,-0.8455249387141471,-0.33963564606361074,0.23676105422381755,-0.02200238235513339,0.08993970614849194,0.7020764282408786,-0.2932993570220654,1.5267725039478368,0.3283836913379034,1.2224631866978557,0.19429671810351848,-0.5160983255672302,-0.8424101221193325,-0.8080359037828722,0.2612595259611615,1.1016507480450155,-0.8214206087114139,-0.2581979926488028,0.5682426028106619,-0.6497242925878891,-0.9646080109857119,-0.6499840060907,-1.3075559594299946,0.7502281617146089,1.6280836682612734,-0.4223200065496672,2.077051929136623,-0.289780827904257,0.8318367933001175,-0.4442478832782042,1.2084976174766504,1.540441319406978,0.2793643572117256,-0.39759794935545095,0.8871934169560316
GLRHD0795,8.774759012958121,-2.9740727283588573,-1.055542875166054,-4.009750535627834,-1.606947801738165,1.9839973147149776,4.5296433989683855,0.227827016443526,0.699631259078838,-1.7662169387640696,0.31770729750984045,-0.32207715749425925,-1.4109666717456764,3.957463129691121,0.8430102364250908,0.3463148372353141,-3.0147369508364057,-1.2103415313232389,-0.5827613822707035,-0.6036282092023899,-1.2308731089907574,-5.107384186336095,-0.033443099262038485,2.28219238562556,-2.796432250117644,3.284595143340133,3.6852831121997958,0.09198437447091072,3.963372428197847,-1.4685012101070978,2.8176801256896344,-0.28512632425588835,-2.4475563641232165,-2.321448786365224,4.250888266282704,-0.01566047176044245,1.021977399676654,0.12322392857293876,-0.39687565378817846,2.91902118600749,0.17000496659388123,0.6363167810356066,0.48460796841660153,3.611372716163199,0.27973397359568825,-1.1707808872526047,1.8815776553512855,1.0900113407705865,1.7381467950383465,-1.8483736370283137
GLRHD0409,17.26358496383391,-1.7743496567645374,-4.178297530554046,-0.9918122036253478,-1.7153809413706183,-2.3322611188121574,-2.132316891240626,2.7009114221680877,-0.7320183592707468,-0.584983754642872,-4.205495372292453,-3.0702238972047766,0.4713205934726575,5.839371269673249,0.5798913973737958,5.4890853128506585,-6.753653193910674,-1.089381468092554,-0.0504195288618699,0.7238882575273976,-4.553593167107943,1.9986820347382104,0.00817798878695955,4.423291560843966,-5.940504074044909,1.0524443142329156,-2.4987228510036905,2.912217699244475,7.533661014889487,1.4528398897524328,-1.6502421095425968,-2.183048928531088,2.59274856917255,4.753381834965429,-3.923902848315091,0.5208123056212591,-0.02165708615203056,0.22043744561568746,2.2761340773533436,1.4185161820168604,-0.4584797713006019,-3.9972699109665464,-1.4402825043501746,-0.15453117466462077,-1.72927922304657,1.1522847045924767,-2.053988461381314,2.1273460472656485,-0.6950290860318461,-2.5297694277353817
GLRGC0333,-12.590508500643983,-4.065073864206718,-0.11632868032911306,4.693043084155106,1.9602867760073106,1.5429666983458714,1.3476310760299033,3.288581050553076,3.237255674090486,5.871826481108665,1.257016468807807,-2.244532348494747,-0.34553327164917963,-0.12167499140014776,-1.0460914853002206,0.6486973186770996,1.971972402746381,0.007547340343601024,-2.1553005059499726,1.3792150716269613,0.680463890502313,-4.260261860862956,1.871033583920515,1.6186274372132272,1.1619865801319178,2.2607557153858036,2.2076449740340816,-4.3540776242922545,-0.6226688723896033,-0.5693559689652786,0.948335179986319,-0.6854849275844893,1.1187243815910966,-0.4593270720338476,2.818210051490363,-0.02029342408692432,-1.46441337717642,-1.4390192666006285,-2.2652017178000055,0.22620553667807314,5.657641236649536,-3.382403810395763,0.1215234205436924,-0.8868305831311165,0.6566069703472356,-0.44017699122654186,-1.6283092766261842,-1.2640745212817734,2.809381361710548,-0.324053310678643
GLRGC0208,24.39827458426246,4.435162591616427,2.743374613861723,2.3126328210929774,2.20136380065121,0.6410159810705305,1.1982936646605673,-1.078813145787293,-1.860735411673402,0.10136221169892498,-0.6641719372790629,1.5857807775293264,0.3600648339111666,0.819348509856338,1.4392902622851913,0.5182057512918605,0.6390619278336805,0.042875686875642804,0.02719289816103244,-0.8106764777148572,1.1913491623816832,-1.0575340571681027,-0.22449296306029162,-0.3413965876395758,0.42598488386957417,-0.9703584471022437,-1.806368964734036,-1.7933069294656123,0.07383291935343583,1.69418333412339,-0.7275993721608307,-1.2586816725922259,2.8661083699666445,-0.9600898263704405,0.4663235180622801,-1.085811020021355,2.0567089356734782,1.817724331162582,-3.9961757357197794,-0.08122268649227099,2.2286661841801783,-0.7143200241086767,1.095387572418326,-1.19907517972366,1.242161946517667,1.3761479688335254,-0.762252040209978,0.11781416061838668,-1.5693168706236609,-1.6538855037569193
GLRGC0120,-13.365194237369126,1.466740721010889,-2.0722486847226365,0.244221548494843,0.4553995162783029,1.3916909498924956,-2.142183786709211,-1.766032334965933,-0.09489106274400859,-1.1281663294832203,1.2541691185308672,0.010888713271828802,-0.724171953934766,-1.953949507361786,-0.7401536180643888,0.13914844863549244,-0.8838406439923018,-1.6849640370160393,0.39596326003478377,-1.7300572932901173,0.8646850868553028,1.2318052301772295,1.2172736129344524,-1.335247014123972,0.6067194625874249,0.007807479858671299,0.6991018944862013,0.3175999265262743,0.3962457021570281,-0.8025415722922202,-0.8631563415500669,0.9089988109611272,0.2396979644021649,0.8821315127211928,-1.211193797530152,-0.3611353258189679,1.62962579925651,-0.8999243598675554,1.104373435783329,-0.07808787280312193,-1.128789274245398,0.01589505342044504,-0.9511920912378767,-1.3507089786192803,2.386048134227878,0.8859236247513215,-1.8296072978284585,-0.6918133232010745,-1.5578536545854738,-0.7162453237886985
GLRHD0766,-5.590223765157601,6.686837260918648,0.02973751222042678,-2.537189569256688,1.1493151724591415,-0.9367168526924278,4.590260525655531,1.9131178916705178,-1.5220423675811328,-1.0353889999100343,2.857322764147173,-1.012929378184725,-2.549465895203088,0.13757398237225815,2.5986706362105445,0.7001157030596324,-1.1262483299717168,-1.3830781818041658,0.4328627580125423,-0.9728343049337843,0.12712441204404684,-1.2842348047668826,-2.3945964414171614,-1.0295897699026046,-1.7248603417936852,0.2646688048231886,-0.27252716415706335,-2.149689489597379,-0.5196375212312786,0.004202290807358873,0.7517926315394885,0.2742567432228696,-0.046838002000532494,2.045687258409373,1.8266801918177658,0.23643826294500017,2.4194803615698497,0.2693045441460788,0.5393484751302804,0.6607754529397037,-0.5967226307049739,-1.7767230255957256,-0.07655756824944221,-1.069130646619886,0.7098946876560965,0.3848907009232435,-1.2043618746028724,2.2504562217500914,3.784438066676905,-0.4284428697563866
GLRHD0673,1.5810391919294362,-0.26091851386978365,-0.16366370141773673,-1.5456627671145842,2.311030964986578,0.37081823927945345,-2.927358154430222,1.2604045767218182,-0.23667609962710726,2.3298860371767525,1.8739366707063387,0.8183740459448976,-2.6013787004329143,1.3922696214429215,-0.5142087940889647,-0.7165097518340131,0.4233038972363445,0.5593907048575171,0.4351958467439084,2.2981274401340834,0.6483800545454376,0.08565045290110092,0.5940950028598263,0.35840323698895593,0.0867827850594099,0.8772439526390562,-0.6049624502515789,0.6246260217164218,-1.0292767883554559,3.0677259801421632,0.4425758219994749,0.7855000897673825,-2.139757969086748,2.773280781145143,2.340821325170658,0.70562399470837,-0.9595125867339287,0.6435714717033165,1.8072178433426072,1.7272479490023627,-0.46903845376316516,2.5271293598723306,0.9175622994651847,1.2711411138880122,-0.023515697421523964,-2.3256636416473677,1.221833755087555,-0.6669987006948662,0.1310638834339891,0.2464494872777971
GLRGC0269,-5.4311131373337505,15.334542949650677,-12.088692171085837,2.5934220326779167,3.0987047453967618,5.715280524934625,2.8613346870836267,0.4780015709315936,-2.25215434041328,-1.279624330014403,3.7969407916087667,3.23558901027868,-0.5865667905014007,0.7021679385362135,2.146545776342618,-1.906459852739135,-0.5058255168171399,-0.8360187632544056,0.9314115147587813,0.410900832423855,-0.39267396229693174,-2.9107770589192175,-0.3543602508241264,-0.18072459724604825,-3.249959179408595,-1.8280287865749096,3.1021543199796517,-0.44429020150057247,-1.5651304894214304,-2.7088656009415932,0.26233328550575474,-2.4188517728097456,3.8564534801884047,0.11620950495809494,-0.3863821697895096,-0.14793530833872415,3.7853784477822523,-1.6882809956359754,1.6960218882865543,4.386927516469346,0.810825987332319,-1.2754669154889722,-0.004500311470263594,-0.6370285571021539,0.3771582266766052,1.3236174120481194,-0.061520923418732006,0.16662014286552326,1.3043426515899226,0.5794162443131147
GLRGC0440,4.9689146207779205,0.39418763525238654,-0.9885637569626904,-3.5677212076644103,1.629167680416161,-3.441767953022399,-3.1226638359112346,2.4248201462543935,0.734500029789575,3.019335499514598,1.3997847302533633,1.9646778990985578,3.4669033956598487,-0.594948105145795,3.5519922698761928,1.3870772772534063,-1.5321634547714964,-1.0655476532371944,-0.13852552005218965,0.17049773688431172,-1.4790570313999452,0.8300826254318906,-1.2990338744240755,-3.207027511203506,-1.326519822332908,-1.4344268647977905,-0.720755727923905,0.5837995344056242,0.8319911206875114,0.6124524873292259,-0.6655917310224052,0.3224988316131561,-1.3640693766006409,-1.129701669823341,-2.7362057484333895,-0.7628546005557517,-2.5182996689272668,1.5674209303437474,1.3008199033277335,-3.508953523581232,1.905621331088189,1.173334041003796,0.641510625785126,-1.1241742868684512,2.0607123222622317,1.5555036838624285,1.2487487350347926,0.3880290225365908,0.9230096214993775,-2.6194399923818232
GLRGC0151,-1.0324790199138645,-1.5397048456740428,-1.6689351723758366,-1.2742444561340758,-2.7833985360600617,-0.6136756686915488,-1.174446348934043,-1.631462931478497,-0.4811251880448927,-1.0383347385413684,-0.17863073346757188,-0.5429386100498103,-1.7966627113968534,-0.0051867410063045506,-0.4148985283973005,-1.3584000205838402,-0.7805038978500104,0.4856267675146149,-0.2388322373891937,0.15168215757760042,-0.6844321638338599,0.835889470191921,-0.21625731502831266,0.5842836760068506,-0.15490753046229136,0.5992376721479437,-0.936678885278867,-0.11061075270647577,0.0971617590948911,0.47849362083247426,0.4098484555368643,-0.1618346535625061,2.4054450750819725,1.2293311211146367,1.775273844098271,0.18040764315936114,-2.650386933960439,-0.6030705881862395,-0.25668842104316686,-2.327591598603208,-0.9255746512780041,1.274277122582055,-0.33015643733636446,1.8606862263728747,-0.42793718133278214,-0.7556370716895265,0.2651458096540532,1.251452209916956,0.6095068435553235,-0.7938081317457071
GLRGC0279,-19.7938974509765,-3.313594831317384,2.3432794389468694,-0.23719636004823214,-1.0596251740741751,-0.8620612447580576,-2.148793238967649,0.09518116954220121,-5.658248124224848,-1.007008609945583,-0.8889447739052715,-1.7417719322835596,-0.18534999502668265,0.11368678083114798,-3.148026342857376,3.990478466683519,1.7480231503401094,-1.4264921291179333,-0.7665586525782261,-0.7558731071686354,1.5192632861656827,0.854360884580908,2.0707341849314607,-2.614145165259977,4.048274924429426,-0.1525948507564925,-1.7569977950317919,2.436229953077299,-0.299560226324528,-0.6060302948984087,-1.3050623111143191,-1.4345665518482402,-2.417310025821767,3.256954728239389,0.6065833951481243,5.183026831285305,4.623085553842191,3.8232656948500106,4.672203990228844,0.9362821233198807,0.60875929190306,-5.202057416312224,-3.0978465095398424,-3.8825217104330956,-2.4567383918826433,-1.0107160978744114,-4.341954663655331,2.0737516689725464,-5.6191131309722575,-1.1797733687705774
GLRHD0823,-3.277764897624528,-0.6752445259269203,-0.8585441153019975,0.9421124962755065,-3.8465737847103103,-0.3815108992513147,-1.6754414962548605,0.35430437514882274,1.7005724762828902,-1.4840423104569493,-0.32299799958475,-0.5355679582050462,-1.9895068360769346,-1.2915183545871156,0.053567225708470056,-0.4649379659550239,0.22867701954307187,2.649554197452984,-0.07933209810969269,1.8073998291922917,-0.7185690352806446,-1.4696657313419026,-1.4411692757444448,-0.4852273209161204,1.0108866737641053,0.8658355787400258,-0.004628866615744546,1.427268283010681,0.9320123677001216,0.4249331497154015,-2.590459315463191,2.4439286966345217,-0.9981292352420909,1.770632823094036,0.43541250395148545,2.3950346293313727,0.1392695127186669,-1.133213318788698,0.46142330899230105,-0.8137997012995191,-0.42911496139419164,0.45124512859027277,-1.4438474860994082,-0.44913847280621266,-1.4328798911018847,1.7731216906411527,-0.8692204449735753,0.9995954833854694,-2.4470803401471253,-0.050001278434874806
GLRHD0745,6.112087850098073,-4.955452890694558,0.33145865197247865,1.372173121376904,4.631081271342491,2.3359548982744243,-0.9122454806375497,-0.12138630702867026,-0.7142384437180481,-0.5514395990966743,3.7476785140604467,0.3164227580016925,-1.0976537352855966,-0.4211649864995511,-0.16657553045710863,-0.5632976992661846,-2.558584853300903,1.3809685521457082,-2.6308792242541292,-0.33466558198209373,-1.7163272665670688,1.5969631786539689,-1.4253833589701077,-3.1694665260581565,-1.2615537766955942,-0.3856396680232392,-0.426851295384698,-1.6581659867727687,-1.6890182064116663,1.1610202054481278,0.14162959167625186,-0.7706880945902426,1.6165489559946133,2.8019492453974673,2.1534904729805997,0.6767592636032346,2.576015053909963,0.5674944902186841,0.8757007807208151,-0.17357735235456823,0.1349058004785486,-2.5465354370213107,-0.9045782680023251,-2.1183515796623187,-2.7242168646039926,0.9163164948085719,0.33969677343647037,1.683720121071537,-3.181513364567155,2.523731502829664
GLRHD0449,23.959291310891725,-9.176668353878163,1.4221177860676544,-0.13116482124591172,-5.535519166814161,-4.617951614558997,-0.6906155338411725,-3.26823889946256,-1.8160116523741752,-2.971338537536466,-0.9680678618336196,0.21757761966794623,-2.0673349724212873,-0.9310373409947177,1.9373359764564322,-0.7729499945035894,1.7157710672172006,-0.07577986619058484,2.7349368850294136,-1.2537674394857268,-0.16738632240912618,-0.6162511942844774,-2.262603327145822,0.8004937778407432,0.8522273496925751,4.017313109759165,-2.754087517866127,-2.2605295885477745,2.1023687601770904,-0.24640690904133075,-0.42381674187586404,0.7252715619828142,0.19749294948811155,-2.066125012664828,1.363765582389654,-0.5383558885004868,-0.17120051648089776,2.421321153504351,3.375028323487652,0.3219512849909225,0.523083887903693,2.031158227995485,2.651867737806807,-0.7453386391711175,-3.338216346321453,-0.9793100286315211,-0.8320472562984912,2.347700897723303,3.269938554672644,1.1288301036390558
GLRHD0684,-3.279420445818908,-3.5159290609449045,-4.7517923734276115,3.3155090550452897,1.6477380642793455,-1.7257828217100553,-1.8332083666655867,1.7613194955348264,2.7201586903551735,3.8400710510539344,-2.7050534540095232,-1.1860165514490613,0.38167074800586276,0.2837338902743908,1.2858114767712403,1.6787893574966954,-0.45045031945930586,-0.22988339652900783,-0.24385465796598146,-0.8479159689627744,0.47339247622523767,0.36404056941352464,-0.46325952930195685,-0.8658263840019504,2.1537478459714032,-0.4481245149547647,-0.48293239932756915,2.2516021455812076,1.0946949098336867,-0.2026840606881105,-0.36027169248813196,0.09010179586991293,1.3557722101415481,-2.76665888600553,-0.05332804613755425,-1.2707234456409424,-1.7517970225696782,-0.8286634702820397,1.8179572254272711,-3.0596350968966286,2.0199907196350693,1.0699709039783445,-0.30269063966967136,-0.3384392396371524,-0.002005086930290079,0.8308075679611757,-1.6814642198403367,0.4965668128326605,-0.6621811212761253,-1.2825814977942886
GLRGC0303,-0.4365745288002511,-6.4942069649811405,2.4278956201800073,-7.234076741396085,10.05760746918925,-7.38059015515239,4.406713491040746,-1.1717218333016046,-0.32237083459026805,2.2362367363372875,1.5344812634458516,-1.4729239558305027,1.796962024514484,1.6690900851852684,-0.6854090178183302,-4.601035882132269,-2.5986650843695718,-1.0060221288576627,-5.074688196269317,8.055713673549866,5.718328316842731,-3.94614761370313,-2.9977582847079924,2.530027070542311,4.233811831178468,-2.120095222909792,-0.7155001875698525,-3.4456645613886514,4.108824581026726,-0.23670540808988547,-0.48546220616480135,-3.81457800963789,1.864426150364759,-6.72897423344799,1.217112691263474,3.314599842851224,5.015993824657814,1.55509128567423,1.937597640412546,0.3790177750549407,-2.062956224003801,0.06350087176884693,4.7475732078631445,1.531981802671438,-0.8310347445295432,-2.6315487674653455,6.993264018491062,-0.4424395050475422,1.2699064985632682,-2.569277704235521
GLRGC0293,-27.84624904762663,2.8653243869885396,-1.0006843739844236,2.402474931250813,2.1215407185331516,0.5736787842647735,-1.187290686191731,0.5885382178314764,-0.7754763115556067,-1.9242621946368677,-0.9259856356410469,-2.6970397387691967,-0.22435459783118705,-0.7460293935345028,-0.7510485649435438,-1.5934205855611763,1.5381055171751294,2.0013406747766953,0.14782663512546998,-1.3174305907722863,0.03969110441243583,-0.6437911703963269,-1.4800575556346387,-0.26027331398301135,-0.03774851640372626,-1.0585287455324985,1.155172893950914,-1.0889018538953459,-1.8303217769529263,0.018539452091905047,-0.1292145332802654,-0.3642467847989531,0.5486100240556739,0.7695630972984209,1.614269149537541,0.3842954360356135,0.9218919819834377,-1.0447213145123475,0.11523399846628532,-0.43879943049106934,0.7672224098930439,0.7972967413202999,-0.05113444878008959,0.6089221799203465,-0.4231290163532136,1.107676109468014,-0.017065176928958196,-1.1044636254007119,-0.06712860121026208,-0.3683191535538821
GLRHD0660,-19.188547215418517,5.439745313611711,5.2764103744727,2.2461595819467,0.18763123582814192,-3.304260235849811,-2.381707870350361,-0.4898054965700238,2.4364222638382973,-6.9640076938617375,-8.224545534960933,20.58412705110427,6.926292434832677,3.5940593123377105,-5.822086784454535,-12.818279410271181,0.21823939383181795,-2.515291420464543,-3.011239367737886,1.6692330501758699,14.643405714209386,-0.9928578266132297,-1.1226266039784702,1.1928422654749014,-0.027444603489162143,-2.378932575550314,7.0187528483424435,-0.09767894219696444,5.480387101129038,0.8412718916471021,3.5555041610869766,5.4834613527406715,-4.249581043118019,1.4169566862013618,1.837115000575853,-1.2769297409343834,-2.0791519904969955,0.6485804136177222,3.9595266875785002,-0.16069801372124268,-1.6037094368173688,-1.249655565719855,1.666221674634314,-3.000101881976495,2.8842169360223315,3.936080755305014,-3.724297672867975,1.6849408389641831,-3.082824226746597,-3.099184233065853
GLRHD0609,-17.196202346975777,2.6853139216006947,2.586351763235989,-4.153607008781668,0.8639128398501025,2.2269737549766755,0.4486157229196946,-3.831521736213446,0.8461353747837884,0.34514425050941494,3.5193642901409854,1.4232524843302623,-0.22235805674076028,-2.065838039757011,1.5516784339797052,-0.9715223342554354,-1.476889105524473,0.021447657615996832,-0.19209438015447247,-0.13932260645069577,2.1831179277793176,-0.9246993026686657,1.2603627058634927,0.05811668840260612,0.9421877313886343,0.7113727097248302,-1.1450687055088655,0.4177052532739029,-1.2470759203753676,-1.0871323202610301,-0.7575434198698485,0.8224983452160535,0.24046413529487787,0.41408164475113013,-2.112412936887763,-0.4558767055196365,1.9216400606180162,1.3149695243415793,-1.8423965359224856,2.320487447385652,-1.5860814240395436,-0.08319794507213249,0.24283238992862785,0.2676114855739572,1.5597299001282894,2.004951400738204,-2.9536832832151023,0.2785464763358174,-1.2956737546939292,-0.6316897449456412
GLRGC0045,-9.192406513208809,-2.7431387129454334,4.056822153142425,-0.6740571210060335,-5.871435551272924,0.7322176248460469,0.8812889089117202,-2.2136712665463647,0.12184585008557859,1.7673804896639598,0.9927444999420786,-1.289526183102541,1.06740523981623,0.0895664945131537,-1.77166511766547,-0.09331235287192886,0.3166439137407095,1.4986569928017761,-1.6704387131295722,-1.17065259720957,1.2069452209180536,-1.7256703314819095,0.3956982509874513,-0.6721608385710856,-0.6112188640837886,2.260288235721715,0.02969419930978749,-0.731196457594917,0.06603382677206653,0.8370035737147321,0.845399223740452,-1.351689713989535,0.6906140896410687,3.9312712400300764,-1.5918169855598412,-0.5535134550918495,-4.824026975284776,1.092063117055803,1.0065583465569783,1.7507011231035898,-0.6023461591048179,-0.9190089149713757,0.21709889485712222,0.805411245427064,1.3125870395610142,-2.067290903138132,0.8081211762671233,0.6749574070847267,-2.226912426041356,-0.04379272270737767
GLRGC0249,-2.5727985573974155,2.620138510041733,1.7186435650553056,-2.5950429530446786,-0.32987698312724467,3.7983189332253686,-1.3822982820830674,0.23069206134265416,0.1796837370715875,1.6434043196834276,0.2229900929099149,0.7247466132927524,0.8341363835175931,-0.6999519225487711,1.9698164373002172,0.9172172930914463,0.5226177685946225,-0.17260406804566208,-1.953063471159838,2.7015080385973516,-1.0270466715376563,-1.5430917871820002,-0.022960092719465183,1.1463407599997437,-0.7942010275053193,0.12637020813290864,0.49849290323366413,-0.5854798287917373,-0.06774838002359201,-3.1251758748800627,0.6398304822704167,3.8505035597453285,0.7247883932023571,1.1848603396362474,-1.0595624095946723,-1.382859884875932,-0.6480022696023384,3.048863177498851,-0.13151404399041622,2.441691017418884,-1.3384871293190008,-0.7574049878239025,2.8026521303503875,0.748599521098667,3.118747912261258,-1.6127965337657506,-0.919915818759174,-2.327236898037338,1.693298217620051,3.1965977495735864
GLRGC0339,3.5428078590216314,5.151696525037536,0.7093212198596079,1.342913643954345,-2.2892698698306604,2.4991480149694185,1.956752399969284,3.6845755919569982,3.5057299613920936,-2.3802296081923258,-0.6553346260948797,-1.1086302607167227,0.25965279430820754,-0.24157002977566727,-0.9378306201288137,-1.7592827818334964,-0.886560302792504,2.3554418043456975,0.6619336042910595,-0.18760591356215475,-0.8800547788083193,-0.7946432255237469,-0.6796581796637449,0.17310278251383007,0.2786340346647171,1.3135242883568852,-1.2540386002554647,-1.0009631538809103,-0.47349541687042473,0.3039750214553786,-1.5776170666407188,1.7129597696689423,-0.663410118291496,-0.6016670842241734,1.016085304864885,0.22106731126132909,1.0029401825613382,0.12276615407093819,-0.08953912097812727,2.6199358325118696,-1.277014918449991,-1.2631761554650558,-0.4565174211427877,-0.9109131169048807,-0.5242220754905338,-0.46750522862668603,-0.0008438555693909371,-0.15229131261712073,-0.494737613978784,0.04057802930191916
GLRHD0731,-18.020693498076533,-3.598646113413645,2.0076930839366827,-2.950289986775631,-4.587084282771023,-2.387471815114676,0.29688734919860954,-4.659768315125082,1.9928507502153852,0.21188748258548004,-1.2576250907423725,1.8248686648286991,-1.6136419511022833,2.3049034445109733,-0.6434151158211945,1.580418623946694,0.34937456560435437,0.9250174087803608,-2.958632366829511,-0.08070151170873661,0.8665181860214277,-0.08837629754774803,4.050846911882755,0.6536613776770651,-2.6147106713356,-1.8824416460521858,-0.26724668126093576,2.6613666914438325,-2.301826890193047,2.2092450228127034,-0.23911007080210514,-0.4093442793309296,-1.8259651126797338,3.813297206318154,-0.31811531705301105,-1.6730756546464747,0.3163302131183322,2.1500198177794503,0.7835408501875303,-1.8744559292654805,-0.5816526731780506,1.0523337847103436,0.5689918070245261,-2.8892412357002373,2.0151626745877884,0.7388453170437226,-1.7559687760599576,-2.225369781185758,1.509738913649015,-1.9295427454364502
GLRGC0297,-7.502017687787036,5.271515796453762,2.837329792480165,-1.8711051900388924,3.211550667451467,-3.8992371688252576,1.592645460996292,0.9243929160678371,1.134449391984177,-0.012347370480939387,-2.148918838912676,-2.7854725578357313,2.9168089097823198,-3.3101411911239027,3.56980571585979,-1.673250188130104,-0.31517891327241615,-3.0136442541633746,-3.0381985645512253,-1.054206768301328,-0.28721143333970695,-5.1030669568683,1.6028004171592303,-2.939152492636245,2.5954910518611682,-0.02773252104476002,0.6465923406519186,1.1244078571730873,1.2956092363845333,-1.5223711261721606,-1.3177325264100754,2.6672550478040074,2.091376419270946,0.47360653514963935,0.5215742073858602,0.2542912012997116,3.614860070296235,0.4209380973084957,-0.625284827320219,0.0953457621998776,2.53125292810265,0.3156801279092765,-0.5363042697036322,-3.0832784895144774,0.9366253943507801,-0.6391547100765539,-1.8987849057276525,1.2318428084280129,-0.3792765396228948,2.3304542454729287
GLRGC0203,-11.163937336712264,8.904059785630471,-0.15248305977689325,-0.6652410762542311,1.037373760573457,-2.995695615322105,-1.5697822617160098,-1.3107206051965652,0.43989461030283417,1.7204625794262864,2.2640909474658075,0.20628162676485726,0.8736036367615065,-2.178308305915668,1.1445122134399877,0.10432755639313745,-0.2784698845509064,1.7390817621059913,0.19876528514733197,-1.5421779427241527,-1.4328994243424098,-1.9813840200075352,0.5099778993091635,-0.1702026386000111,-1.9443364521365443,0.7898237122121788,-1.2421515020579774,-1.128318869637592,0.6566958224676698,2.1751637889231157,-0.6193885014702459,0.3555185284085741,-1.2482387248234008,-0.7365152885131334,-2.9698167042974473,-1.5610894175807861,0.5998177555813194,0.3057770665326454,-0.3329142951200861,-0.5178397865181517,-1.0274750532777963,-1.384871110453258,0.9770759811281452,0.7460178573501457,-1.3256267011237501,1.8915031120978492,0.2717567564772634,-1.1516021255496176,-0.4066680626620768,1.1174928493559586
GLRGC0132,11.933131611966802,-1.5211330313241778,-3.9051172561622276,-1.3505819050690289,0.6260799714437035,-1.0419140955743187,0.9049450313264937,-0.6730824666311443,0.10135566413794288,0.6528066143897804,-0.4563348523155369,2.2147614123410095,-0.9035773223467268,0.4906841636151741,-0.794981481488891,0.068460497817673,0.09241727616380761,1.607250821569493,0.0287243406913043,0.48536813764554104,0.3357386076188091,-0.4072855965965587,-0.3006803742991604,0.17225398583913715,0.33149321402012494,-1.3480646485875216,-0.7733932370900533,-1.1508384934383062,-0.34836539551775797,1.8514797032959665,0.057794604926689454,0.42225451537442604,-0.33409681303952093,0.22361523651785875,-2.6308136893769385,-1.291991850527903,-0.3885396542152607,0.5482502250678207,0.9187304908181357,0.5164293267917814,0.3238692688047868,0.13204327747941405,-0.4246188924221899,-0.8409851957572541,0.27758301768095284,-1.414053132957769,-2.2878111452952647,0.2321632920422101,0.5586281919544142,0.062419095989851556
GLRHD0642,19.56283834037757,-4.761656086982269,-4.777339932838143,1.8977520135606498,-3.275135377569803,-0.8635861792526869,2.071342704447628,0.5983417447010153,0.5872211540063773,-1.1339995376883403,1.1397617890007417,-0.38916614399023036,-1.5776157707843341,0.350816373980184,1.8374762339886923,-0.16125996382312505,0.8798426294669803,1.1854424041744334,2.128422727508157,-0.8178191675959894,1.6832104541691444,-0.6399381773385929,0.43460394222538673,1.5551204214985845,2.506596146861159,-0.35983732577969796,-1.667102234037605,0.14422750795766937,0.7764761993931819,-1.800565794468267,2.4366858766321435,0.7483966053240755,0.4852338331950379,0.03350069391108593,0.1620069877411321,0.4304347793830018,1.0288237780113016,1.286870213417754,1.4838885865518725,-1.5266630989269443,-2.0174547743494617,0.3525476226332259,1.043600651284254,2.008679074276701,2.0158666094443456,-0.507695511319363,-0.4021470103902423,-0.2771074765308126,1.3775655050492972,2.5672774293140375
GLRHD0757,26.904194202081076,-17.08420387414695,-0.5046987180362066,-1.4618767811711715,-5.08435002939142,-5.102977073003619,1.070043052853138,5.062245462895552,1.791622080117676,-1.2977928720825067,4.686680593777406,1.5958344103563105,0.7645710663841995,1.5407097737660698,-0.19783314636412935,-0.545790519170745,-0.7901047234683418,-1.2908941082042673,-1.4418112778730243,0.07224386922948081,0.7962907335795607,1.4909401951679442,1.9567560658699807,0.5964882508395637,-0.8277501055262695,4.475056589921121,-0.31996584819967794,0.2156552197958371,-0.9167697076956915,-0.49045666165215074,2.3043217040840855,-2.906420112778759,0.0842268155724345,2.1167094381879275,-0.9817161904268745,1.0515278220112279,0.5599436881214519,2.964340272307374,1.6208856913852998,-1.818360311727366,-0.5810794291239705,2.665538896474941,-1.3308048944642916,-1.187859853174436,-0.837829936202185,3.257769898526678,-1.4517314192642945,-2.3209446522748203,1.129076939029632,-0.6800702033789491
GLRHD0783,10.096184722280979,-0.20643705958898534,0.8646498888269866,1.373844939994664,-3.379909390191885,-0.32013565135566474,-3.262422573099658,-0.5205919143443617,2.240742613397097,-1.0973689031122509,-1.5467391480863837,-0.5721532069166134,-0.15514550219624337,-1.3344341466510885,-0.6878230900525523,-2.945716265004753,0.8046347824995682,-1.5557958360537294,1.6154163402814357,-1.3626354089328,0.18474469475546645,1.3137466498658548,0.8754460315168552,-0.3213365687283127,-0.0755772911761147,-0.469564982653479,-0.5007534057673365,1.6034247868950067,-2.6322650034450548,1.5526228210376016,-1.7201462059178954,-1.290167549775878,0.34913628474738867,0.3561359180675342,1.234436305286013,-0.08086693487145578,0.8378859642592523,0.1391682362014,-0.5708039780344376,-1.1438647802798536,0.7782647558278629,-2.0540184864301483,0.14745054751477582,1.4950656106742717,-0.18965661363028513,0.5857514763347794,2.656142403368428,-0.8363867532395517,-1.9280994160099223,0.037353301724996506
GLRHD0721,4.312872259338313,13.299035510357914,7.240047750473899,-0.4644443476268865,-0.7439956981526246,-3.5798992959054163,2.098087311336781,0.30631689885694713,0.47162101558402064,-1.168037995916979,-0.09639550220999571,-0.543687048476149,-0.7990265054170959,-4.777280501494911,-0.19086540989051526,0.9887456117376466,-0.8462595920967013,-3.299947305095321,2.952983409116616,-0.5337968987070137,1.3716305650543485,0.8671606629752496,-3.4931954389617106,2.870781550719509,-1.9278550845832831,-0.6532458435079487,0.27611678920536115,1.3334963543011125,-0.7662094897952427,1.2216922069604006,-1.1245542145247132,3.7821487468970054,0.1717471642772092,0.48122653177806907,0.9106635396874733,-0.8583062023369461,-3.8912678226939503,-0.5168301188986301,-1.3295170781907524,-2.7788497940757155,1.8362391170439754,-0.20141430479716982,2.1143351092100957,-1.4211697754281445,-1.9878013762718951,1.5885669753526286,0.4737290643632361,-0.7736089196318819,2.881927502387965,-2.29204999191625
GLRHD0139,6.766042019775057,6.568323571277689,7.071619014618694,-1.8249518836121847,-2.7414109480154716,0.19445457336888905,-2.1055878008054583,0.252884417185685,0.709586246170988,-1.7035633526628917,-0.3108956026316182,-1.0152964565414637,-2.490529488481002,-1.0033030860724579,0.328232203909753,0.31967679451274406,0.4792811926632611,0.07380614957587879,1.3092200609319682,-1.0243754738223299,1.3410141364440462,1.298471623070712,-0.6244634866391577,2.5257343871273252,-0.968163111060193,-1.3420395184618565,-0.6519966877682164,-0.17658215239112496,0.23337595477200035,0.8908033759888478,1.1506431784397235,-3.034226921546207,0.5309607986359576,0.18006489668816844,-0.0220580039580323,-0.5291963917322104,0.7884170523706161,-1.07311388408939,-2.143713623199832,-0.936413858401571,1.5727976257879082,-0.08676403327797008,0.2962457190170819,-2.5406688946655933,0.2575395810523891,-2.3125848913348843,-0.871861712538885,2.081598057348251,-1.8536621928182724,-1.5030016775045258
GLRGC0130,-22.267533225441632,2.1367158800682593,0.8183558140684056,4.071838818841683,-1.6463754078970816,0.8053296686625818,-0.9917209665489827,-1.831329960809361,-1.7647282152323553,-0.4713914756450612,0.5182418630375742,-0.6236995502964799,-1.1534649327478363,-2.1354312788883587,1.0335155792336679,0.7289613367169915,-2.055170195291488,2.423451899483064,1.0154696478540188,0.6682005771913447,-2.0454316722904045,-0.7814627055066995,0.8980369625812477,-1.1770670946501112,-1.0879668158213411,-0.2381670841059073,1.8765398362783963,1.5315281886682142,2.371083749905274,-0.7601356418828973,0.5132533114112804,-0.880535114920924,0.5336658933214187,-0.12991550610863692,-0.43879731763900987,1.4399178279044131,-0.37972578557385944,1.3842617218436697,0.7661723171289002,-1.0992208275794115,-1.0747896624959505,-0.8349593999733201,-0.17804309855401104,-0.28032771879813206,-1.2179897850587686,1.2887800744293256,0.07219213085320379,0.42488618856932625,0.2032798643231385,-1.0189503829486481
GLRGC0437,-17.995910582560327,-0.1128642550658457,0.2590591490827179,0.8505115851002064,-2.213129794130369,0.5232976370011518,-0.6693007525011465,1.809955046021275,1.6823712119441598,-0.8521891310145522,0.43969359173385586,-0.6671290668532321,-0.198477889932641,0.07972051671221382,-0.6073894902615522,-0.8184590573876237,-0.9877867747857206,-0.35143600422247334,-0.24010578926208,-0.7866918604373017,-0.7537417431126837,0.44627258523482344,1.2870565339322042,0.45520569515541615,-0.12584946751750314,-0.7510488102219717,-0.8246248085507698,-0.42167838897732945,-0.568861191880001,1.1420363521234698,-0.1764075136130245,-0.02582584563317687,0.24447279137754077,1.0565798349133246,1.7296999091695882,0.6429428423316327,0.17613712736880444,-0.26882395537816467,-1.0864413462511548,-1.0318393559333128,1.6620165955505761,-0.6978077613880767,-0.7575781025827131,-0.04803319428665421,0.7961575104377281,-0.12893126436419208,0.777500900497208,0.3141781687320648,-0.5339378405414023,-0.2798574566422386
GLRGC0329,15.752044417526156,6.079822051621613,-0.4779912815247777,-5.285611696775478,-0.2827303759850748,3.244361321459768,2.7681596173521754,-3.919548256726688,1.128311174025896,-2.3849434114887536,0.04205305567114238,-0.47562004048591683,0.4783524230861803,2.757092934209868,2.655935020815514,1.2136297908233402,-1.2896669438616495,0.04748916409185581,1.2748894308389551,-1.068490186564135,1.8848073439552422,0.2606242918555427,-0.18031408194464943,1.5090732203330999,-0.2941899531713828,0.4091918196563914,-0.34817479676163204,-0.01932505148349997,1.888825578225593,-0.10287587350248001,0.8709703925581523,0.973560743194288,-0.49360510811424835,-0.11776371156989733,-0.3501271753387295,1.7285631103472598,-1.7271908703982695,-0.3989050645950402,-0.668092250015903,-0.8122198864445777,-1.1675978498494026,1.6372837481767226,-1.3058012783445412,-0.08899412536777838,1.4418598159006244,1.0692898203267682,1.145030065634847,1.5011154636672575,-1.5807635096769965,1.0494045980251923
GLRGC0161,-11.480411496938961,-2.217257519361149,-0.4324301970446515,-2.2429001375622204,-1.8114499856239548,0.5404497554462118,0.7525471855290519,-1.677517854970435,0.9574510808467218,-1.356048021471915,3.247035264993963,-1.0754021392712363,0.49695509574022156,0.7807478325295365,-2.0764705198936513,0.36463110521973596,-0.6369415260076609,-0.01907267973390471,1.1939292917795812,0.9806565512637048,1.1348225465232737,-1.0889756692102215,-2.7415713698598676,1.2808895904410855,0.23212948810045053,0.9763934375956524,0.738311066789595,-1.3337793701929894,1.495226102837875,0.648224430109031,-1.3638038279648301,-0.583871486020936,-0.34832562262208255,-0.827379252301372,2.618365354255792,1.1143228961493568,-2.1611358028654584,-0.963495745569357,1.6108476860796443,3.628669901197664,1.9993725934523465,1.3085944068609787,0.732870205590427,-2.5211403983156675,4.382255864578353,2.8336946873430917,-3.4440324980851145,-0.8661682075449356,-0.1453224405385156,0.1753231513169469
GLRGC0215,-7.008653308743114,-5.311478815019105,-5.75567976684618,-2.293005404645845,-2.468052138678637,-1.5888565253920888,1.919122145657829,-2.919568117707503,-1.0605073374602976,0.026729017179931362,0.07031973283209757,-0.2774841953314914,-0.9458507052454815,1.3725252487190915,-0.021145544212630908,-0.31158458459259875,-1.8560540785574766,2.703908327410601,0.0958186605767854,-0.46566977656695197,2.074754701028758,-3.221304322910828,0.25452608307432245,1.3045909996103147,-2.314411410066923,0.13284726621618698,1.0519469260063132,-0.7805964021980816,-1.1998363237388225,1.0983030430839864,0.048769102908837014,0.2872790640177544,-0.500549307697065,-4.951090065921166,-1.9223582984490604,-0.6525966547858999,-4.37453797191615,1.6962924305509892,-1.7840943085373835,-1.0839243016654143,-1.76911754796365,-1.9313586756439343,-3.14859231682779,0.8373231799658213,-1.0157915355611447,-0.8371530123037786,0.5344996716289467,1.2815963853713845,3.090250163247346,0.13065957141800452
GLRHD0410,-6.352176855340964,1.227516645327028,-0.7942576209863798,-0.6148259648250627,3.3955539574226252,-2.9488993371031813,-0.4559227214756183,1.246687794863079,0.6962334344915887,-1.0474779274478658,0.4322962771471201,0.8257072526760802,-0.11316042504031898,0.6798030160317629,0.3655259732140856,-1.4650733019020223,1.4306826752890214,0.529824847398822,-0.05321981631712304,1.3262104775775898,0.40731514554685666,1.174361644532994,1.8534651436912277,-1.1703299198157484,-2.330477855818248,-1.1356690386071377,0.2003552986490876,-4.483719243597131,-1.3673339124964183,-1.3492052680101252,0.9171223950406842,0.3024783286076548,0.944291687810491,1.7845075950372873,-0.5759350632058357,-1.930888667966005,-0.09017973200151923,-0.09903897042937507,-0.27804455992089855,-2.808550842291538,0.22764714747617795,-0.30296706662253187,2.1509761026440737,0.9595121110008458,0.7300575938379513,0.4546222779955447,1.2909756631466303,0.5072225604762903,0.9911097397834495,-3.980888856859817
GLRGC0291,1.6108415232186482,5.6084771760365735,-9.402833522138172,-0.1643831826020997,0.21288595756711223,2.3806807671007584,5.351842272187478,-1.2269801892578087,-1.8360158713240473,-2.242347195056105,1.749778822226769,0.9301623886663523,-0.7603684938098688,-2.7171943048465006,-0.21754594574534955,0.15870924062801725,1.8623132691861553,0.6074224722670849,2.0006051788880055,0.38323990444028366,-2.2386109039573854,-1.364878680716995,-2.8390599314905827,-1.084115773629425,1.591876465026035,-0.8133255457765999,3.2200246015388294,0.2606354232860225,0.5040068460489409,-0.5930711691445367,-0.9716312316868398,0.8182880232786117,-2.565238166879343,0.32803176983052257,-0.19029684329883276,0.13712844676462227,-1.570288753136058,-1.072338326787082,1.5594802215591308,-0.19958087468683577,0.4333370325040016,1.1311150215386891,-2.658173101426049,-2.528098081504746,-0.3351393721075851,-1.2703111609277424,0.8490887449279234,-0.3956737587709481,2.52152609034317,-0.3107423472602606
GLRHD0824,5.991245240292637,5.464383814361357,-0.7957085338234968,1.503483877665857,0.5445331626619564,-0.38061947599432516,-1.0974243403641175,-2.0429653920919253,1.2740699954409256,-5.768600428092265,-1.9220558249828534,-2.5242199799781897,-2.1781610486436613,1.8612396265776974,-0.4504617555637315,-2.245950567535173,-0.37070014619460523,1.3007982517283565,0.6822253744987566,-2.563129638131064,0.35731033863622524,-0.14866322330630075,-0.0703692660125054,5.34306209780659,-2.4542621973921337,-1.661926280519103,-1.8707676830595432,2.080473378392017,-0.4191100095423431,-0.17148618727909307,1.2206739309754424,0.03014443906862717,-0.5442296010978039,-1.983698205177655,-3.9337948961455917,1.7776979215153295,0.41229325831966385,4.191296979371436,-0.1689590957721208,1.0339609898684248,0.06218225234307451,-0.4601594789112344,1.2207193241657566,0.32025827156896436,1.5497077024205592,-0.28677670346284206,3.316823239345367,-0.16987574876622993,-1.3184877472621472,-0.31538453498762753
GLRGC0154,-16.88349059959052,9.391199273665023,-1.3559094277702683,1.6076818649721205,-1.0029230307167907,-6.5537836471441855,1.9134349070078394,-7.458647977865172,1.0231798407016215,6.076030608763255,2.8857849070443593,3.2120737212714916,-0.741830189514981,-4.9706797451836975,-2.059774944803204,2.3062336772709147,0.8344645652365524,-7.656555863202768,2.162832628260913,0.9180824418106793,-8.339426518528935,4.429981817470072,-2.1837462316815572,-3.5929190531265824,-3.023494664927679,1.8054223143221269,4.556889739785936,-4.231884329789928,-0.3435304252743942,1.9743111772741317,10.829480673285161,5.740486581283082,-1.015447539677758,0.12187222657355797,1.0742868272416102,1.933345012499368,4.305969736700699,1.8772941979122193,-1.4088002620669589,3.487043032080189,0.04837809671293375,6.57825039543811,-1.0500889837666412,0.4071260210940423,5.130646552190143,2.365998563627979,4.678587657258566,2.190759578737811,-0.2396513566735857,3.454957367629282
GLRGC0428,-11.73001333947236,-1.7001900052855388,0.51675573345736,-0.05829648640874423,-1.9541562598005995,4.4665310620800085,-1.8534402911002357,0.4420462662773947,-0.24613440501151135,2.708274063668751,-1.3846144936878364,-0.24010660478126794,0.6843827169716846,-1.1611980940737132,-0.7553084070586511,1.1560158036771135,-0.1927862656054117,0.4964013588064178,0.5369028089710817,-0.9167363457905193,2.037712024467895,0.9284120193893586,-1.9337961893880053,-1.3953779980425731,0.23844115686725537,-0.26960361608521827,0.31728407899524125,-0.5611263907570765,0.4046887851422948,1.5668526874013176,-1.0983868548979416,2.77515040122897,-0.8856667657786472,-0.1178938650902516,2.2931065331910885,-0.2007295477103849,0.5438387924054929,-0.7576320724087038,-2.338456322520633,0.9451466021953838,-0.24726924094230543,-0.04601936687166547,-0.26197384807858853,-0.7741352315700938,-0.6283994537872737,-0.9464904103230211,-0.21040547572263962,1.2612779649157213,0.8573997353359769,-1.2790450943923846
GLRGC0210,-6.96346810270218,-0.09377963496871729,0.7884445698533789,-3.554267034724991,-0.12826570300111653,-0.2375179489327359,-1.4039683736805908,-0.11853918828358728,-0.28339944852904253,1.666443377353312,-1.809962724018929,0.44407363788601284,-0.5967560831646614,1.3272521714341061,-0.9316347735800704,-1.0287715268185,-0.5026814733519892,-0.1808856196271129,-0.5507999102351464,-0.2165393390978411,-0.3757909272886359,-0.6075831547479144,-0.9125675346844495,-1.181898298922278,-0.816763678908291,0.5276283894395989,0.10805502045541499,0.18227363943588112,-2.0453683979119575,0.9224224798971873,1.1149003509089737,1.3760079986834302,0.18884717796785686,0.6852701971977843,-0.08610496267080486,-0.26687405025234623,0.0956822313333881,-0.28695592531842823,0.7674523187618181,-0.24863577530745465,-0.8347139714932158,0.24796403232322384,0.004772415254697588,-0.12545579670441961,0.2509713247103674,1.7758530525599743,0.1326336538520937,-0.02530540620110037,0.5389694229957336,-1.5088643776257809
GLRHD0626,28.78952043871944,0.27135569547205485,0.588942712683304,-0.054163715603464474,-3.2026094535730216,-0.32519617939729745,4.135608368385486,2.9711059184957653,-0.4305760840855716,-0.7669599830300894,1.065103343448518,-0.04815213131977966,-1.585195978498955,0.2523766945614561,-0.35820890269485833,0.4645108463415087,-1.4794514570330346,0.12304362763081891,-0.4238521841412339,1.6893724878596328,2.0830983246011363,2.6486590608867844,-0.5976058751310458,-0.7559338210724765,-0.5892429004124413,-1.5096010686631565,0.7305359908103544,-0.24302725087590205,-1.5565152356071672,0.1881882799376345,0.8386705300641557,-1.7353025633113912,0.9472720866115436,0.5590765692624848,-0.70849592346101,-1.3618190645142585,0.009690121993661397,-1.0864082878103407,0.18693499731276284,-0.42044482116582416,0.04889543614716772,1.5018172940301566,1.0289881531709995,1.3326229250938182,0.40892618433133365,1.8565600890313032,-0.1394824676431136,-3.364280735499704,-0.3512272358109279,1.8766634453943236
GLRHD0764,-7.269206590236069,1.559225367599231,-4.293497583052516,-1.731783987363509,0.047739728097959115,1.750488549205124,-0.2391964973387668,0.6417982717761707,-0.04516355193016608,-0.9569677225483569,0.3987582559560445,-1.3768007630247583,-0.6317715817030422,-0.6007235782499488,0.18215099157886294,0.7646463094861975,-1.9270069154515372,0.7562249019650976,-1.364779545596857,-0.6173839745358588,0.44639042653774946,1.1473592433361652,-1.59056654996951,-1.6209341792663163,0.6306986709773976,0.09088365908243641,-0.8202461904593085,1.3046060331384475,-0.7789896962056501,1.086433071966315,-1.080973854120284,-0.18300762913433363,0.6305336076430252,0.31964200890383787,0.9858103582643098,-0.09735555750466014,0.7489583523961616,-0.052553188753966605,-1.8315286983557664,-0.2292390613269017,-1.7578401468985974,-0.010826777209543769,-0.4088722093484453,0.9503373568736149,0.9019872179163602,-0.3128715890080685,0.018628008555592393,0.1440806003462382,-0.8020383938457715,-0.8621837272184393
GLRGC0168,10.152399022658104,-3.9054017631658864,-1.6582095636496168,1.005588747396132,-2.6806522599578013,-0.595885936091321,-1.2184360260875173,-0.8714630991544872,-0.428855786273745,-0.9952747522970178,-0.9768085113580499,-1.3199401408665,-0.4683319771374818,0.25942658074650204,2.2254810493364428,-1.5617338024791325,1.291984103104866,0.47960248567379304,0.3434286912863898,0.09998506763451483,0.0683048129675739,-0.49900054906017655,0.8585580907204481,-1.5321794379633995,0.7790523701850529,0.6386445233747501,-0.2822328634412861,-1.308977982465244,0.2731868671749801,-0.20626962505009655,0.5506763969039443,1.1455782226451423,-1.590507215980141,-0.2889137503904755,-0.4894889295330164,-1.2483127125403528,-0.14432061837782478,-2.8117819768926657,-0.16571339922951872,-1.0943087699263891,-0.06352985511770472,0.3941932362185662,-0.3892617354391696,-1.0152050461374422,0.5393522504690824,-0.03403091656144034,-1.3692174402364354,-0.08478496751528226,-1.1534786543009659,0.05808814305726937
GLRHD0590,-1.5173074562512938,-0.7195445253843208,-0.40744527858065643,0.5706632451881871,-1.5738964649942582,1.2095901209127382,1.8781447433177492,-1.434574774796633,-1.0343811026286964,-2.0611525065505005,2.0360815661080753,-0.6585362871435421,-0.5155382659372639,1.3289699634043366,0.9369287785655075,-0.1805437155324131,-2.33899669608167,0.02379714993603243,1.461662290921912,-1.4934385154422993,0.4081854116642902,-0.8439486752185497,0.8451503423627592,0.697192474402939,0.23027621973397028,-1.677954007321387,1.6946569368039195,0.7582291309071398,-0.42365401831262883,0.40372125138085935,-1.9833608148763764,0.5157237019768831,-0.8815357207207908,-1.7582805360601248,-0.3957905097012642,-0.9458834849336467,-1.63540512444522,1.1675032495300492,-1.1658975833081577,1.968283444530459,1.0013268521044012,1.2084888585944404,0.6733634994247356,1.2550097588221893,0.5681058363417438,-0.9888756837543109,1.1421681063884073,-0.7575439081972162,-2.9330372564071876,-1.0988288767687593
GLRGC0026,-14.018258633615163,1.6299138823911814,-2.9793975932722168,-1.393084767505855,0.6656588618970503,0.0345350218029077,0.7468209991895804,2.9753586082438552,1.0482946679829448,-1.7219848447271628,-1.7820856725314642,-2.1839381409237437,-1.149210444609251,0.3473434901630913,0.6038662392514613,-0.7813101116844495,0.010292947765150948,0.5956372698200524,0.608618510348784,2.075079671070499,0.5941802596044722,-2.295443925467191,0.10912630042525621,-0.3680611764837338,2.205541757024126,0.5210485257533336,0.5610162556973178,-2.710401601939202,0.6165850717796252,-4.0090483097939416,-0.036422454586268985,-0.2562054944332336,0.7224588004881249,-1.0452832004741033,1.3573928164941818,-1.253632438415553,1.078167746742149,-1.2833574180013207,-1.8428935553742174,-0.5858166734286876,1.0577409602806374,-0.007278883626071352,-1.3078719743332348,-0.13974005237490933,0.5738576544325431,0.49263706440275,0.38222569236975606,2.3218148554447864,0.10719729086799967,-0.6091818577773357
GLRGC0190,-19.54558281507341,-1.3969786382336797,3.8768307122349177,2.5787162636844543,-1.78241447083392,-0.8020347410593606,-2.7259000880687223,0.054354969880430024,-0.138187069697794,-5.1789053418934445,1.802892812139702,2.2594371768174994,-1.6150688668788569,0.04902480816264549,1.7948903943224164,1.9391006298982192,1.5546067697753176,-0.7762844663696556,-0.07406642287286405,0.37096628943595095,-2.04262994876285,-0.9445193838886219,0.26658613450675867,-0.9435510658871424,0.46808151291254,-0.2890259059170425,0.18315681663441333,-0.11164542037775624,0.009180360947629067,0.8957122715440586,-0.9467205964917077,1.7251342023771334,5.639188241047773,-0.120275883406891,-0.4963034291087754,-3.4507830394452728,-1.3771706627436062,3.215708625007413,0.8348659709223746,1.6801030077677326,1.3095065346258898,0.8271561667145578,-2.9125572057289384,-1.8131811466011394,2.0286253586890077,1.1672898124238944,-1.0091061410157933,-1.660126781853055,-2.6790485731429494,-1.3583143230413086
GLRHD0653,-9.68897256482648,-7.105545345227065,-1.863206180305173,-1.3275984364073958,-0.6573249753406379,2.7021389958847535,0.6606717433331492,1.216230939842694,3.430715298273708,0.0848423774843095,-3.1238439131480216,-0.8514338525218821,3.0033241600886234,0.25746784896287467,-0.19777421936926326,-2.3972988103122894,1.0679423291899661,0.4277587747214864,-0.7817056275456862,-2.288054035461181,0.46509756405198965,1.906596641085525,1.217904711527401,2.4040461128323356,-1.1028329358147313,0.5359769119590717,-0.9274168975678153,-2.6986566802292655,-0.8306929911542932,3.0959471628299693,-0.27885545722575666,0.9866952323806772,-1.0303886338279664,-2.083491433851924,1.9895181558845136,0.9021430787647936,-3.946672505632208,-1.2742066544858368,-1.224686476255325,-0.8397813588015153,0.846906576385129,0.2733928133677642,-0.09360699585275316,2.7808512640163108,-0.16947095319903135,0.1682439864044115,1.411098593813614,-1.246886888880132,-0.22966699873003837,-1.3214412090524517
GLRGC0228,-3.0361537409337993,6.847539554033594,-12.404304872577576,3.204126099602805,4.092304986089078,2.8982868789022516,-1.577586857326536,1.3033084057875437,-4.893205673774522,-1.5884261523763687,-0.15605152990868615,0.09325559529219565,-0.16793917429138966,1.7771846441809944,-0.13328490088500536,2.598513486537969,2.6249123330016215,-1.260383099782388,0.5257709568929055,-0.5655581013940382,-1.3825294361970433,-0.25872596197284314,0.9090697782656937,2.8040503789437894,0.2736533083765632,2.474915141424546,-0.17616947346576267,-1.2011346069600066,2.8624202476491187,1.5407380705901637,3.0774450768524555,0.3446397470281703,1.606925789502596,2.3450621563305316,3.4347947645804053,1.877334575567786,-0.4717457621863807,-1.9372488807490515,-0.4569600639908138,0.0825705821106063,-2.9048419227127775,1.6733385585221592,-2.1156853170607604,1.498847693589855,-2.0362288696352993,1.6002663627992366,-2.500231856060092,0.37305656505887846,1.0305543959465926,1.1572106663674513
GLRGC0186,-0.9897970470915711,-0.0087996518801593,0.9803136421153266,-0.19531403414346774,-1.2977107298681145,-4.628007513103642,-4.5736629277429355,-6.689632632425822,-1.9080755696270144,4.400108271642641,-5.088078177050999,-1.1524315660186752,-0.4538898682196696,4.417683931033047,0.467943425105532,-1.6769561951905991,-2.3456438192531825,2.5603860132544836,0.8129037964572994,-2.5945952583048637,-2.660547508942006,-0.8014855167686965,5.660206410760317,2.3784311960328597,0.23717674408833883,2.5229487397025965,-0.28348690636806334,3.285284071005894,3.1112874918001268,-0.6145301580522031,-2.4776986602281563,-3.071200011822215,0.8693031891393669,-3.4591652926613543,-4.8255020702182225,3.0155658564802286,-0.4066321978472392,1.4684924215249573,-1.3862222551094,-2.9540443294056726,1.4771975307548173,0.5633892260604368,-4.942281060655538,-0.47626340691683394,-0.23329833339068237,2.2395111718416114,0.9826947093980708,-4.587824540162893,1.1095476576174774,1.369083916182512
GLRHD0773,3.1680027906261823,0.5544354649242648,-2.2056434957423647,0.38230718009505466,-2.477420800690996,-2.6870449182550646,-4.688579744587935,0.4363969485513635,-1.273424808965187,-1.4923958932682133,0.5270664925720494,0.5933285197678612,-0.43098329102582994,0.7257216793575162,-1.8603418326359686,-0.9525803638389091,-0.11465485141007832,-0.1620980709509112,-0.7915312302865881,-1.6828588542582774,-0.14979100873009255,1.8836442861755096,-2.5010115262010744,-1.7679002376741626,-0.504930376354022,-3.1154077287572948,0.7093111968035866,2.3528264590224497,-1.5118409003330715,4.504649092989092,-0.5258191357348255,0.9199743270009747,-0.6489712167557808,-0.30900176712443517,-0.7324860178867161,-0.5192970648230987,2.0049192354461494,3.0925886442593953,-3.8740236479309873,2.9707569919368875,-0.6273268091792865,-1.5675412697198952,0.508204841319268,-1.9404446789281078,-0.5888036801138199,0.55195812526136,2.2961938026960254,0.506336058981922,2.0405858556476666,1.4334279183505956
GLRHD0634,15.306904129097058,-0.13382185748594266,-3.088096251621082,-0.24332967641683156,-0.6708054247178471,-3.940302337242337,1.9708535973286667,2.5564773951756314,-1.8745318026904199,-1.0696851420084055,0.5721465229461569,0.9284147839630864,-1.8755844173245506,4.172784575004528,0.13705387192221216,0.3212479220153447,0.3856577614284335,0.11212974975469718,1.1843357255023506,-3.0213923475653854,-1.0517056354270755,-0.10069287961461544,0.14697834251374362,-1.6019517777352283,0.048545557625928756,0.6674049438391235,-1.8007194432023303,2.700573970815903,1.9292265145684644,-0.6601771113998283,2.6841210486561353,-3.1533923422228023,-0.40721047896733065,-1.7730039672795,2.90745013638045,0.3276618930559575,1.2926536501052872,0.7184108325136158,-0.8986858492504642,-1.6426138184666168,-0.11439065865082856,1.2755668284696438,1.393766553442187,0.9244480035731286,-2.538138305061664,-1.9288620077486407,-0.2485029975755333,1.943371765434546,-0.5448107426056231,-0.15639261886435724
GLRGC0237,45.57362940424014,-6.1404880756561155,-0.026116215704033028,3.689663219210228,-2.437363440600457,-2.40478423822187,-2.9448149389618763,-4.7814864224584825,-2.454732791674813,-3.2233122612103484,0.031099650446274763,0.3994589665203774,-0.07413397713645369,-2.3930802182584157,-0.4008439138279063,-0.6513394484344701,-2.359598176236235,1.4708290822231254,1.8988963367755285,0.8791593230042075,-0.5843216677671431,-0.04883849551493477,-0.7601169286062247,0.9993461400356912,0.8948041717447117,0.6288513035117962,-0.20636209102116493,-0.5087522035168759,-4.248799242124845,1.3029654027421225,-0.6892990009568817,-1.7656467720897993,-2.4987932892737135,-0.8089609818296412,0.5041763697702643,0.46771092618964527,0.4617084526576424,-0.1202687755773692,1.3439203167559823,-0.7768014662444114,2.267972488597408,-0.11845831609671428,0.15321565839812035,3.7914015177548275,1.9600557574281656,2.4810016171116214,0.3923480776776554,-0.14205759634557164,1.897027099246478,-1.0642172344075669
GLRGC0037,9.097632457044995,5.468312842372287,2.5817226846889274,-2.048111035133187,-1.3060194619692511,2.691887391008412,4.564405464805203,-3.194501136588732,-0.8203785573380257,0.14388855967901887,-1.2089512379667944,-1.307762337508089,-0.9410378972321207,1.8017284851901858,-1.1639998457313987,0.8831500220296888,-1.3283300094392128,-2.2810160064400455,-0.9436922794364265,1.2063124942627714,0.9475296183267657,-2.113071324670398,-2.98836197795204,0.7748859738485816,-1.3815419430043199,-0.01954517798030518,-0.48295485369307506,1.7208957220269967,-0.1914277713667786,0.20321123101297436,1.6154729457014734,-0.942546624188253,-0.2496707251395924,-1.5292225998258373,2.822287269152377,-1.4555248842453858,-0.6258183033977025,1.3482587220611657,-3.4152281651576617,2.130472155322933,-1.1768518872178568,-1.890540570066706,-2.2821284969289652,2.0728914625536614,-1.7283355845341082,-0.5334503212479432,1.4026765636384098,-2.6162598750549133,1.3308499062356154,0.08930883942989565
GLRGC0209,-7.656182178993779,-0.32717528850388183,-0.6344338366727659,-0.840408954663632,-2.1109183275657366,-1.370097587071596,-3.2548370068203316,-4.274164063838293,0.31422893743542374,0.39522803593569517,0.18552353708041894,0.5401625392987845,-0.7120258916570306,-0.4419492730118224,-0.9794946958211678,0.6541329120714029,0.8709997476348993,0.708590278310988,0.4199492231153365,-1.570122588009863,-0.8340246177472935,0.6490700385790539,-0.7660361858222953,0.6908505996682035,0.7694527578607916,-1.2375733545370307,0.25235058609744754,0.49657952869787836,-0.5692765550456041,0.6919389422180117,-1.2893093809176857,0.3609972003012849,-1.0061137183265056,-1.847109438008167,-1.990569361543124,-1.6326595809332258,1.7703410855958497,1.228713084540615,0.630879972133351,-1.159807037572826,-1.3939861843308832,1.400467307536734,-0.40849723081996686,-1.0594308944884543,-1.3708085723159225,0.8306261672557592,-0.21707467784391044,0.059702201069569125,1.4245891404755784,-1.5383119349925887
GLRHD0732,-10.282651982039045,-11.175526991184247,19.42429190472149,3.404462390416717,3.645182028038904,2.9116589945393985,7.438114251480086,5.752720970825924,-5.743692792643159,17.37234055838027,-0.6302348945826466,-7.3742142263119,-13.621982198131601,10.798202046012916,12.954182354411653,-8.21622756514859,5.542155728792977,-4.8307193676873865,4.206715214380686,-3.6477271641013185,6.720900481526288,0.6731212154609563,-6.524136776126658,-4.2620835469228915,3.7288703442592586,-1.5160766443837705,-0.8185433956638912,1.0641931877264323,0.3339916240404003,0.9344635191445666,-1.6048834646862438,4.497770043385177,-3.0130236873353327,-2.8192657648450297,-1.3590313787705899,-1.4797772310318196,-2.2479623762835534,3.0634780014075425,-1.4376827371788907,-0.06274245025863667,-0.07122313321522201,-0.7320408191975198,-0.5482903111541496,3.280892533377397,0.6649771566196166,2.869564304416829,-0.5572244417066132,0.43567584349347643,-3.061314102944137,0.7763802131154037
GLRHD0791,-8.522791523008921,3.321198611010085,-1.940869637282745,-2.559308598541686,2.3035572384200296,0.48965731785866096,3.3895080711467465,4.5628569105439265,0.7328070792630534,-0.8197233525002412,0.5711309681361013,-1.4816244171265538,-0.09705037047267344,-2.660979951775932,2.102736809006529,2.025644765614964,-1.3821981961798455,-3.073934792058118,-0.5044820677906823,-1.9060888273760623,-0.02480930732202144,0.12792854911791668,-1.080889682610862,-1.1858434988240942,1.7739148718682018,0.8274173580355048,0.41396728339281336,-0.8085672947479164,1.6866462272203813,-3.3189976287498926,1.5844393935251133,0.6244321619424175,0.5615232592378038,-0.9091282183045841,1.4568712257269316,0.11563885672577957,0.6040772274476914,-2.8433964483804886,1.8997962462805882,3.6798971160544927,2.3763524184512357,-1.7999500657923455,-0.16605219054244386,2.3650454183529668,2.5418778373124966,1.5621252025877237,-0.7104434642364029,1.3277161569907252,-0.34243027378704805,-0.8189249579814212
GLRGC0150,-5.320090788761361,1.2440635246355758,-2.249537880326872,3.083578545867366,-0.6772304920865295,0.8147184841593832,-2.472454410950084,-0.08589795837566098,-1.0443115624151267,1.6776150133361512,-0.02850654441185098,-1.7286616592282034,0.5114907054498024,1.922707884549209,-2.761570380894013,-1.8470876102837583,0.37347372479107505,1.2023608469910059,-2.778809385226099,-0.9362057459278067,-3.20161985197544,-2.182514355902231,-0.06735111646165944,0.2770808479346234,-2.0010520846080926,-0.3837408684104765,2.7746306576875712,1.941089075559763,-4.855010536997758,-2.436664173748909,-1.4060846564092584,-1.7842366690992215,1.5146136451634507,2.390428996246982,1.3664983919385574,-1.235703033770095,2.7330580679190457,-0.683245497878452,0.7600703175948343,-0.6733096765240807,-3.703657813530703,1.5024469046165683,2.3536926694210276,1.6212162124030027,1.266658054364423,3.9565196353346055,2.663069917946545,-1.85579927220028,-3.0966742041289375,-0.8600281836103668
GLRHD0657,-9.630142703408145,1.556678601590102,1.7112182625879977,2.2367138894689695,-5.5865275244480275,3.7921599688223715,0.3695690642147593,-3.5844287314166037,-0.9960452109136412,2.349694517805035,1.5256557859586146,-0.7330647316176981,0.6246623830988725,0.3633216483387924,0.15307648162027082,1.1556868681372967,2.1299394741998428,0.9922485524689445,-0.9059711179841392,-1.398070935922318,0.6818697496687355,-0.4454579224046719,0.31608809453829917,-0.46766107658642575,-0.021147537537342498,1.2956304276583273,0.7526020830420922,-0.2142381352236918,-1.5703790604861072,-0.7329631261121463,0.07827915427449068,2.5069725606309676,1.1140714248121029,0.7230957864111817,-1.296529924845225,1.6176200117570694,0.7158753887731223,-1.3775572607586009,-1.545175010816993,-0.07071124311375304,1.4991117201945867,-1.4099764907884236,1.9550140054011003,-0.06867466820442425,1.6352321780570438,0.3952339851417277,-1.3215104694232827,2.7310952834263658,2.3810228956074577,0.7054468127718465
GLRGC0272,-19.52957430542348,3.1077910840171104,1.455695699979158,6.644827582168512,2.4335679287755587,-5.250515787753516,6.508611215462707,1.193214975757234,-1.16407966154591,0.01320117283357262,-1.9834368694114188,0.6533350979559263,0.6319955941217127,-0.347144663729913,0.7680293301150412,1.4250848306813664,0.7321997980635686,-0.45306556978706375,-2.934400128913549,1.4259513924430411,0.908153630735841,4.525710924119334,-0.3870677803278904,-0.45125810109315434,-1.2676223195073473,0.11112942789436595,-0.7964555289133927,3.2386416479485454,-1.4561909412172367,1.1958817274364608,-1.9888117032638826,-3.4826985375459665,0.6582684491372144,-4.0060425401490285,-0.6388491899206604,-0.2324605828104363,-2.3909293336879833,-1.6356409035180093,-1.0741098981955703,-1.2670948901891486,-2.9517549216362156,-0.07865450518372406,-1.074683008546178,-1.3455582044153533,1.0171578435501436,1.7802988554294308,1.1728632750726358,-2.3355387956897196,0.7176038333327627,2.7468437587867784
GLRHD0587,21.584563600334164,1.7771066743301709,2.504947898483224,2.4691092750442536,-4.079708744353885,-3.798158656439944,-2.8417567120915015,0.3034048513807889,-4.4159329206961235,-8.756118523090821,-2.7503960622900006,-12.686618382002756,2.6835789262065735,-0.8712557515324119,0.8565898401907396,1.6564217305046445,4.984095164799083,-3.652485435745744,-5.947929048214594,13.282987132546895,5.628379110085929,1.2373924150288202,-0.601143139860104,2.977424261656337,-2.9293048633494174,-7.613911910102457,-5.151351988944263,-2.7527004516180757,-1.5027680899496398,-5.362661703139329,1.6788860155469905,8.163236876136448,0.40204515505961713,2.305514713664662,3.8783943483437526,2.7762609128392843,-3.330676567054197,5.320571535506666,2.18732943910268,3.3236579012285428,-4.146265568310104,2.7395322966703786,-1.8811386257154923,-1.3706277589170954,-2.895539437453665,3.396101022787223,-3.0133073912681705,3.942772596143974,-3.197939521552885,1.1539316130472932
GLRHD0491,-5.588624416883159,-2.493161336584906,4.9854597693035885,-2.4263379787783705,-1.4224330196250379,3.7394036970650255,-2.5435287280399375,1.0128244468675116,-1.2336074913629809,-2.204282430147042,-2.121874623206224,1.2553292121829853,0.4578286069130624,-2.5775863787043205,-1.007497986831991,-1.218141427417249,2.1280315889167936,0.6391794291966746,0.84245505282014,2.540329091328565,-4.174059830790726,-0.9890192566514917,-4.051391594019329,0.42644128433219597,0.39660690776761304,-0.47314443311992155,-1.324246763099805,0.4879856494874357,-3.950550231224888,0.8785603591447034,0.5264035015721699,0.5771558329906382,-2.23713808177708,0.6186293692887822,-0.9526338931003226,2.541082159657174,1.5694980474447593,-1.707349822777384,-2.8074771778202208,0.27288953654356224,-0.2696189956839909,1.0910105231494562,-0.5792161566921518,0.45356031221014415,1.9568777233979373,-0.09423806136260696,0.9381892583297208,-3.5998871189161967,-0.7802528979190394,-2.290682962339456
GLRHD0813,2.9909889376489676,-11.4735478956459,-2.2402762523188953,0.5757248339967268,-2.23535048778839,0.3745027676374777,2.835211051825398,1.666388514373149,0.027996724979386788,1.0284004997648502,3.089849145051757,1.963609678062286,-0.6278626267878542,0.19737204100217445,-0.443598320809455,1.6917748647677182,1.314938522625366,-0.5971166445775095,1.2753579176341272,1.1476581040008542,-0.05882476033339924,-1.8071992000621528,1.1095804180127573,-1.4897237652409927,1.670521545034589,-2.6171161083697583,1.0429892208690914,-1.312411789558172,0.07225054660925567,-0.5039303608212773,-2.1559277256313187,1.2589540417465008,0.675137917874796,2.737512553314777,1.5625226453668026,-2.6827308507542535,-0.21542603329403612,-0.27593956697207006,1.3745639057809371,0.8614285988241839,0.9452118471998218,0.8296873225353357,-2.961761523824462,1.8405851030442464,0.6676301183817174,-2.1200897197570288,0.16180578763508036,-2.045327828804338,0.11011222256290047,-0.8539265573557677
GLRGC0229,1.0328429732241113,2.0043754120122728,-9.493835490446099,5.010160822218393,2.9839546897577853,0.8122463319325713,-1.395834152428726,-0.022887347842530367,-2.4436139728536928,-0.07155833154505191,-1.447377165341757,-0.3301975047450436,-0.7339325887686114,-4.271576201787256,-0.3516610217605167,-0.3675441026732924,1.9775004318276062,-0.6192935635525262,-1.058979496027769,-0.7537463222724734,2.4632765792057643,-1.5588047006598178,0.11591985568526347,1.857108929406534,1.5645562996248434,2.5252184089530108,-2.12118765382658,2.195095141830223,-3.212126586741625,1.6015422860683404,-1.2660671943672983,0.09992861993090207,-4.830767498841099,-0.6272160559202223,-0.9830015032285294,0.44056134611523895,1.9874971822623178,2.860326712632353,3.1837139037906286,4.513423234714945,-1.3516722806501391,-0.719814328300785,-3.9575086997114055,-3.5241661762540097,-0.19251412189031766,-3.643915746813143,-3.178262289925801,2.4402468005744895,-0.6128400958080411,0.18464925152196687
GLRGC0261,11.598352410513959,-1.996339268214273,-2.162102162412709,3.5701029459554414,-1.9762151526914977,-3.804912130716636,2.524886042643102,-3.5097155705299,1.1920732772062346,0.2698172664732858,0.3796163965490054,-0.355948529858064,-3.437896493538635,3.409726799297763,1.5985947730979182,2.965261534115946,1.5355135079344204,0.3545688737906435,0.9480120653713452,0.37268574431869006,0.6222900054447842,5.58020809075841,-3.2026051396817974,3.811858497461334,1.0212483959047183,5.490320233275196,2.205206392987672,3.529406367269269,0.36321889358917103,4.988024233378569,-4.586788896892304,4.83144109517532,6.049722890012186,2.9122977804566688,2.095230353113626,-5.779847916831916,2.042422359494894,-3.104161530327451,0.772160728817112,1.3566884149844238,-2.7620942735954848,7.811028233302434,3.7004392024296324,-1.3368293915393927,0.3261595826589957,-0.37499703652106536,-0.39871199002311136,3.1157857461718175,-2.6965969326632964,0.42506259752278375
GLRHD0806,-27.364835181276728,3.9748367105577396,-1.936030458519719,-1.3996095592859468,-0.8551425723055975,3.569428049216354,1.1501825056466806,0.3931626320114402,2.2900282689857105,-2.6519558840094994,-2.1708055713923886,2.045476229698922,2.2650321364779127,4.488750959423579,-1.5245164204021762,-3.42457692982567,-0.6282161597484557,-1.2394397982344243,-0.5016454898343713,-1.0001574917267477,0.8945861489817429,2.4868449586071666,0.9907853829449057,2.3799821172390256,-1.2668801637942166,-0.8352311018881571,0.38850237027853557,1.2061162667525753,1.1124759044222674,-3.0294520359342076,-1.927851164973652,-3.378408229208452,-2.0228769166728298,-0.7810725441313503,3.459889280248369,-1.9721457195894996,3.099849936848931,0.028784005665692156,-0.16171949740378946,2.268949956613112,-0.7072058394566362,-0.6203227775586955,1.5530068450932948,4.167709758918712,-1.3443687645983804,0.8504011237656488,0.2533839588973881,-2.8330194030915976,0.9551462006629524,0.3566935709149794
GLRHD0099,24.23626166520147,0.9178633028442253,-1.0214481269750575,3.1860673970357682,2.334440648616338,1.5456045140061105,-0.07062045948395965,-3.3039766012416445,-0.933839042393819,1.7324786819219977,-0.5665836695228598,-1.2171215318319346,0.6392443566431347,0.6292410205855631,0.37451962647677056,1.4980690058837252,-0.9968963147922738,-1.9985018441298439,3.2789115938744997,-0.26199690016689575,1.6244765314331082,0.6947950218558868,-1.5081716208796734,1.6580227206894975,-2.236832389814428,-0.942790893873199,-1.6557784298888862,3.3872428161002555,-1.1677268735856603,-1.9706734868713875,4.517320706213895,-2.0908434174390833,-1.4722512881869294,1.3388480971457701,-1.767741433723682,0.5810400974419226,2.143936741097548,2.4274339247394217,0.87190472663071,-1.1261127863903881,1.0476431884282609,2.3184342594917777,-1.4709922643103164,4.521325451919771,-4.493589406359115,0.6601805375348025,-0.7609405331524215,-3.9635032025623125,-3.021535700536529,1.902200297238373
GLRHD0685,-3.9370482128404514,-0.18053567036693882,0.21104701414407454,4.17096951887217,3.501284622100205,2.31609688581026,-0.2112400809850521,1.3477761442601826,3.1001741123581343,-1.2822460535784896,-5.838720925009196,2.747328199300141,-5.2791460713139235,4.612228453837504,12.138163756728705,7.093377037422297,-4.88231103204552,2.929715746824168,-3.5370383914187844,-0.6486724720780717,-2.051132969787112,-1.3049125859061894,-1.2776756805319625,12.24577571168451,0.05469977763399611,-7.497567877252949,-7.776199288786128,-5.426564596505847,2.728484047728593,2.1074852640897097,4.624426939436824,1.5553958288331697,-1.4456413134039405,4.810086687278212,-0.5654751078677529,0.934134141199259,3.247139830114362,-0.9491415307616196,6.481628692559629,-0.05264905630256538,1.0010905746967245,-2.6019474449023066,5.067689042720438,-1.942712598689407,3.056614509122841,-2.1304371069638166,1.8624569902177446,0.21839253881031953,5.0909436902444964,5.959305855133671
GLRGC0438,8.254557150661679,-3.1897968518435547,-2.5176407353300303,-1.0375841756535864,-2.6604962779271855,-0.46214337579631876,-2.069690283835789,4.762439159336514,1.0452923337965763,0.9793846345820905,-0.9368619077756329,-1.9336256455608893,-0.5184855488961644,-0.9671413313706169,-0.4392833317372002,0.24468837055655374,0.4717035263398733,-1.1745130012964715,-3.8605159076247606,-2.130333219348831,1.6426245183288877,-0.14596639022556962,0.6673751635654642,1.3661882815730648,-2.3397494455325254,-1.3243052291582837,0.3106818861131888,0.1077404967082158,1.4810604536370926,0.41594484215229005,0.2889934346494127,0.6844114269494636,0.413908417473962,-1.1884754023328539,-0.9809005388680935,-0.7296770763247994,1.4970234463096006,-0.9991270320794586,0.8161010565847814,-1.1169981083789815,1.1049048879149463,1.8196815435945197,2.0653170035892954,-0.21051113918293748,0.12172610094625592,-0.8763971460503592,0.07938974276029274,-2.5706251924377566,1.3134173185253342,0.9512573361741692
GLRHD0608,13.129315670908937,-6.338120349453294,-4.4407764361878,2.6436831074217513,-3.638583085345019,-4.159311947829319,0.8851652396628066,1.1932960838588142,-0.6609368884774984,-1.900174038488784,-0.3041453596990204,-1.5858417882869593,-2.5612524189937895,-0.12872111490643634,-1.4144669720201481,1.8511483639871962,-0.11279872955274449,0.8647075447268001,2.011957715808223,-0.512176650023022,2.9767703996116897,2.9108468639750686,-4.7602346245632505,-2.4269940791457656,2.023569547267329,1.663425926343437,-1.8988632868638078,0.7446626143950625,3.919206786065979,-1.6501431127096022,1.9573769859730115,-0.7545457327313282,-1.6739907646030399,-2.3290504877188263,-2.364060491053398,2.225040656965219,1.6346658539259398,0.6673239237779011,2.3049012983263926,-0.5779290308033914,0.4185631774827394,2.366887544517151,1.0011873788115742,2.7613685082933563,1.052427421768379,0.41133877745253583,-0.03130404249576453,-1.6576464942899027,-1.7538420702532909,0.08715120083729
GLRHD0762,23.34223328421774,-3.830426044112769,-3.1787445461779473,2.804874100092276,-2.5825258180159065,0.9301711137811863,0.48080808903454086,-2.1955891430634584,-0.9454353535409429,-0.9462232748799644,-0.3363666223259552,1.3160388348783214,0.46289636396101075,-1.2862258471422372,0.046687465036621446,-3.638300364568701,0.5650510307902925,3.062908333555792,-0.26554995773693135,-0.9436351917601847,-1.5974717490114154,1.309852445032866,2.6668450338424834,-2.9514869165066204,-0.8316022078874983,3.8462605600110984,-0.8441179294972204,-0.0855090405867998,-0.588911478551309,2.6546659414736378,1.3781230803839573,-2.387914984125013,-0.9479986418573081,1.4970242958415634,3.944251037824125,-0.8961318163086665,-3.6398612627214755,0.6398127743835561,1.4980336259450273,0.05153210666930714,-1.101313155932981,1.6759242046469103,1.5243892388499276,3.964639469536859,1.4949877944909216,0.7233288476269029,-0.6981367592033602,0.11227401337155805,-1.7543434841079728,2.5448849539711396
GLRHD0079,-12.986718855357653,-4.9120672108579955,1.8998100635414694,-2.670248824063743,-2.686639660487743,0.22493364070912497,-0.6495410123105758,4.0440534085772715,0.22492041448307273,-0.2256525769891495,2.582393234083028,1.302789721881915,0.18266651336521952,0.3150031711350026,1.3832998347084153,1.0745276952637437,-2.341915373777373,-1.5367662765734673,3.1833024779183,-1.3194110537120705,-2.757737023204998,0.05722050773507283,-1.1639540949872802,-0.4813391672475407,0.5398778997196393,0.7329996146791542,1.6959189484335495,-1.0805308979700274,0.6739717141860322,1.3060920831264218,-2.4522300302433915,0.5075302015291924,-1.1716236506527868,-2.3878802976887843,-1.4461007069555145,0.061668313823934534,0.1829794792287547,1.8964635077718435,0.9977000050346886,-1.692421582611615,1.9681115613104472,-0.5015715348383241,-0.13542306214930658,-0.8778839312764584,2.909337922190843,0.5997243671647736,-2.190014518669505,0.8055845864783593,0.27749686581687116,0.5867775201408781
GLRHD0678,28.729305995839155,-4.553003758477749,-0.7318569824089307,2.5967237606049367,-1.3984844034550736,-0.33427100885301964,2.6245228780684537,0.21459364241593687,1.3636355213059326,-0.9735275924215824,-2.255759295328976,-0.20615483408020202,-0.24394455073586216,-0.9553528057247758,-0.5298674210910927,1.349986387293392,0.8644865534769464,-2.091796750651758,-1.607433466506349,-0.9336200812361761,0.18350994383534933,0.6519756748388161,-0.3070664134189822,-1.2299743517367796,0.6425544165057833,0.8504058578937227,-1.1990334425795734,0.3744231981258146,1.7656416248502222,0.7492645943434696,1.3586051585590815,-0.8987736896867748,-1.009829761107036,0.5317108882360415,0.4308115746046763,-1.054459955350003,-0.5232540181792519,0.832797995213409,1.5828138703428154,0.9343249538862719,-1.5039427079423082,-0.97349858576162,1.0216219632861745,1.5671478863402013,1.2827047458865966,1.1026725199688059,-0.012567863756850182,0.6891306685094984,-2.425657222010813,-0.5580211043162109
GLRHD0717,-9.618883963146432,-1.8984185019672979,-0.5089181583269061,-0.7087120257318258,-1.0579786378764426,-0.09462341340252374,-4.192700585594755,-4.4542769882691235,-0.18609374952297444,2.2238271804623917,-1.2955228611880443,0.8301805660607825,-1.2863171393329655,-0.47295550842156603,-2.6157487666694075,3.1687486773029825,0.7553587737538603,-0.7839036821051604,0.6495620546955982,-0.956614996246084,-0.06565413997699206,-1.3124788860353156,1.4300514616666087,0.5833864316830005,2.642929348424555,1.4595912204498953,2.1431681087296073,2.111961838521805,3.708577469219403,1.9119215202446636,-0.44120925843953207,-3.162431704765188,-2.641433189861441,1.3557126268109485,-0.047828694975552005,0.3084207925921453,0.4990497849439856,0.7460507786467454,-0.6081768880706776,2.047190723357249,-0.8300407878443902,1.405945606420394,1.6217933154572297,0.5627004038205042,2.3811219694132966,1.2306956252728725,2.09224489106967,2.8604028027808512,1.113067180163948,0.5854624542098936
GLRHD0754,-32.35786417633139,-0.8373794662885193,9.651427187120776,6.44334399463022,2.0206600297130985,-2.4958765323548597,0.5618654698693402,2.979250030622414,-0.5505521652772979,-3.0444078880670684,0.8755161820289425,-0.6851483480893438,2.5013614535472004,-1.5554557649719325,2.8464485329810607,-1.443109960231668,-3.1034334168679623,3.387692158631639,1.6384225736985483,0.213647143565072,-2.62977580978693,-2.530713928129932,2.1070429685730723,0.042763946117377744,2.927372317382186,1.4174015721835498,0.1980475382540085,-3.7806077029445926,2.664559796290936,-0.6430666798917433,2.668267900196782,2.2282950749778965,-0.9089508690975416,1.091398388777963,-3.749450525908705,2.7298578866828924,-0.08401062972378456,0.8199645666005825,-0.007654490239567688,-2.3682021897056598,3.301938323641587,1.7375348518613853,0.020867658156080885,0.41268953821636956,-1.1077491914504138,2.2312018892433723,-0.9828476249112083,-0.6303360539746798,-0.6005971234548237,-1.073817102683016
GLRGC0340,2.4263989597010784,3.410401268906593,-2.452230350243029,-3.685649926613712,0.19350487294609472,-1.3801687041504114,-0.9966317226351253,-5.6796748970042925,-2.7980595596769713,-1.745915073012524,-0.6953792710327928,3.3371698601123727,-1.4853974343778797,-0.12725386288813081,0.6057969592304563,2.405157807510117,1.0040144234877213,1.9252937541024073,1.1124414459665763,-2.7581051532439567,-0.8660545937163129,-0.6341696139720845,0.22251691309961383,0.5269049859561775,-0.32972901525383136,-1.6130702170560707,-2.1684418875320803,4.011393092145062,1.2662048133516428,-0.5180422111238356,-1.6759673246886346,-0.39700506446841993,-1.3053907255096475,-0.6505534096400046,1.3281734607755276,-1.252551439438447,-1.2868649958635787,0.07292517417002488,1.259034555190529,0.4079239400207583,1.436863876308009,-0.23681423193430168,1.5926808097372562,-1.452378626789838,4.117213369318197,-2.0599682168308058,1.5357546617349815,1.1419353667192333,0.9507464574757042,-0.43814941058619056
GLRHD0120,7.559597850996543,1.636572684567663,-0.27570166855088246,-0.7627201364060009,-2.600780513396439,2.328409056759584,-1.7216284415509622,-1.6659608329802627,-2.175724797404823,1.940356243284688,4.18434561510322,1.9653403731732377,2.015742023656741,0.8491023331245205,1.0068036428165779,4.211004002634543,-1.179984382269107,-2.5450310035423915,0.21769635234735682,0.2876232848096995,0.4348658681900166,3.055041129263705,0.3224594569612609,-0.1316734337617941,3.4451073058555095,-2.518940128239217,-2.7623183681279793,-2.940334102561677,5.462561997093056,1.24186027854693,-0.5392234090198483,3.01186141651189,2.34840888017177,-1.3816221029934725,-2.3797698805711684,-0.25555254939844513,-0.9341947860918591,-2.843836183413705,-1.1962615438550424,-0.9768561554663002,-1.2057298771727023,2.990079121330786,2.759890319611339,3.652193716570712,0.011924640815463544,-0.1811030514094357,1.7134997374399803,-0.23784761947344873,-0.4794653208450813,-0.7405299320589095
GLRGC0358,13.059052906445014,-0.7921026110588499,2.2431532155889613,0.891898675453932,-1.309793902332846,-2.3362035520028575,-2.67513876572843,-1.9244540611004968,1.151126147139058,-0.28151717435063334,-1.4045606003180529,-2.185164048528417,-1.6685560336932648,-1.5724516903632515,-1.8772605522188095,-0.7207842287825835,-3.1866439338533303,-1.3366169756776138,0.6327130087124574,0.662852719925632,0.9242240387022806,-1.2214951670680534,0.00473170736464378,-1.815802464109716,-1.6323892239191915,-0.5556917705064023,1.8728613593812447,-1.4185616125675857,1.0390832671547918,3.8749369628093664,-0.4267334200978967,-1.7218741950856171,0.7157636320904281,0.6280086552659032,-0.4732719393755393,0.5085275262644331,0.4166548350775622,-0.2819275014530035,0.2956105496534234,-0.5161725091491313,-0.5943809730626024,-0.1633625674391464,-0.45342036077524445,-1.0911555630107257,0.22795540933552322,-2.909041117744413,1.7390569262149997,-2.0396555433787964,0.5136834305399504,-0.1343818449956428
GLRHD0664,18.88539832740857,5.144033055232693,2.6560604927553086,-10.805394487381548,4.9428378195619205,-5.734078561358985,-2.197497633064821,3.1955051133382057,1.6089706993550552,1.1336146508497589,1.1741846933963462,4.84154330263755,-0.8676730140284491,0.7171737317072979,2.298161891892654,0.6180747380313337,-0.9888023704910293,-1.6063205407545165,-5.792375930837476,-2.7209010191396183,-1.6665380124013685,-0.9818503737933367,1.6708271980888207,-0.877394912832226,2.836785240228769,-1.2598806563681018,-0.19249013543686114,4.910737597773544,-2.4566683019691955,2.1065936310132334,-2.5521297159736225,-0.25170278421605513,6.8339893921661234,1.9812168940129573,0.8361657994412945,-2.742893456144515,0.38812180644641764,-0.7207837680425266,-0.9137756805965913,3.1995994277098228,3.865079884856715,0.5985752107698172,-3.2015226115250264,1.3025765843542076,1.2358475128018545,0.5448312312414525,-1.228832071541486,0.9729237250285957,-0.8749092569782327,-0.8014068189789062
GLRHD0695,18.89731190055568,-5.775078920083532,0.4269287485674811,-1.623132573008132,-2.8631245201377857,5.447701642421772,-4.117206741588592,0.37363678558578256,-1.4294443741439349,0.4894826895368621,-0.272539458667529,-1.771134067400493,-1.138136660286921,-1.5756561652812127,2.7343168971781595,-0.9927954511636174,-0.2663215105196034,-0.7829908651949158,-1.180313918204699,-1.0489859536210753,6.407997833236952,1.1355762494626336,3.895273775159708,1.313365524207544,-5.822917077690762,-4.726346898303083,7.196732405088862,-2.2451336727565963,2.9189304439244133,2.9602882299154762,-7.565218444729343,-1.821062236762535,-1.5003269860233437,-0.8067182550942338,1.2044327732603557,4.691738197797116,3.3476526086774956,0.3905687266028403,-4.657346903090463,0.9779368544525884,1.7406513597418811,-1.972959584326281,-0.9539481250956185,1.15127593416612,1.176135454196842,-1.561210466555465,0.5585535720822166,0.8039641160578597,8.4128379452309,2.3811157175976874
GLRGC0378,40.2827913587105,-4.5368538447117635,2.4172016507490572,1.5164575364926196,4.065859098421101,4.093910705956957,-0.4052101964871928,0.5745353434245739,-1.5265999537591093,0.38530905433273704,-2.014635591281786,-1.604345347527414,-0.08986207733427397,-1.9516915683799916,-1.4677098476264272,-0.719352712403463,1.1315065095258996,1.751742055280573,0.2734018730061055,-1.0690947719550548,0.29710899714834693,-0.7423493556869913,0.5465664802069286,0.23693334869301694,1.964202419473615,-0.9633905730038202,-0.4136963920665453,-1.5068835181951084,-1.8197622396796154,3.016406587238293,0.1572745669294992,-0.21744453746857617,0.7435462481396089,2.663438069470185,-0.633251727464625,0.5261170145903967,-0.36888520440579287,-0.4130524604606729,0.15277892546367067,-1.164301680707049,-0.13156783224119806,1.5222637087467075,-0.11207735482319654,2.29038379986848,-0.17361223530482597,-0.5545848065397531,-1.8953877975554394,0.5623841603511883,-1.2815317950417546,0.10126159708670787
GLRHD0674,-16.6133913197923,-0.5326811565928239,2.6391920948924525,-0.4246168500353965,-4.02374834083459,1.1192035899338526,-0.838753043119853,-4.133315690049247,2.844281652309988,2.7665653315758316,-0.6033425157621068,1.0102108239909375,1.890549856680084,1.9645549302908805,1.4453937162648662,0.04450073888998344,0.05162498019107086,-1.2246803788428566,2.576765856579302,-2.685639159411224,-1.905686422006822,1.7943744733336264,-0.09716424531992593,-2.375778944001765,-0.8183867376862104,0.4074386181612314,-0.6445924357857864,-0.12935785773244687,-1.804000732975596,-1.9897032795516685,-1.7473117266077047,1.4144553054863922,0.848729346339012,1.3429414895787373,0.12936035721176972,-3.3799732377489766,-1.3671631282140246,0.057647666252977806,-1.2754634481754765,4.2411567995681025,1.4582694653124368,1.7852898089065306,2.0711017627508905,-0.9874973703651685,-1.5906157967126109,-0.8803550792443046,-0.8167201647029588,2.1038062858390005,2.793168040947465,0.234139719634282
GLRGC0136,28.151599093356527,5.206866121835176,-4.432004781738149,2.9556007530076625,-1.2848578326376598,-3.7854737245495707,-1.961724044179464,-3.2677724322219235,2.9909838562125297,0.24696802112777536,-0.3615304573569509,-1.2259713792625735,1.397686671429796,-1.2802844308292538,2.541055825973137,-1.8818360568169097,-1.1131050476884705,-1.120267121797013,0.37404373838116034,-1.7594139091859928,3.1598481824803564,-2.667622254117131,1.6980359403067078,-1.3526999162886368,-1.2057612326495384,-0.4699060655291697,-1.752265724149775,0.8776356225839783,-0.2020150825535936,0.26264098138983055,-1.8887407157777893,1.1234832672451927,-0.4553434684731802,0.6205647632265349,1.1878860342676547,1.892814751398822,0.7281396971799945,-2.7539847891908606,3.5282154019725005,-1.6026492811758395,1.7413336156890415,1.7396847514670322,0.750346602690677,0.035262606279796896,-0.17569721287733744,0.6959858628844074,2.054583331624656,1.7535186276564665,-1.8603965567361156,0.13857975164520736
GLRHD0670,-1.9251522526602038,3.8523831179922583,-7.118344701237611,4.951444907660178,1.6107034366836723,1.667628511892811,0.5127181268248273,0.15368778655426013,-0.8065877532165011,-0.5975273310981963,-0.44941873107764496,-0.9671549428671806,-3.338747625584655,2.3300221342598335,-2.0943976282587045,-2.444804065043151,-3.7563543471212837,1.0914610327511243,-3.2091617516056,0.18828392518915552,2.9171522601416497,-9.00176191932023,-3.944385374405287,-5.335641635826332,-1.485153597061845,1.3870028133382313,-0.115006540115311,-2.596204451780043,-3.088046282097428,-9.635232434743704,-0.7244791708066516,-1.533293780066213,-2.3521216553911253,5.615096068657982,-2.24195430120156,-0.654497923250342,-2.285932229452644,0.3964595883985688,1.2134804986437402,-0.3884138861274281,2.6639689125482566,0.23301550297227291,7.186998806870356,6.883951754312839,-1.345268853928947,-2.5327052256149782,-1.030008275122679,-1.1742467049758445,-0.8340385421441695,1.1054453807403577
GLRHD0752,-9.470274096108675,1.4996011505361675,1.2518802761259014,0.07574361506986771,3.391123141335079,-3.487296704773997,-1.0257497000560694,2.6332141082631084,3.4586353998068464,-0.6968135960973811,-0.7938300653227097,-1.2508355247181266,0.774412146081454,-1.565505347743974,-3.896832729638521,-2.777677747993738,1.1878523105359615,-0.13515876857239598,2.048278941229491,0.4192699301714175,0.19463384683180834,1.4165753398345737,-0.157677218730447,2.352187050011363,-0.9568558152460308,0.7414682629811673,1.4612255223971635,-0.9421430190713787,-2.9925114816449825,1.3514090248180866,2.8743787089552013,1.201053288849721,0.004445305180443477,1.3183079534125155,-1.0935545942432323,0.5778343239836323,0.2113356413887552,0.26349151232330176,-1.4329705312881538,-1.6415794478622452,-1.8414393928769393,4.814995521639989,2.4837523340952963,-1.9871353331313628,-0.810857966626011,0.5588463842264195,-1.8109483030964957,-2.4700669717228747,1.9209923815511278,0.39438564353615585
GLRHD0724,6.525962330288332,5.816811128714082,2.96578307957068,-4.786879179542357,2.594838052955972,-2.9779164322957774,-3.865016290423993,1.695631674037975,0.5624256094119974,3.3672686828235303,-0.5332950819309372,-0.3213024768751674,1.2970862924473086,-0.29575881261779485,0.5881651730481439,0.5467191992643448,0.027970985021452732,0.6293174387023586,-2.6051184766569238,0.6051769843384753,-3.104593859240844,0.78881052117705,-0.17069709914569822,-0.22211220650574656,0.521389537907612,1.6548901940842515,0.3017904624041515,-0.6039701668865618,-1.9624117410592017,-0.8074251495987966,-2.119390098461958,1.1047770835720867,0.3016640884620298,0.2694922673186903,0.37169699907027676,-1.7606132111948267,0.8836861261324153,1.4213163590955669,0.28710421210929077,0.3157239506127819,-0.9614101445883755,2.450721376234685,1.951485458311054,0.7458972195170792,0.5012679055406477,3.589726817544703,1.0855027837896187,1.0717969662662308,0.7069157889220951,-1.3624338391514055
GLRHD0517,39.26474967880279,-1.0330053100939522,7.252917900540176,5.724371376051368,2.438612026851921,6.0675364225980575,0.8101213741418914,-2.790832891675958,2.1792552436631065,1.120747664907097,-0.9972839018107007,-1.1519955329028024,0.8424500801809907,-2.287231575314543,-1.1486053178534792,0.3593786154547954,-0.6387988856437621,4.645483449591314,1.3494332111413132,-0.6355484949040557,-1.8261623508324962,0.45874606497255965,0.2867668841000248,0.603164476964431,-3.03607265759134,-0.40908257663589687,0.3990405619943812,0.0894506887725588,0.37108628766606555,-4.931335817706219,-0.456422382978251,0.9232494772465787,-0.8798104557103701,2.0273418306240107,3.053976320527168,-4.43871089455116,-0.08605473930536431,-3.8157241004531586,0.8368777040408882,-0.6187319336599971,1.6597023976859226,-3.796451559339252,0.034044559769659574,0.8041883605839804,1.6097471636827598,0.7228318742592535,3.0968900388957175,-0.6340537117342904,-1.7470528603965254,-1.4471277679554209
GLRHD0728,2.834052138112973,1.4477485069453098,-2.1822721649495365,2.7943662451658517,-4.314274474974304,-0.9964024389283664,-0.49000974026565924,4.637583794620171,-0.21268538950229685,0.8044153324528635,-0.5312522766174094,-0.20596233711385573,-0.7818107625614138,-0.45185943513757193,0.4402638338064253,-0.7275547485149868,-0.35516759405158055,0.2756523081155708,-1.0214766738093806,0.6703310330083059,-1.9340532275921951,0.7224754716916207,-1.6662182184689607,0.4542376065998461,-0.9958038633334393,0.19428989167663907,-0.9215211029527346,0.772079692547851,2.320370551383293,-0.5081483881037292,-0.16863249751472414,-0.1516472062637966,0.9662044269931649,-0.5367803904066618,1.8022270467397332,-3.146319825697717,-0.186101958117521,2.019790282014377,1.9194004877830704,0.028066690265069735,1.3902721633924469,0.5742683234167901,-0.4491478125793396,-0.36767559092009183,-1.3278770481522644,0.10069826274791645,-1.5501125481857154,-0.8099364633235856,0.4838470721565139,0.9908052084970163
GLRHD0705,-27.30007340899864,3.751759289569523,-3.2044194890944584,2.5343733012621334,0.2584165521825201,5.532627964413884,2.289024923875865,2.56341671963212,0.7004149207605451,-0.72328584515509,-0.06211282853156531,-0.23642817133008018,2.7485068454837704,-1.9815563900540043,1.8390794589789796,0.44650638442055707,-1.7217940633592592,1.0653047207804973,-1.1491824116109706,-2.620528863425827,2.512190352684648,-1.0458824607926034,-1.3111021269415322,1.3937146741868907,0.8144813345621945,-0.3268155778175786,-1.401400322797105,3.572186112324688,-2.3553208782765007,0.687666390226945,-2.142864659293838,-3.469848425478578,0.3976089332233792,0.6517194443479798,1.9626177019739954,-1.2067122407241084,1.0401972868306422,2.0107766964310883,-1.7145368347128787,1.0756347447739392,0.3553184850758804,1.9131510219788668,1.4745793903707636,-0.46603621746479085,-0.3844041353424662,1.858050439150983,-2.3619900115976304,2.0407314734640347,-1.933776926822183,-2.366486168767436
GLRGC0267,-11.969192542921459,5.085702747237884,-5.743427036921816,0.3972586060621455,1.2516691248168754,1.2489352980321713,0.44645548056319856,2.0196102546751145,-0.584255743489904,-0.3620161565504366,-0.4054793921826825,-0.9685793241283618,-0.8129208731503037,-1.2125041509347192,-0.9928433583373194,-1.131036575452282,1.469723319430609,1.4806885818588014,-0.06624088444125839,-2.1296680159808155,-0.7209589566636689,-1.4392787978829191,0.4120697406421206,-0.5626253894228962,-0.034076490786329856,-1.6838668019431995,-1.240053011312825,0.5409639465717064,0.9309694761999413,1.6395413780664478,0.33326054683549605,1.0029912717673748,-0.6080750553799232,-0.5785401891973986,0.921770218097854,-1.4075340102046285,1.0897511034218148,0.7219360253753104,1.843083744330359,0.45685575547214713,-0.20385827292739317,-1.6220611898478003,0.28589070421287244,2.128224819619921,1.887505084694985,0.1372822149843303,-0.7670815169885287,0.4314994268649584,-1.2313560558958048,-1.095723303950782
GLRHD0121,17.51806634990328,3.9489979243447793,0.44617875542889923,2.519279789927391,-1.9182114808085198,-4.47571792359727,1.4070526296687975,-4.335025001041191,0.6533765952522039,1.1511159256114218,-0.7224694193531247,-0.7210635264135292,2.5392648002486484,3.879709955644161,3.098286775039141,-1.8205820807268802,1.470348211945938,-0.7221099658995691,-0.7164465289448759,-0.4456397977926878,-1.0672632526616495,-1.5077828032084308,-0.9500731385535903,0.4548565036061027,-1.3989530017182812,-3.9605375856296527,0.33520935359408055,1.0648604850441246,-0.6353457458959458,0.7517582290965582,1.0334331376867787,1.6396900590167625,-0.7365126427135003,0.5690820596588858,0.5404551381179752,-2.10083509257084,-1.1430592642176,-2.4605038782006763,-1.312135600291082,0.6752542000324302,1.6680892443988613,-1.2195930045878298,2.0180949083067765,1.3260398310140273,1.4616042597121552,0.8636131995654163,0.3094718980778591,-1.457462625341071,-0.18924542167825373,-3.579060410040405
GLRHD0654,-13.74918268157538,-6.392350095922138,7.0106382820301265,1.865246212591772,1.9994804633823462,1.0303694110321098,-1.587489303299307,-0.41333535174711483,0.31648534939350353,-1.536984322324221,-0.21278041112972282,0.17591482887155876,-1.080201294664486,-0.42394263696523393,-0.7975625502341877,0.5767022217509706,-2.372907361917607,0.6032385219777961,0.10320503142352078,2.1527488002732285,-0.9198217478346701,0.04696529140140704,0.6803537596650435,-1.090569684591266,-2.242122299598743,2.275801800883607,0.43276798451339005,-0.061009564649914985,1.0519208422350717,-0.9700432670530433,-1.0225809185773058,2.6780879582870307,-0.7639127844530789,0.09932050654062897,-0.1850556309301635,0.4267185001989735,-0.2303744236295824,-0.05882980160919638,2.6168030364073864,1.1643596533258138,-0.91399232341043,0.7792536344341063,0.4799861391501886,0.5660865888212465,0.6961233774529683,0.6434715547599542,-0.8219249667654656,1.142139637218124,-0.6951229688491316,-0.7877218761149221
GLRHD0815,16.163234649393825,8.565193254366047,1.902393603199986,0.5826766777922454,-0.03435306775274508,1.4471626031608482,-4.4070671049244865,3.058369903465528,4.140032970025157,3.7634272121861234,-3.6516380549931036,-1.3557525350168826,-0.19461243538095896,0.2860425858253073,-4.747622759538557,3.7679994302151893,-2.3211074387501505,3.155176368847506,-2.7214129840515255,0.638380472107682,0.4765175723441187,-5.3802264281425565,-0.7464825750961608,0.3323815043921388,-1.376204017115197,1.7040256992761085,-0.44555940260950094,2.6703249791516375,1.909693885995964,0.3752473695513004,-0.9913456599630022,-1.4198956474867046,0.7140410644878993,-5.0058669034827075,-1.5738570538876082,-0.1166038287430821,0.545411215398482,0.20155507820608332,2.6547744462707343,-0.9171624924827991,-4.988717645980486,4.5122116704833415,0.1940017477387231,-0.18713472494367905,2.480145253125664,-5.182354543379981,-2.9150062073187404,1.834539107734382,-3.7720912220652223,0.7412012159055356
GLRGC0191,-9.77669652214259,-7.0187322811517285,-0.5869462187422452,5.84944415497484,-2.4109185205801267,-0.3441583041633995,5.501761421954783,1.696392298996636,-2.102381034446079,0.8591244124677471,2.323105660705075,5.833990250752774,3.369826228873027,1.5087595658397657,-1.2695577924643966,3.424563663253022,2.0082532688623584,-1.7389919365422628,-0.2999315197497448,-0.9217947301443871,0.5589463408917303,-0.628259766234198,-0.6531893470498673,4.283036647654424,-1.3470017912657368,-3.039950503473024,-0.21507254724417688,-3.180135038980338,-2.308105076859692,-0.14964275176398661,2.1165043642229975,-3.4892073093227167,2.2918853537531154,-1.3174158532974962,0.18126434863125107,2.2273080971711527,0.6798452413431102,-3.328556682309503,0.5813509205916548,-0.3672514205118753,1.563564431357975,4.564164132888475,-2.3466682575489415,-0.8549336326012644,-4.4234569956308984,2.1316157674352603,-4.248864349834735,0.4410327116669579,-1.276831808644523,-4.691557109974101
GLRHD0380,-11.134250696303603,-4.78459877296725,-1.4662020963016755,-3.21720755726336,-2.792378360761998,-2.19628061800658,-1.285223292889496,-1.6769515870336122,0.015396534151268628,-1.3123885970548315,0.7278619296275002,0.1226987554880432,-1.4882337564457426,0.6961431393414675,0.19320929752883192,-1.1772014497160692,-2.4653271657745672,0.07846822017254458,-0.8443640598028768,-0.5107792900373678,-0.062482577643102555,-1.9573562534149684,1.1441946468141153,0.8779327762902676,-0.6943785875941276,0.024397599639859453,0.37887538744679355,1.0480682575613722,0.3080025046756692,0.7861456401559898,-0.6192549567215384,-0.6475552374119286,0.1249746521010144,-2.024070569106984,0.47535162932640945,0.7483608533415249,0.6577043230579168,1.302772177432803,0.5682606183545125,0.8038980935922646,-0.06945178563901583,1.4673897531960698,1.5238490001345464,0.9534291123561733,1.1591457482094478,-0.28781479543049476,1.2811130612372221,-0.9544976743972514,2.0911685763092023,-0.6676242475128616
GLRGC0152,-22.442849858356716,-6.4026474785006915,2.4789398589115343,-7.910068796216249,2.2155284372844153,3.8424394222686993,0.3544526256600963,-2.4700175531664854,-2.2434214675312796,-6.064770547573198,-2.2802362819755286,3.474808387034557,-2.7669502570112487,2.60945503750178,-1.8909041297970604,0.05235605255129551,2.4714200297415134,-3.581987090223638,-1.5694302374677225,2.9187772275342727,-1.0357021271337816,2.131349769028729,-1.0760381374302563,2.957413033404705,-3.920007123678745,1.9472175268378873,-1.5562843663759445,-3.9076465307852333,-6.516673630384675,-0.04230763732825386,5.04725931719353,-2.944623708735315,-4.307325934074742,-7.6440158673182586,-4.093080122853153,4.853500214055632,-3.7450759646989744,-3.3109451896390314,3.8085172280716746,-4.353061172341663,-1.8190982252592094,0.8498738318769576,-2.548715647039075,4.136179785451369,4.136279797403128,1.731424680029155,-2.6758915536945556,2.954534218807893,-2.2220165507470293,7.337617181847806
GLRGC0254,-2.1975112549058182,-2.6298120203478668,-0.7868937450996992,1.383553688689216,-1.2880398007022738,0.2147976089527992,0.5478292983732854,-0.4198541415464318,1.338560772221052,0.2047450455157391,1.2221854554496567,0.3652082601406744,-2.1664128782821668,0.29595279985417283,-3.1971493872390715,-0.5141725334043724,0.12355732657358338,0.7725459069820673,-0.23582602591897553,-0.16335818263059573,2.8441407895616573,0.07712613995417453,2.7671230919791707,0.7194891814193977,-0.4038963473827249,-2.3474694762020563,0.36866663973575786,-0.678836201868635,-2.546565808558538,-2.5312623045790925,0.3748496133343492,0.5314254589468298,-0.8302414726582722,-0.8856143193011299,-2.980322925804728,3.1398948825474653,-1.1012456201836454,-1.0298316619911287,0.6150021980155372,-1.1991349025424158,0.5666970487981895,0.7320304722123022,-3.814785341959373,-0.2773962626593795,2.8920865675181613,0.6743538516874589,2.0152436343588467,-2.318593929965304,3.137399588953317,-1.215223730221783
GLRGC0188,-26.198345840341133,-3.1570804496648996,-1.8306248927993614,0.33201911392170846,-2.6428210116127144,1.380927209737473,-0.40956857831372356,0.4570620521053705,0.2766074172215848,-0.216873961270235,1.2113670687338525,0.8430868158950446,-1.6820281572614932,0.4995244978976303,1.4866365873125855,1.0534810753998234,-0.9118113093866083,-1.5934556607671186,1.4349881929708133,-1.0622836241329978,1.4137945528529514,2.7958608980517545,0.6516950403330738,0.8521668438224215,-1.4895995471482937,-1.5671855035069804,0.18240269504742146,-1.7504653553366085,1.095162131917,-2.262692191919981,-2.3427425153848356,0.17611538335273702,1.5314235556584037,-1.1448335984764133,0.6066021004486776,0.8320832248691102,0.7556839903656021,1.6662431786867138,1.698642194261642,1.234526779644111,-1.630659234680298,1.978735463254187,3.1921434907543986,0.6473989160502824,-2.733699881749726,-0.7099859985343726,-1.8888470436533553,-0.1800012285170635,-1.1431280355580729,1.9050965947832492
GLRGC0199,-20.155402555139926,0.9015630679073054,0.36953672434488644,-3.7202538879907294,-0.6434973347213407,3.742230400845779,-0.5636284328703617,-1.6983417397639093,-0.6222414838044925,-1.467751346979222,-0.3270446136220415,-0.6624301593756623,0.8505010747220599,-1.610948346202344,0.4680696672749794,-0.7512104335425521,0.6802124382672762,0.10380368825608274,1.893378109723271,-0.7037184429847949,-0.2393293224338819,-0.19965422423740664,-0.2526247648966467,1.797113094328924,0.2733961143844866,1.234134813849804,-1.7010214732905355,0.9798119514143444,1.6964959239786863,-2.1191124853816334,-1.3776006810856358,1.7123422606927938,2.8058779975084738,3.2219924866147553,1.2394344939291966,-0.22439569391144182,-1.6667391371512896,-0.07071705563343271,-1.1924466272767547,-0.8850372588207672,-0.35164552925367004,0.9732665327437425,0.3110836089295705,-0.2692799579158927,1.8287892883778607,0.5193982715804691,1.7963529750414764,0.27117162894899033,-0.7007689075767557,-2.170543398379789
GLRHD0827,18.543566314969357,-5.783983005043811,-0.6549986525366737,-0.40273544437890774,-1.8331472211421256,-3.0207056012377262,5.646344334418213,3.992796169490131,1.2959673130121994,-3.0871806580681387,1.731301031396936,-1.6430847843996677,0.2397670164201895,-1.0069653327758155,-0.8426298769627922,2.316587589598668,-0.8999918088481432,-3.166981126711812,0.19353523940830822,-0.11406698132624053,-0.9633522734774557,-0.8251327306088329,3.406691113465926,-3.0846251023346025,-0.09947067866758222,0.12221926620852762,-1.6201443737637664,0.22423219669582875,-0.13711115899175397,-0.15661571272425642,1.3688202201567756,-2.1355837332074246,-1.8155215703630179,0.17258800570178176,2.4145123811279756,-1.6377628950941179,-1.7153055439247202,4.8041479195598376,0.055487581965659595,-1.1514188859627668,1.0830910019234308,-2.345971118725626,0.659162888594528,0.24177358162451307,-2.39336100406863,1.6356816761360118,-0.594493982024272,1.6089629906210658,-0.9856747097728712,1.696417623958434
GLRGC0158,8.240288068171166,-4.374645132615691,-0.3406188041862066,1.2957935433516539,-2.367833196466994,-2.852615421998686,-2.105929565467676,2.9206504323312346,1.2626916656640728,0.5140968877639563,-0.9123238929484491,-1.9477739425240226,0.18532030212356043,0.4212231666501015,-0.5814324698028477,-0.28327529686563857,0.6018739682409511,1.0234509528725102,-2.7973215304934773,0.003337154878005303,0.18686111208340847,-0.8316290343088678,0.5427730388628759,0.41967200618348677,1.204625805393874,-0.6140403404330781,-0.7549134050710862,1.5054767223754015,-0.7637454093934276,0.5939203826410313,2.265846048738764,0.07472738570478737,1.73225084081888,-1.2920520816292207,-0.8464394118513024,-0.7215782111861221,0.5251300909568113,-2.3137321737499597,-0.29966779142005295,1.934725488162569,1.133318745567926,-0.1491354319398826,2.9933801675878984,-2.5299154080928496,0.6773941914701869,-0.766884776617863,0.7679466196956695,1.357389450962167,0.8454103215079763,0.5301610744156554
GLRHD0718,-32.103198756584035,8.263970378181511,-0.06777036043397815,0.3471671919309413,0.690540431178724,1.445731219358827,-2.4089104578908667,-3.8580930618282956,-0.25322731684545835,-1.9153271613984726,-1.4158113859765546,-1.7826448182088042,-0.8056686987690215,0.118867881934576,-0.029820432658002487,-0.04619361054686474,1.0480450000375494,0.30019469265647314,-0.27842660779520084,-2.3203473428613575,1.1571163416124406,0.882862003240645,-1.910540017002523,-1.7740464808852363,0.31372937911152476,-1.1492046175230965,-1.7300820706664186,-0.7274176882611921,1.9448797379479519,-0.10362415792964534,0.15558076760654466,0.49631806526067135,2.2649000697337756,-1.452967814704481,-0.3426566177047617,0.22887130764273012,1.6939375878118947,-1.6414926451126626,-1.81144870289696,1.1102521551975377,-0.6126980975387528,-0.5915873403918677,1.957553057105421,-0.8933981511318371,0.1963161272470847,2.765431804713431,1.3808340902618348,-0.15524438948155536,-1.805960023736329,-0.1673083691644929
GLRHD0779,-5.708687952442697,10.755401329793548,-0.5870328167934393,1.164396555286929,-1.7601695582423302,-3.0395392648135937,-1.6025970759530308,4.216495672508051,-3.3094537945811755,3.283176138429635,0.7047136812988349,2.9637904530942927,1.8379975926228693,1.9036969529822418,0.10761432798527706,1.01362404406622,-1.198213019768743,-2.665742848509679,0.005988960057600048,1.6393807782986713,1.2947758077734104,-1.3802652126404906,1.115056664492176,2.094756733128897,-2.7293934903603576,-1.1664813837414818,0.5250190177061711,-0.06418944574039462,1.212369171910022,1.3981051142662504,-2.456630875768299,0.27065704561105003,-1.3578250454651786,1.750204643045538,1.1369745480752902,0.6065646680428481,0.5723338633747616,2.536561097876889,0.11992514584687892,2.2032968376984527,0.7565257854100046,1.9571877093415058,-2.3230506213698385,-0.373701427191487,-0.1959461072283148,-1.2924244523013093,2.7129875310585483,1.5224747717442173,-0.17527218337289643,0.3213210252363736
GLRGC0083,-15.534658015736452,3.771094715458446,-0.695030077475309,-2.7883099004863774,1.3753079817336058,1.1756132420283927,4.109976262801376,1.8092580306329678,0.2003371087230336,0.5567080804250131,-0.05089414509916272,-2.730110105891555,-1.6259294586823863,-0.8714586695063002,2.9548587742317394,-1.408516410927003,0.9749959458494986,2.5534690678069283,0.7250408362459487,0.0556970166395444,1.3405463054791371,1.6928919260339872,0.12845985308078864,-0.04729566469775564,-2.6883586638633608,0.3544588701688484,-0.31543352026759097,3.476706941861115,-0.8059986935819481,1.500715814768545,3.6448376151240542,-0.379951814928184,-0.006645529326857083,1.5185850333618767,-0.8330501412881942,-0.2874378289907261,0.7229428462817955,-0.4527321924195241,3.962246624396053,0.09380779173153846,1.1107052448683605,-3.5616673309769107,1.7787896517762165,1.4028332564718342,-0.9199246302552836,3.0839222779419435,3.0346429607422976,-2.5157557675949764,-1.6821750577490615,-0.7777095121148733
GLRGC0004,-0.3017531891817192,-0.89282078357792,3.2183757201836265,-3.275501044978126,0.203588364102322,1.2077395987530197,-2.925942017878363,-0.8757534806510311,-0.04873912860771531,-0.7661414119131259,1.7813291435125733,0.2671525592702756,-0.19251117643895305,-1.245786673363024,0.260997587781209,-1.6339456193422037,0.7254485592770231,0.4449428149079078,1.8854557938410703,0.8619142937366302,0.8597794589510975,-0.03278928190375627,-0.7261621644576772,0.22646364198009142,0.015051623427700611,-0.20957120426370074,-1.6464141312479945,0.685493771997917,-0.5000798046782191,-1.1422380110184094,1.4033950535237238,0.669795599378746,0.977604104009236,-1.6824364239593617,2.02345483029699,0.5814120447611697,0.7077078004499976,-0.58096595234017,-2.539643225584555,0.6878470272187404,-2.3102285788459,-1.6640613457400169,0.6734861498366813,-1.0057811563897616,0.7985535209167438,-3.9397103427686098,-1.510894666128563,0.6457727990120737,0.5631496965443066,-0.1980798050094206
GLRHD0574,-3.4023002239601388,0.29364666584796695,-0.0036184658133982055,2.9270123058505493,-3.1164817409643644,1.1264602911983854,0.21368164169196038,-3.5059486507127167,-0.4858366381002179,0.25245902892350486,-1.4176838805641083,-1.0293315426671825,1.082310605794156,-1.2460682092965034,0.8782849037703497,-0.18322924589207626,-1.1240179147800395,2.791426033246423,0.21552862967847605,-0.30622617994793766,0.4870015695853125,-1.3632931272592543,-1.188057070225779,-1.6951800460241198,-3.0172428579885704,1.4298203693053906,-1.0150918376793348,-0.10901367000737625,0.3131397791067917,0.6732979963227448,-0.44041776568976876,0.01209649015595664,1.0566882615544448,-1.1485823406769906,-1.2527301435376221,0.525666107702428,-0.9278844189428238,-1.7948916619415218,1.8563701817436358,0.1694822824579963,-1.204710870865504,-0.895291883357727,-2.0172317725677247,1.0574756750520995,-0.4317482418363242,-1.2784694046347875,1.820467485642177,-1.204787596428294,-1.5157692359256432,-0.251211798049032
GLRHD0771,-18.06902163003302,-1.93576314541571,-2.3558769683362843,-1.9871346365043168,1.9236970178295465,0.15582943127763724,-3.4820031243671083,0.7455093875659778,-1.7102446767284436,1.0769969639013486,3.300392112022073,1.3562136756676446,1.8964410135755274,0.8468347381460984,-0.14391924251165017,-1.8650128011836444,1.9125935453954401,1.7125800579883765,-2.1454381018952575,3.877582880196389,-0.7774611044556934,-0.5452909408891298,-0.16504953931371086,-3.2414362499008607,0.5310848827232253,3.1184585053424496,2.1206148922047263,-0.007093951726955058,0.25861479212093713,0.5213781434503053,-1.9712410316119597,0.5880842389085775,-0.4283500850142001,0.626702035739126,0.5945104840375653,2.3986020714817573,-0.07074615319073145,-0.3487875675730606,0.2405721045414453,-0.7902414909609866,-0.6719294722227827,-0.1131147895155473,-0.6237219495638098,1.7481568595055277,-0.9984066194957067,-0.0729099785034595,3.507551704579512,2.1192806186327418,2.1415704427308393,-1.645125002504326
GLRGC0317,19.24327920055469,-0.745604158759633,-5.534975797596149,-2.003184945876745,0.6061418845243265,0.7470413242270209,-0.7952300766713768,0.38764660097054143,0.11542652711710644,0.2025336120782248,0.3379199220189212,0.8987927006647348,0.6247851908165728,-0.04021332985657448,-0.05676113161810729,0.8042605809740786,0.4657728545633946,2.284659762916963,2.15078677150753,0.8073987005144605,-1.1191788272813992,-0.24954011014185776,-0.7929506043016006,-2.5704357115076544,-2.3080241841351583,-1.4241579928904315,1.902329451154377,-1.6601168795199128,2.003271727680536,-1.0654335500305163,-0.18915114524685803,-0.4592625980709441,-0.5102092042101933,1.2278752043516528,0.268190294000694,-0.49079450760864596,-0.2840961066941041,-1.7915673341968135,-0.04043174318461999,-1.320413148652778,-2.596311916869598,0.5921278554364154,1.0166272043117013,1.0309676080644001,1.3158554603481516,2.503182794401696,-1.1424945141805969,1.7525224559768646,0.638308433297956,-2.9908268668757034
GLRHD0800,-9.201993633920422,-4.67841614992293,2.2237746327172445,-4.839694456519752,-2.565265053146304,0.19576564511076422,5.5660469621393265,1.1071716827187439,5.091777513589775,-1.26240043355394,-2.4261931437690536,-1.7437081874002964,0.14264059343224342,-1.0523889593060611,-2.6642720168562386,0.44022395492719324,1.6184254201936414,-0.737216308991857,-0.37128472407386337,-0.1313440859542326,1.6632828715902834,1.8655203967262286,-1.158952188638346,-0.008062591957141024,2.372829796533128,-0.3773308102931891,-0.5627572787171405,-3.7797863757582646,-1.132579823998495,1.2999653187866895,1.1890622371735942,0.3949090587660738,1.8793348324931622,-2.2388646500235647,0.6589629795378267,0.2616459133780483,-2.18243733598681,-1.4748777877533554,-0.8156581641742806,4.460027140637791,-1.4905651300904836,-0.8392472291409874,2.3852110181763884,0.45143744770078187,2.72007142460082,-0.16117875638471138,-2.986049472990718,-2.136561149157573,0.8925674135811447,-0.7571601643242986
GLRHD0768,18.411730695321463,7.27710703537305,-3.5016599663362045,-0.4303122765139573,-3.2782088783919328,-0.8734618961170422,2.0987875968977012,-0.29081415518651954,0.5017871202327906,-0.5046966706689936,0.32171194950445375,0.7728410121812876,2.676731060368668,-0.6591987377216993,0.19763930430665794,-0.5533255936119627,0.6903138677347531,-1.8265895278876232,-1.5361165339744256,-1.047693975817618,1.4239222024154325,-1.3849137542660495,0.8897369272521684,1.6307729746679895,-0.07644612892805422,4.356740753279847,-5.2733454564753615,1.7421282565619827,0.4583008478758042,-1.0350978666865134,-4.820905040512374,-0.9602165619287861,-2.0276700893314454,-2.951283344382205,0.4685182482855495,1.7666189552336298,0.8238534977144444,-6.7395412103254335,1.861390004993116,2.5724974529607354,-1.6631948460197041,1.4166256580646126,1.986118863167094,-1.2337349831578301,6.219131272143593,2.5853061984504238,-1.3178258948683756,-2.930991957591192,-1.8958736075510736,-1.5395547094531312
GLRHD0690,-3.0552207750764735,3.420762717614552,0.020266847251600918,-1.2527071442884934,-1.0684825332030035,1.3203290902745866,-0.8280585680572169,4.537364636162656,0.7969948513613037,-1.1024437698886786,-0.3604727463310766,-1.6083145637142608,1.4132850204385292,2.360600981090776,0.30966107097976975,-1.0620895496237373,-0.27507538015931127,-0.6017341544994822,0.8111120429159742,0.7294418261814754,0.008507775298299788,0.47163725352820557,-0.6218811805671434,-2.6223618834613074,-0.5554442002935207,0.6468285054369137,0.011894820806937562,-1.0437356159307163,2.111101116990534,-1.8541888804201516,0.18178384030839534,-0.45453916998385546,0.9966529366164003,1.1596313769208915,0.7621628121949174,0.48774178519634376,-2.441686868223902,0.631951771230169,-1.1384553258059034,0.704728059572361,-0.8943766662767831,1.0802147906044324,0.4055278223475305,-0.41699717381798085,0.9319777448136398,-1.1873797248568514,-0.4548524318152039,-0.23112452659075874,-2.2755589770939837,0.23872839793363765
GLRGC0432,-9.116541999718002,1.4929972497180841,0.14906072053433927,1.9566669460855326,-0.1636800972659007,-1.1374206756873728,-4.477896122264989,2.169664316932173,-0.7339302665235964,-0.004744189446661205,-1.9429548993307413,1.950567227307685,0.6247241407478733,1.3760111171026606,-0.39014757731254285,1.2199536817750374,-0.14134938966803862,0.5290668055750616,2.217398397123629,2.7248016095876895,-1.192182739336353,-0.4896356407112741,0.17267069819461342,-0.1742931907453213,-1.2446444377085466,0.3454020707008,-0.43481674866981185,0.800904468291203,-0.9217841126050128,2.1508548250439325,0.41158203755221096,0.26255976781124074,1.180967974865024,-0.1444134322489758,-0.3911679570521435,1.3629541220614314,1.2904326104188513,4.826531573055342,1.6072769309336168,-0.49451221288168223,0.7121779899622407,3.5225880555139364,2.0230498155737817,1.4752600866923389,-1.2541135176345564,-0.3672670872702912,0.3185459335627236,1.4143154004866079,1.8030363129348532,-0.5540131895421384
GLRHD0612,-1.016077532477887,-2.2047897052353562,-3.2049659204208956,3.5876686870372048,-8.896830978838224,0.7268136560169052,-1.1308760638847934,-0.8406403112659012,1.8279513010070405,0.9644069300786874,0.6104188880737657,0.2826383023468441,-1.7695061098629394,-1.0319876861833865,-2.646130397482576,0.22829409576421986,3.6744449368327525,1.406194078553705,-1.2540045528901338,0.49163061589970086,0.6671575603999176,1.404219636031743,1.4861988374098185,1.0025333686349895,0.39654837290298295,-1.2169415367729841,-1.8129121702674025,-3.4096776067600687,-0.45953871452532347,-1.5277161318077916,0.4976384995704706,-2.0703545846964295,-0.5539469310436086,-1.2710853940829951,-0.5535294391899088,-1.3609702575911238,1.1032211062551713,-2.124843212951644,-2.153363741107797,1.5885312149085031,1.1039382290179638,-0.6467025022026325,2.8679842235887216,-1.2642170523115381,-1.2169978385835605,-1.0055723577122206,-2.3717627476885026,0.9484584007157686,-1.7269670159974628,-0.54760366062872
GLRGC0278,-2.3154160321415063,7.388767125254276,4.059926595240574,-3.3699650905482272,-2.502105834054092,-0.4122558190882925,-2.225973851302861,0.29442127639668175,-0.22775841335554498,0.2085529917402846,1.7585593620942153,-0.7958774590407854,0.8878799135153728,-1.1345583933798682,0.24588179612639272,-0.9665099050537967,-0.3762353959573257,1.2193789099691377,-0.9781406457799604,-0.5681528319774467,0.7918933424718979,0.4943163512941036,-1.0482962276636296,-0.9046536800984902,-0.07279514524087007,1.917222241728328,-1.779094686507677,0.9451441124978571,0.1657505242234448,-0.6449466791625007,0.8016578690625316,-4.107758102521486,-0.6129909485301187,-0.1318023965725064,1.1052717352476558,0.9046917362039045,-0.6672766387606552,0.6307304608836491,2.3042029780034476,-0.5270725449172246,-0.6894742954702416,-1.5542640349829846,0.9342633614239764,-2.5245142734705257,-0.914921688928846,-0.8288851122934576,-1.002077841187794,1.5323626791007172,0.5209764506231889,-0.7261446139848007
GLRGC0351,14.922232522378275,8.606053153453274,0.9639790796777679,-5.688437721242294,1.6382952003770361,-4.7149101681131675,1.778564410846005,4.669373278434879,1.0263675895005018,-1.4075540768757213,1.1807795449814218,0.6873056527032533,1.6673328327852237,0.47745202036623396,1.2781846887019988,-1.1947008581996028,2.6238095029328226,-3.345702594121205,-0.6155943182829764,-1.2193837630040438,-1.6943642258689222,-0.9469530988467925,0.5414345551292072,2.503644414080391,3.0403672040039824,3.8006212052479698,1.0960280512537195,0.8684967937064452,1.2533032558752977,-3.0215289403953145,0.3726568772340171,3.8149031742935247,-0.659484008289908,0.32146392992762723,1.6655187079633973,-3.789948717408957,0.10719542617414897,-0.043605955339504565,3.8741619195049304,-1.6125103653939465,0.467329722032539,-0.7808288600504354,0.3833956565312663,0.27747122133367697,-1.0575975030878288,0.24225780606567382,1.206999458317919,4.325710825570721,1.0769602682588055,-1.5943784874663383
GLRGC0427,-13.594302052857136,-0.7418692781570785,0.9551904011187182,0.14364461671120943,1.0215925186141055,-1.546287828111218,-0.6389797013837629,-1.504393642004868,1.716425205797975,0.6026981191021725,-2.0642701233362475,-4.784662140105535,-0.6789929575750936,-0.5403700284524804,-1.7456610759554072,-0.3323543035596063,1.4510615579245616,0.7389376443722877,0.8594644422680331,0.5519434740917303,-0.15236804533905593,-0.6954290520335402,0.5454984271286147,-1.8995485296046588,1.658018256767834,0.4424670003575176,1.9360031042339956,0.021964112550291737,1.0739853877110819,0.06965635351828103,1.316099420325306,-0.9078079898485413,-0.8000434427307721,1.6002286401124024,-0.18214975303625888,0.7437437081330124,1.344429394999463,0.33686749791171977,-0.11322401210905986,2.275272693364183,0.10545307700012559,2.3249071686363694,2.182088574563269,-1.1604627774783074,-1.0999632258979832,0.19336852949628203,-0.6213993275350694,-1.0692668323287993,2.673992737617252,0.2698554197271826
GLRHD0726,12.851279788079976,-10.306306798556536,-3.9599974526743598,-0.7311811161241717,-2.611204105076222,-7.313062350123313,5.168872375485196,1.8643721646674007,1.3098974638863943,-0.21264532758617563,3.9757315238030655,1.1589276299802094,0.41351644951117705,0.9856520752393612,4.178888469579627,-1.5949530389643705,-1.5593585636959673,-0.44855325347858793,0.34837319302089514,-2.370852018878726,0.753455862802663,-0.5315660214315204,1.5290168010376999,-0.2664481463601368,-1.389412060967428,2.8058367833382025,0.37836612068706804,-2.9369003839431223,0.758732935496826,-1.513032813601369,0.9092694831499968,2.6040265306261383,1.2955264609320385,-0.6125244453157789,-1.2843737969987334,0.22891635635240487,3.009618191953835,-0.664406720835488,0.5384569418641245,-0.11373888529321671,0.35928241647113607,3.20606169280879,0.8271284975932023,0.22666718889331802,-2.654167847180344,-2.4730241535959263,0.5638580651569938,-1.998706502256786,-1.3251970139369929,-3.6478540212716313
GLRGC0144,-13.706799462113374,4.3307240363143595,-1.2703883266271225,-2.2482833121951447,1.4157796001011036,-3.9033178361600083,1.4081686796693778,3.7389387890107093,0.14489174500433108,-0.5872010091167206,2.884909536362142,0.6150753150212164,-0.28698644431639875,-0.7289910438797053,-1.9766365273795266,-0.25627357575132304,0.9163149804008051,-0.7090588875218736,-0.24391537872278377,-1.3731880930290719,-0.6958189860891543,1.0965291740278007,1.775769436753567,-1.986258161793423,0.39536500051541734,-0.6230530779275807,0.6060617272357226,0.7806943643861558,-1.8748369645346175,-2.7130571751828096,-0.3917615741470837,-0.16351023138696652,0.38387327561155066,-0.5246839790954053,0.017197640159816122,-1.1186591721134524,0.41124388384039995,0.29078333905211545,2.408441735605886,-0.5076181427894817,-0.7138849364447334,-2.3011664319260134,-0.0773368348389222,-0.15684563801264972,-1.510875061607507,-1.4754785905696557,-1.2000195325159775,0.14983940897365333,-0.47027266704543796,0.14099860548942894
GLRHD0750,17.654379546260046,4.367791403474785,1.4916554072876709,0.22120518473143835,-1.1262383134737821,0.8991805408863793,-0.23597665143474952,5.549262150524521,1.3085277582830726,-1.0783596859050413,0.3770226220697015,-0.9228142599467537,-0.041787053606480225,-0.5853608097431141,-1.7988049207240655,0.4410021593231739,0.3478348024317329,1.432117425542363,-1.0011781090903789,1.5204103333991816,1.0755686977289507,0.6651586891961304,-1.1581217572206488,0.36935486604105544,0.08612233054661828,-2.319565253340378,-1.0495637159315139,-1.33745096654291,-1.7905243505235588,0.4032042003124552,-0.07256087639830654,-0.4992651642573586,0.47794063622418365,-0.6073693495489685,-0.8969176007831661,0.026309903717968774,2.0706545671675882,0.4165275309764711,1.0821477746918844,0.5127497462261578,0.5882999087073223,0.5623716227598748,1.3320052500654282,-2.765312725840367,-0.6935183107430576,-0.12469183483710947,-0.939973908278843,-2.9930828745917224,1.6500138335436898,1.5769262915230189
GLRGC0157,0.6652291453298268,-3.078542029854818,-1.5360941717989476,3.63012749912369,-3.7711511109924047,0.6595891142509881,3.0990471975313367,0.679856598942065,0.6026492659178705,-0.32779080881388456,0.7419792043128377,0.9827409701108208,-0.6242897358270422,-0.1334469212834533,-0.9671700672148832,-0.30831360261041907,-0.5677268624538077,-0.27202591445183916,-1.0682859111352516,-1.0797823515641194,1.1765250450153875,-2.5199608533355002,0.8567909884225511,0.8170253059420611,2.2192586049514387,-0.08100350049581737,-0.09762813350724071,-0.7157693335188519,1.0968324182788036,0.1872051327891767,0.8928967375135533,-0.587480738768529,-0.9840304695175199,1.2492307698473852,2.756012992327285,1.8088721036981428,-0.08670199991816477,-0.9885877231327775,-0.5477457783194838,-1.4337629299210286,-0.263652274216334,-1.6774205512728455,-0.6795069671174823,0.05048089728312654,-0.23083173407835136,0.9995140223776804,-0.021098139466528845,0.6173039399175126,0.6865130354051526,-0.7909822493095708
GLRGC0040,-17.486938125836808,2.865826834038631,3.087315261946657,-3.3730943773636954,-0.5219010894599987,-0.5291908346779337,-3.409941769538377,0.8886834930073831,0.4722916308657843,1.866833172254166,-0.7033487097970832,-1.531276939758534,-0.16108828996593144,-0.001212537718964541,1.4975901374265137,-3.3653751813905903,-1.0992611051060188,-2.1273929083894934,-2.966004404058267,0.09493094903513666,-0.408919921656665,-0.7561339907205858,-0.40288217572268,0.42284652240523796,0.48366786910749787,-2.274955401339885,-0.4800393841686393,-0.20416031920654992,-1.791184859902373,1.8000025445984744,0.030426353790532042,0.08205025748325492,1.1732276509595856,2.6142834733319638,-1.6769100793429137,-0.37811070800470287,-1.3206962852266282,-1.059958901812041,-0.19901320555306307,0.9969318273519723,0.6487647239942121,-1.1112572308716273,-0.16800408952286083,0.40350415338569745,-3.205184442912291,-2.282794764948811,0.07057904506675303,-1.4598575383558126,0.9462722658574106,-0.4009776546245784
GLRHD0106,17.388025517311284,-0.28098791202162254,-3.427964282135449,1.3218547751486691,-3.2482755486756023,-1.488478673115736,-2.096434817476042,-1.263259773963538,0.0927782755117362,-0.5065609946228792,-2.8586304684755204,-1.881371820900257,0.6405876640813846,0.4126807088242102,-0.0703059769785234,0.08044748941534098,1.9350707455088894,-2.372951744664849,-1.6100692560165095,-1.3124701660707065,0.8899029193898715,0.1069478416779245,0.8306431898208919,-1.681308576385895,0.49198015555361313,-1.9574916624144316,0.18818375497574025,-0.2144409970471449,6.516234293137131,0.4841613458968572,1.6018632870514407,-0.3389829508777249,-1.041276676177873,-0.05122547570184852,-0.061318018268916405,0.9449906872457261,1.2295806246873,-0.038566477414042996,1.7758650747565572,2.386098412003594,0.13335902693685744,-1.9154179747836706,-0.3943868984930737,2.1522754169390272,-0.47740728894235357,-0.4802828580816371,3.023677814027362,-2.321540014587113,-1.2747440058084283,-2.663015858918325
GLRGC0250,-34.60455585826984,2.3306068539384577,0.052189502210928544,9.878206723807715,5.513173141766802,-2.7165929916472833,2.5193361781879755,-0.26209476215761957,-2.777633711444587,2.2058304870214847,-1.6512720667278684,0.1280492455232326,-0.5174889136803852,-1.5039349041330914,-0.11131838269799986,-0.22893470232790822,1.1947042914064903,1.219127812088639,-2.243225321840799,4.538327592013997,-1.3044929539858665,0.746143299833617,-0.30113215408900795,1.514141575951678,-1.8920275408848466,0.4052539460715775,1.878573600580365,-0.13238705200912798,-1.0345064325469164,-0.03941638230340619,3.067017715978921,-2.1479974981825434,-3.021751484078831,-2.2587009442959203,0.07134914197270646,0.7295170175526314,0.9566432731316471,-1.2163818321755002,-0.6141194831582794,1.7155525895829364,1.1740926912531089,1.5263811280853794,-0.16350706883372507,-0.33819719264950293,-0.4217490157274318,0.22949104104829654,0.4394604795875258,-1.1584096337343486,-0.09844442116411176,-0.36314597683017646
GLRGC0234,13.176983298725938,2.381537000186293,-0.2805930272117832,1.4177671399039278,3.331359910142609,0.8149295612536486,2.842271160169702,-3.706312297431076,0.33498450432323956,-0.2564323682483525,1.5423622528698615,-1.5499623304129235,-0.5198891495426198,-0.6621864926450712,1.6919370885394627,-0.1255793729111477,-1.284716301514792,-2.1492584983417946,-1.3861597117484836,3.5215419669008807,0.9880826031385685,-1.2930710534385388,-0.6467226956433965,0.9425089543447731,0.5771424885404374,0.4951744357605959,2.9110147799859334,-0.4870670424560291,-1.5741361925870627,-2.8442806902871243,-0.8416346500866916,0.21941001682207079,2.710886364116892,-0.42751016942019265,0.5135948621355005,-1.854347379805424,-0.2598686985573401,-1.9405529961429262,1.0266960899427082,0.21349377429549213,2.4272194052422424,-1.5562764768019839,-1.634746509731137,-1.4742592779116277,-0.14951520481164793,0.3187572483132034,0.21777102295711465,0.8106471405336767,0.5628090980828431,0.32474683497597334
GLRHD0114,-21.79444971392899,1.5880535359790222,-2.538633064702576,-2.241878390230776,0.6805227011238485,2.2271236066517512,0.9158999912620047,-3.908997044950448,1.5154698152120263,-1.0091933105433384,3.019470316909383,2.3598797981781265,-1.5728677210278523,-0.0374481028679562,0.5452475075477274,1.5426545850172473,-0.2748503574170318,0.4415598447995506,3.5656235941584673,-2.2979997909905507,2.295144562959047,0.9298667895147207,0.8256907410321248,-0.8458779992469089,-0.9219987513611404,-2.480856150907196,1.0137558494034946,4.2950280476766,0.5704032916893176,0.44656398314242735,-1.8129295109609596,0.07253666359758701,-0.35118005411394904,-0.7799446391659222,-1.7839470435090545,0.920492825691344,1.0359979558149042,-0.7856208507106005,-0.6932504202412958,2.1687421590740588,2.4001473260531454,-3.49261735272955,-1.5194560237395034,0.086924968219648,-1.3531620176087664,1.2322611915451493,-2.335421593305952,-0.31299012419176947,-0.9538050948415184,-0.4827373693053885
GLRGC0375,-31.207470426708316,1.076974650526596,3.03711237670204,5.200192290152496,1.8004130188898466,-6.804112383805652,0.07523606404906875,-4.520384909662961,-2.8312627010149662,-3.580514276023813,6.9662415202264745,3.551755063319559,1.8203773952780655,1.7012783396878097,3.5493558776976855,0.9333500978304509,-0.7672081540879955,6.758184516871265,5.197611146120572,2.2929728858478455,8.607921078355018,-0.9270861323507638,2.2085486866440913,3.04721765178351,1.5211759558168685,3.7467724239089684,-7.648885158563521,1.1399352131878457,-0.8305478965458194,-0.48958722091460133,8.408065954344416,-2.659578301767869,4.611463675415967,-2.3213834124115458,-3.7768157013645762,-7.8779520179241525,-2.4561262506643713,-0.6843966899775827,-5.283458200434247,4.621071023921903,-6.005131218163723,-1.9115352797865546,-1.7838352917687998,1.9651112707247917,1.690902936441385,1.2983004442670418,3.6341045258151934,0.6510482947673687,0.9137877824497546,1.946321008206895
GLRGC0142,-19.412568494386974,4.697539204798265,4.319578708256034,4.19569850256318,-2.3664124188834736,-1.5969304620827107,-2.145200538458119,-2.882916060126029,1.1132660967521486,3.2716113014652377,0.10518967249511703,1.4208045976724395,-0.45548509988978364,-0.055669320003130816,-0.1500057071946823,-0.8703436782635527,1.5142239559408541,-1.2413330084502483,0.4993378613494896,-0.1779187828144445,-0.4235932275805671,1.1510643479200746,0.856964965516959,-0.8640074731812378,1.1619494691986028,-1.3809262435627203,0.9010509107986207,1.1378644857511673,0.8897489696937173,-0.856685692304775,1.3003035844114754,0.7038136895747645,-0.5532762764702311,0.18503033808136002,0.9080746290659966,0.9177060841793344,2.7003610451346627,-2.937047518766893,1.1064354819919484,0.5438058422784433,0.003370088592018407,0.8181675781117974,1.615159575327911,0.2769667565071328,-0.20822288836363223,-1.624027921896702,0.7242224210120792,0.6975519245454966,-0.38494634706460457,0.061195781973893915
GLRHD0702,10.428987118639503,4.215889964562927,3.398581538315892,4.582946018480883,5.378340281954518,5.796579221195567,-9.002235214222072,-0.6641225071637805,3.27408125379409,-0.0026977805802697423,-3.1867736440918497,3.5259154160027677,-0.7359228290531669,-0.4414751103420376,6.03319120635746,5.6923613567535725,-5.406398495997294,-4.8830646636435455,-8.220792885984343,-4.7554501649973915,0.4581679342438679,3.3735307760660644,-8.060628495482169,4.989448558024372,9.325520291714014,9.08904621023628,10.162235201041167,-2.901407135566101,0.43910997439799565,-2.6542398906188196,3.091644036297401,-7.951070370681542,0.04573293252517652,1.3406534270579418,2.6442529282414013,4.85106584447516,-3.083041517831158,-0.1447191331205572,-1.3687448823036232,0.3004059325395867,-2.8001377422373097,-3.946944770327598,-1.1381649831281138,-4.2280607826966765,-4.529766963204699,-1.6532839172105127,-0.6577506106392398,-2.1157344910410774,-3.1588626634728008,1.7707596573930227
GLRGC0288,17.686437677260816,5.676484336711866,2.02511690405316,-1.1738176440409651,-2.91453294735614,-3.2501655670984695,0.8796814268495802,1.6627346147649855,1.1133949220018835,2.2460183650996663,0.6665693018809455,-0.4214425181766918,2.2627598882575155,0.8998810936386779,0.016593386730215487,0.6507441200950043,-3.272920528553786,-0.10471026469750741,0.4186823387230756,-3.345718124285206,-0.953574149946355,0.41544774131042894,4.4088348629472085,-0.110183019398904,-0.7956617890934812,-3.2260223218677466,-1.5939894731420765,-1.908640496923823,-1.4578745887673894,1.821280383700166,2.47599884087538,-0.031146465842251385,3.3435770449188054,-0.7772622738977543,-1.114272751544758,3.000999041074763,-2.3448834376811822,0.5099160946502445,-0.400671001131343,-0.26402586691989655,-3.218696046657959,1.7264689733070446,-0.38028808734751424,-0.4223730810217894,0.042645959419171355,-0.667193324859137,1.1467669105456217,1.2563741006070204,1.614591446341168,-2.4350756028695777
GLRGC0275,21.13300462122703,-2.74304454756575,0.3386909541007112,2.3635653294641945,1.5494139126348008,3.7275189864693763,0.9413306065210695,-0.6418173781447853,-1.776554606936749,-0.27833927712054524,-1.784627115326037,-0.22020203316911605,0.2041814114262842,-0.48092876681979296,-0.4492618870232226,-0.906112783144003,-0.6929715908076004,0.16730173393871065,0.8406696853604899,0.10051091450667295,-0.5593477999011199,0.2677789487345485,-0.01416035085488062,-0.25060807486074554,0.8269164762500885,-0.8777449922550423,-0.055635575599716776,0.4584635690173563,-0.42133730611020737,0.5060456068392354,0.8066519278505818,0.9947431709497859,0.7182131275651072,-0.4887596169295699,0.08951802542251493,-1.1581491822670174,-1.8834089934752825,-0.5150425183759406,-0.3323846746225983,0.7572163403070241,0.34639499024281706,0.24922287878711158,-0.28085482329221517,-0.17562037083021437,0.7275396710236746,-0.34012497126980407,0.07304930854041998,0.2059500635409708,-0.1264422354106822,0.2984892473647089
GLRHD0748,12.509723444873385,0.5492953586103846,0.6471410005116954,-1.7635116660881425,-2.367089775291036,-1.7396551034190773,1.6881224103419101,0.9609174997654213,0.003433637557916572,0.05971469609986069,0.9611146623856445,0.3566055581840421,0.20842082288751632,-2.7211936160575023,1.1329948042414886,0.17696031531356574,-0.45745993626913106,1.1607325956876962,-1.381500192249994,-0.7758010428916419,0.5117937836036913,-1.6274622146345554,0.7081113043302308,0.08122308312526685,0.8355158183587658,1.8666128276457408,0.5492645512644913,1.0781140300885566,-0.8243333538370035,0.30498929447772216,-1.7144888402884744,-1.5336778604363983,0.841368749040849,0.5980863074220925,0.7584792551008254,0.7254332235676841,0.48021114441405477,-2.287847277249576,0.10584499160976046,-0.578231373030284,-0.43724528555039405,1.2081973307604932,-0.8165334900093811,0.2935689096362902,-0.7244809347122871,0.27097477027723554,-0.06702143575234466,0.9984826101937334,0.6137436236076572,-0.9773832299200237
GLRHD0615,-7.4774835031785205,4.981675591397315,-0.18483774614861698,-1.3582602491286515,2.655869277924575,0.31389174266534603,-1.5110330746237965,-0.1269256966617132,-0.6091869950824005,1.2294237055762973,-0.31956531784905806,2.0102643881261466,-1.9279576343115223,-1.046689913671802,0.7263489427202278,0.8835436302153068,-3.370626719273929,0.8167773067022606,-0.4913903774361494,0.2532361922206151,-0.3578715417038838,-0.7976724945025286,-0.4678805943930038,0.47951914091381287,0.7450140430154091,-0.031062267301491028,-0.8657319463682203,2.4851511229773338,-0.49014479972896224,2.6759232255805006,-1.801232007671262,-0.3432664827571993,-1.664792706091379,-0.9694282296418554,1.5076074812788185,-0.7281438211392467,-0.7202050477663159,-2.0108633936719014,-1.1555436320218462,-2.2631576168296843,0.0544555747852531,2.7411817170015773,0.8359235837484278,-0.5817560720275489,-1.1435819215188558,1.00992384794256,2.6593078735498152,1.8378979572766547,0.30678090748696957,2.1586205585843894
GLRHD0628,7.416361552087648,-3.3001536084846363,-4.472192447045565,-0.47947391326113736,1.0098485427383614,1.5512274509050814,1.4475733463689344,-0.5693993916124614,-0.40326514151859816,1.0485643522753207,-2.550572385459435,-1.6414310332692237,3.026282766925331,0.7090350769737688,-0.21775593871493423,1.8561974394488214,0.6496650471284924,0.07902421623499929,0.6664946119638331,2.378413243713907,-2.6891903530657206,0.44171869681591314,-2.4567566674942976,0.38647517560360783,-2.1652684297039597,0.9741774774463512,0.9347679973038702,1.734154936369908,-0.9575892844874999,0.3529220604931745,0.5372428512115117,1.3944552633338756,0.5579577904259618,1.4116153937702003,-0.9975883888648743,0.2467883735387501,-0.39528165357453643,-1.2355893285672879,-0.05859759617645043,1.7644076311544181,-0.41348154186775626,1.4118414520494749,-0.41589298925575396,1.9431315511984641,1.0705447758647024,-1.3287624828779963,1.4248815909222197,-3.9869645461487817,-1.703023465424917,-1.3198022318227158
GLRHD0737,-7.573115074380223,2.302257025114932,4.782286605090438,-1.5837807059938531,-0.16049425062422562,-2.625005072157074,-1.3415101100879885,-2.3415521417997303,0.32995345016038974,0.9255697788361058,-0.02979313223001015,-0.12587258961687134,-0.5354502910205243,0.6801793729435724,1.8022524089107939,-1.5701646982629396,2.0177722900868793,1.5188876530868272,-0.38000015145529886,-1.725211958094219,-1.7955207029533313,-0.6578385015723874,-0.892653717205594,0.9594566774352745,-1.3686065910761744,1.8203788457315344,-0.07799807361420603,0.24584026888179492,0.2065942321414328,-0.6698760237537155,0.7332782427057081,2.113148273119012,-1.2231047197944167,0.004486640520660883,1.167107822796422,0.8396039418445125,3.0893875697284625,1.0101472165450018,1.856428902681397,-0.6923604510353519,-0.9464019312619242,0.09752062632701214,0.04297207765396032,-1.7217620494973438,2.260000723711858,-0.34399997088048895,-0.316761879837809,-2.4247766522505945,-0.18698292133359654,0.5567643581187084
GLRHD0530,17.965917435085387,-3.7195113277505256,3.0115566400535276,2.2358798400699813,0.43992300637204257,-4.391857013612183,-3.432947416759873,-1.9211077144078075,-5.1797622471740565,1.9685416352327911,10.815420440673778,-8.058565585669779,18.801998780934692,6.987454422276517,-0.35768630313705335,7.638241602280488,9.876375876964556,1.982208371294984,8.727240929885575,0.32228170502558806,2.8077390338669734,-9.43386557856453,-7.023340477576289,4.061051426645826,-3.8949531088874783,-1.0977233061386436,2.491390088914063,-0.6816935682624122,-2.374696200894132,1.625302868451877,-7.600213450600084,-4.127703919464021,-3.9644830082198603,1.4663851165408832,-2.564771508927192,2.7226273470209867,-2.603406651110728,-1.423574062514772,2.5652734682894014,0.3949379356098971,-2.5748509519230307,-1.8768794512028695,1.8694533945075147,-4.752219202325156,2.0072624603867313,2.6692141985282016,1.7039722778053694,1.5537915591850935,-2.8470791868800793,3.318387787099585
GLRGC0047,-27.661898805878728,1.5783834418992597,3.33329675043569,4.234205245093053,-2.1396314736632576,1.1749116816825467,1.3837869477732188,-1.2391301595340232,-3.3637899215151217,-2.444122428764782,1.218524010568521,-0.7835106852012451,-2.5292869953222685,-2.5559536415368957,-1.3342123248288729,-1.7654460193323778,-3.385649538897337,1.5837018674087397,-2.6614373818372203,1.1734196883288446,1.3326216751057292,0.439108299339813,0.880845395044617,-2.469945782290052,0.9529048756313834,-1.2708441719480048,0.7147224248651969,-3.4475757039152546,-1.4991777890235034,0.4318122983581553,-2.367899450320227,1.0811930870877333,-0.10340422965928155,0.42422842838199804,0.3155825608974084,-1.5792397265536724,-3.1174500269197245,-1.046528421613473,-0.10257700545270619,-1.8665048905114476,1.5879395562519287,0.06753561357446924,-2.8726463549069687,0.8479937620232851,-2.3659143260840008,0.4762722159827597,0.7019527688035015,2.8217304861614227,-1.2359162101451766,0.33129153283226126
GLRGC0162,8.538796503389866,-3.8278788607359195,-3.2587346310721004,-1.5777719575737674,6.344106221390523,-0.6004868494291924,4.304565462371474,-0.5984894050571381,0.01094449151128668,-2.211805357846969,-2.5288492322338256,2.981149529461766,-1.9113395711540093,-2.045352786889202,-1.3296814924049338,-0.6240216092886304,-0.9403470186975612,-0.7735635902871997,0.02632306895575518,-1.056027385894051,2.345144568265761,-1.08874988547184,-0.15492563862124284,1.7821833219307857,1.7980920859738652,-2.044074860655609,0.8259241640741218,0.45565272353871755,0.2068986381769304,0.11323181320680994,-0.2936717043095383,-0.9981493800834942,-0.7777478476284841,1.725478033600339,-1.9723711871364178,0.07916880445820522,1.6214123631703419,-1.405242708784442,0.29740379869710365,3.2430843535491904,0.6105809672353529,1.1337256228949246,2.523791815827434,3.0947007788745644,2.0589303366300467,-0.2450517996986394,-0.6071190695135035,4.822640025956924,0.8780552883307862,-0.49217685235428876
GLRHD0696,13.238741385009586,1.120420185824496,-6.7990697988684206,1.7753131066193537,1.1698007121416532,5.796163109121365,-4.661596473532507,0.2505286377904933,-1.2173534192612454,-3.439627959143369,2.7710205603560865,1.766914546162612,3.501317580512573,-0.3797992934479,2.04387937374562,-1.4287830967709738,-0.2532183778288185,-2.983991356853166,-2.820085310966998,-2.2534850007991176,0.9050935971902021,-0.1042746227976316,-3.8287554620258306,6.627033180994721,5.935579828500875,4.65994730453471,-1.4692884110136721,6.986931419440644,-4.435894470478604,-0.3089466822218736,2.8422364780640836,3.2669086826775997,3.5352497320861946,-4.443503367876141,-5.316147161075684,5.61873331435454,-6.1499847198151505,1.4561986636703688,-6.796287159782635,-1.9455997859470684,5.173437620696501,-0.27749614749975543,5.011119877179925,-0.7339381559844337,0.1999367840412538,-0.11819279796248948,-0.6213954135669509,-1.3076907432779052,1.6676297583176565,-2.541147827027165
GLRHD0508,-8.342084224887875,1.444502711939115,-1.207549964003985,2.708252117164804,-4.197946865082974,-2.353957429797039,1.7724061613970288,0.24228037978169006,0.7850182038561037,-1.4596111384533768,0.11717863225325713,0.18723774975717178,0.293225556128174,2.0060835422064027,-0.8427253792335734,-3.731322370964803,2.120327012840704,0.7273372741516385,-1.3854689442904227,0.2613920847955522,-1.1511085703855033,-2.047735942197571,0.262013766344896,-0.2557580228974809,0.36899065352740373,-0.45809036478377235,1.303089227635304,0.31712706772407256,-0.5011863548423683,1.7266053993579809,-1.4289184221889342,2.7366406245573067,1.7553786715110646,-0.5069446634157088,0.10134669670634402,-0.8042094908441437,1.0165827625715946,-0.6920125927582327,2.0005302529785447,0.5059049288983343,-0.0030161120298964747,-2.438893432018083,-2.815273375044118,1.7768995477481166,0.7707627357386784,-2.1534962435922362,0.42195670265575885,1.6176024887864722,-2.470488251221284,-3.3151861410441925
GLRHD0778,-0.9581941955280263,5.858108943559808,-0.06577045782234206,2.000457244854485,-1.7283608901325602,0.24680418424722614,-5.783442452576002,0.012000941460979166,0.05990748497287609,2.2237127548812534,-2.8026693588010643,5.719399809197139,-0.9591725260419627,4.185977323340776,-0.890422766331098,1.8690878396821158,0.7421985407015008,-3.4358465899916975,1.2643804790476596,-0.722495950549755,-3.174699569068031,0.6430288780801594,-0.3756125382518432,2.1531426298656737,-2.2779006451766706,-1.874266235753236,-3.213902646805018,2.4237975395652773,2.308739776657377,0.05045465975879169,-0.009328606578161298,-3.0338886337381936,0.23750350489204378,-0.8505750851984346,4.036531032321573,-2.059723475923678,-2.298855289267645,-1.1532989735956367,-0.885170588547601,-3.6794212771112873,-2.3959768200715907,-2.1822668448004747,-4.8862165999892655,-0.5927162330562447,3.7637544186480674,1.5802713675484477,0.11833251635567342,4.2279064501615125,-1.2344468729749158,0.7814172909536314
GLRGC0357,17.129768024949207,6.739843492127416,0.9690104155873559,-2.2638080786817505,-1.396541607212906,0.8586551286408517,1.871273823352557,-1.571989869659457,2.931080591939071,-0.6025344404450814,-0.26054812044842945,-1.7475911618105195,-4.237455681257537,0.3934715542497215,0.5783414135605384,-3.01691170429621,0.4945719686319135,1.4490907715705819,1.0884993634487847,0.6598410439665017,1.913771248309586,-1.6429130024044543,0.04260452778269695,0.32593607050926415,3.078103443993397,1.242718722025956,2.1156884136616116,1.5129893486398653,1.6967450457303168,1.9626420313407342,2.421348922082617,-3.3164259474399453,2.1392955517981163,3.362806517464578,3.012884576837857,2.2475683448128736,1.7015294594320376,-1.0661271163680823,1.2675563379827086,2.02043084656441,-1.3850623999345675,-1.4595640932917682,0.7674251090895201,-0.2521572318697323,3.5797951932202707,-2.4628031973483657,-2.7297370715794984,-0.28294011185243273,0.8038625141076184,2.2624484807254244
GLRHD0708,13.803501310729828,4.718095260197687,-3.3543485317568846,-0.47519452088479996,-3.964222041510572,-0.7033581298634146,3.5626986513061074,-4.316105011579673,-1.2412862786304637,-2.314743904449227,-6.447106618451575,-6.237126681615009,-2.5716607423889464,7.411691233755548,-3.2867962945882114,-1.7428429537170325,-5.1535382851184925,0.6992529767887647,-0.13499766025451557,6.569883781042397,-0.3690608274400208,-0.6041574886952437,-1.117231796358456,-5.557305789206234,3.5940519847127277,0.8214711790466255,1.7041832139389026,0.2234207853205001,2.893339664620695,1.1152709772501654,-4.08595900266342,-7.470781424416768,3.726921694120765,-1.3006923329991562,6.239556494159193,3.069217457893767,0.6017330306416814,-1.5390947052444748,-6.45738622883862,-3.095019103227733,2.1906256797553465,9.628058507607811,-0.5549910836759354,-3.3788301457144527,2.41967492029125,-4.925369609852101,-1.4910730145217126,0.8446106679374447,-3.7969536308108327,1.1378187024073323
GLRHD0056,17.961025743721667,0.2683594647422792,-4.079177553183224,4.76315779102462,-5.1651216556325545,1.5109410890924992,-0.5543178514548218,1.502208348490444,-1.0198179109672536,-2.0779963583639045,-0.3682439653784004,1.1867603539145022,0.5246560132926645,-0.19074799760164435,-1.258647380790067,-0.8901195235845389,0.49323903716510725,-1.6734388264651041,-1.4968909486019721,-0.4390268706112517,-1.0530946043104277,-1.0808943919738656,1.8712626606191411,0.3121485696513125,-0.1503822283710406,-0.06398602972794709,-1.4324956616428874,0.08408401305948075,1.2923305766498403,0.9664220900322243,-0.28958168660784406,-0.07263094143085595,-0.45874290605748425,0.49967562245291314,-0.8304636803488176,0.8139891477676074,1.3572898242089118,-2.187300364543022,-0.41643093585038704,2.5218312777868572,2.43721325553451,-3.26644440390388,-1.7135920053335372,2.310983442291505,0.569153347267229,-1.143841284395313,1.357717365091989,1.1351401809813828,0.03383593868869578,1.4037707005131772
GLRGC0305,-0.5585568585268593,-2.864051878727025,-0.4255196570833961,-0.018217809203061885,-0.3733819617773267,-0.2816382757022542,0.8414956097623277,0.18585790273085093,1.109884375164865,-3.1040655630653693,-1.6767349511923335,0.43568591147836905,0.3988752488464287,0.9181973089900239,0.36131758802665553,-0.22706698418690063,0.44917448688655404,1.1712171052932518,-0.25103862203171173,-0.7915227634395874,0.324807720429074,0.3162813602519154,-1.3213955321788828,-0.6729134382839775,1.2219692779021356,1.6389709136664978,0.46132035144464695,0.4263427303675374,0.93223608004861,1.5272442142248968,-1.4366194238008039,0.05205920956414951,-0.41350478752722875,-2.1606913863347823,-1.0068039240031865,0.05656860086749038,-1.6618124299555785,0.9682438649344061,0.610944757460814,-1.9905563830664332,-0.42932138510325946,-0.46254019556510584,-1.2496605915197232,-0.7553288638655321,-1.3158489583329427,-0.8546047388342537,-1.4352688156772413,-0.07274027642812952,1.548704621383108,2.03891428074347
GLRGC0180,27.0084388051147,-3.386625651280927,0.8151376796180219,1.0692384419893268,3.6272745909747997,2.5583990527999294,-0.06897266890073565,-0.5974664006792878,0.12479168193631818,0.36496236810896276,-1.8969839167731242,-1.7688487808610482,0.8782957649830295,-1.6306973819702713,-1.288629920127787,-1.1617381662761346,-0.6377240416570014,0.7521817711359868,-2.115489096285266,1.0274321241180027,0.05594934381227933,-0.6787702011130288,1.6383458776088518,0.7460185357965476,0.9102757867144939,1.346804381902156,-0.3049598999656013,0.21268689937661708,-1.034026733957623,0.11034695183083346,0.8919826028549627,1.2600089495617357,0.7531414516771902,-2.1849872178764898,-1.8915901852634254,-1.4264868710604501,-0.9803549438807213,-0.2215952689215224,0.22423312616660854,1.04288891085816,1.1421383821229212,0.7110108157043763,0.8249076387495727,0.23418037811267306,0.6233221581622492,-0.35981361251872207,-0.8769687116579902,1.251103305585606,-0.5773856844091791,-2.816119824855632
GLRHD0648,24.721498799914208,4.053835108319906,9.840809352006476,1.1531822592167102,6.734580915556931,0.8407447810467,-0.7256465685416912,-3.157709866721332,-3.9545936676385964,-5.065050877023493,-0.0239310244329393,2.5831416148155775,-3.2518208956986174,-0.47528827759578585,-0.11602435604685442,0.6535967615793754,-0.2727556233889948,-1.962942470420119,1.2825547492399376,0.881754386255349,-0.33424949920822633,-2.7408906147472565,1.156717539871032,5.4163565333117765,0.5238725939725699,-2.6500605701788555,5.822273115117031,2.7292386403323317,-3.010402452434835,-4.246913902957571,-1.5854473527638733,-0.5329388101372927,1.5730418888650821,-0.33149080215208193,-3.2292247430865726,-0.9207002206516193,0.43942346945664384,1.105352383256222,1.0685500251318296,0.19640479130467572,2.5970428928715417,1.5316613890916926,2.409545332245224,-1.7001576539917536,-2.471107483297882,3.6577685058997407,1.610061729982725,-1.9451372890479737,1.2097464631704846,2.9263954241638883
GLRHD0782,12.033784227670399,2.4841217271148834,0.894386138616143,-0.9654930630669667,-4.268157412943662,-2.041696624283021,3.212769356936326,4.221358762033045,-1.2514723462299617,-2.62026255448568,-1.2728691848110467,-3.3086321053491408,-1.5362553587596808,-0.36596414169178193,-0.213770450201939,-0.4376915129757962,0.9713994775094608,-1.1848251875765317,-1.76626650468393,-1.471071159908229,-1.8874085581203701,3.5229510098726844,-1.8939148920453663,0.8312764395956425,-2.8715727427464404,0.011746167703723966,-1.8856585602585854,0.13949059244053122,-5.108777996998983,-1.5143180838683705,2.765712153082667,-2.711549819965346,-1.5696015998338744,1.0036826136723769,-0.4746403105299549,0.36790997578821943,0.12847420413839747,-3.9188798394297364,0.07658238656933254,1.4312819611078977,-0.48785754659690633,-2.4520642302922293,-1.8099080262925846,2.161051478519285,-0.5613112628265879,-1.809176795153558,0.6757228355899738,0.08616463907645477,1.4692183930337286,1.82046826386796
GLRHD0639,19.36734868049519,-1.2690458252627628,-3.7720805472665746,2.553265323327216,-5.249887205192431,0.8189024883329321,-0.5113856607552848,0.9008797861418394,-1.324645290081714,-0.6146805580709296,0.06394854339259806,0.17456150221470781,-0.8073185459475215,1.1965826296339803,-0.001050632700466314,-0.7296957949739538,0.21461457869876158,-0.7089353044902805,0.3561999007609113,-1.3549689691625446,0.4613841043482003,1.050520318926362,0.9410713990992863,0.3822688179000254,0.7904439505763665,-0.7784977775455898,-0.6373389890254346,-1.318455297274172,-0.141643206013447,-1.5314726206615437,0.786899845728179,0.659644279984574,-0.652584327961156,-1.724205354044703,0.4366309731667403,-1.8579584137701233,-0.09229735920000097,2.3661219213556337,0.17174135017325473,-0.6433806181993176,0.11292431727223086,1.2158276294943873,-0.5467084275158008,-2.0818194741989586,-0.6090904208415598,-0.7471589649563953,0.8331223925265089,0.7425261305438927,0.6818667003980877,0.12577762492699845
GLRHD0810,-7.075537826539162,-6.09811210703751,-3.525075519860814,1.2092407410914967,-1.4695751973036257,-0.2971979650715302,2.7764791696057816,-0.9441098630275631,0.07962890073902795,-0.8068159407356512,-1.3875669112883404,-0.21038882088472322,-0.24649850120241748,0.4977459084815759,0.8264640133959125,1.3648977881389635,2.8027233047002107,0.8708131622538582,0.9956696023420069,1.9801504745541016,-1.6513274554103798,1.4373424210819041,2.155656759246838,-0.7431880860776289,1.2442564077904783,0.16470418187490776,-0.18750052200466488,-0.5504947394956985,-0.906912349445127,-1.984770009531489,0.025483714771934826,-0.9721724057320017,-0.641411914957387,-0.41867776209820384,-0.528300830488014,-1.1339049021003051,0.35214517086094,-0.3305822522603541,-0.29762340555793754,1.321381501184596,1.4937111387077806,-0.22025185775442072,-1.0182700891059913,-2.075613934895642,1.665231003986404,1.5762762030659287,-1.549035433820524,-1.9817714815388328,1.2726495215035343,1.3641568189875843
GLRGC0214,24.112464280463882,-3.8479204168872694,9.336052352071576,3.9338739459725893,-9.309733757980394,-1.76932312517168,0.05001881235997209,1.1725302468338448,1.6933092148713274,-1.9240078189350103,-0.9355431033295488,-0.857823095967553,-0.5181700765344881,-3.9504347931619495,1.0105282350888547,2.6736458520776547,-0.07907438847702901,0.12648880304925827,-1.5779409428422095,-0.8785490399994618,2.7512234842905565,2.0575520347471032,-0.48376446145748353,1.5821964055922988,-0.7647091462071686,-1.1001926541112153,0.2553096628202543,-0.04221306531205975,1.4452526074238372,0.6308895618075947,-1.8373497066872828,1.4292597998799008,-0.16933927853075417,1.8567159039237933,1.2539572158490826,0.25447519995518,1.6135324927194827,-0.9632773615894551,-1.2549215877424282,0.5504330673879307,0.36605996622014114,1.312964712720824,-0.3185374013219016,-1.520511348442173,-0.06613460975829248,-0.4495055973278946,1.550715945617304,-1.5026770762498938,-2.041857613243646,1.7661472321052942
GLRHD0720,-24.746493846187605,2.4901099670442526,2.4974693875289224,-1.5047215913457856,0.38761255162318875,4.097718573713744,-1.5120411084234664,-1.0840394631955712,4.145653441840113,1.4554900174879344,0.6517693781470615,-1.3637903757767935,-2.840624579798877,-1.5017078777185164,-2.606202869530982,-1.4113782842679026,1.6842194026958905,0.3077959807108162,0.9432327849751556,1.3595820242658485,-0.8930901337265007,0.6153243975473477,-2.4613304280011654,0.5375807702120163,0.07415467004014617,-1.070016211087314,-0.14745099923549845,3.1824597555522067,0.48014113386161944,-0.5723448474527405,-1.4680399105589013,-1.5673358404061803,-2.6359253053293523,-0.518074730393073,1.3501864331869984,-5.183599590983098,1.5017146555182215,-2.9964352932036267,1.7474111547724156,0.2625051548099441,2.924131024630637,0.6563610750687328,-1.8346086902376544,0.10834413114607155,1.7056603005537594,-0.5775602485359874,1.7103410851466236,-2.0139562919319927,1.8705430518727695,-1.9722223450517817
GLRHD0122,17.685053055598075,8.359440027845716,3.679634689412414,-0.06819739858651672,-0.39500201744574387,-2.6521776655479035,1.1496137142763116,6.3748281159062286,-1.2326536087779163,-1.3342984725738625,2.5192269700719465,0.21428812776776646,-0.08249863734990914,-2.502644050763905,-1.8364832396061914,-1.0905772072940532,-0.6335023820111759,1.4014738757159722,1.0174103893440403,0.9449357920201609,-1.8123551666495716,1.6043311890241427,1.6237347295254372,1.0082507512314782,1.1498710842749784,-0.7092614033306079,-0.9558604629836096,0.43051843132403483,1.1256780145527234,0.6632377785008741,1.1772824420526207,0.01941413476465929,0.7304252985357755,-1.0940120342531527,-0.5289357632241151,1.39956333433979,-0.5135729448276175,0.785897200910112,1.3091274568461704,0.4107576826949812,1.497140684227198,2.61096509828058,2.261039339228309,1.1998826457923215,-2.275605012850451,2.5970085618032996,-0.9141941319080046,0.265928080246803,1.4603057819949263,0.49175746970691764
GLRHD0697,1.3553470616999503,-3.3950283065426214,-3.370956903951422,-2.9667833968386943,0.5597522207087103,-4.3967896406441485,3.385158465924721,0.895541768782473,1.9432827585878893,-0.7413695406471381,-0.5869019513104032,-1.7015500582793297,0.4179590371555348,2.362249063980739,1.9498896351422503,-0.6637429830336316,-1.1700309071946366,0.05340130043928644,0.2126681031939817,-0.22721987867095209,-1.2416286565193277,0.1944433333573817,1.9260949468749409,-0.04842103513133701,-0.3713495937376817,1.0398663013313962,-0.7717097394732366,0.08998299967194245,-0.45589301083180755,-1.4152177272856028,0.5160237791405348,-0.18310187573786135,0.0870538951524643,0.8392749643950055,0.1495105264088631,0.7323043247394014,0.40748952746459294,-1.8071584061469197,-0.7652837762903871,0.30215866297226807,-1.6758437502929768,-1.8975774033105466,0.5023946359377541,-0.7095606193431604,-1.7054290161185672,-0.4151329285022945,-0.6031235515254946,0.7933932126500414,2.3893757492916214,0.5004397639250839
GLRHD0700,5.883668737004949,-1.0475777843334853,-5.136598136457813,0.5866580871768331,5.173681937525101,-10.600157494669089,11.125433139660961,-5.935669484254711,-2.3820445250125433,-1.5086204919329134,-2.938788219307423,-0.6181569879933895,6.120742748499432,-3.0455404028637827,-4.016243500002643,-2.2626546038118054,5.012813295815446,-2.99683268281462,-4.949097119528138,-4.636168578203299,-0.7399057376226442,-0.7556161808694065,-4.753696356876785,1.3177874678581245,-3.328470638372618,-3.389104921766898,0.6696611003800117,2.481110424789776,1.6756238675235846,12.979881993073533,-0.8180416857664615,1.6420837370834944,0.5298214163449545,2.807866680918807,0.20649915861311866,2.929485195429759,-6.0263359019183405,0.5731008610803756,-0.3155727846887003,2.390117133116214,8.457088133786058,3.6039505712947077,-0.22352170128421564,-0.5806392747153061,-5.910475590876134,-3.1994834800903704,1.2734603232136346,-4.336421829845921,-0.8451024321897438,5.587199118238948
GLRHD0686,2.5947947770143838,-7.045388160029012,2.4471197405889207,-2.659992645540473,1.8182690354077544,-5.667183235232946,0.4416027606497446,-4.63395241260156,-4.98022660155259,3.654862412573409,3.7673484855390247,-1.9290044445782113,-4.931012453152847,2.0197593856062412,-11.27281792159267,5.757687556575247,-9.836139058743628,-2.815350583256953,3.7631980525067665,-3.611875773674794,-2.498054361129654,-1.1824684844835778,-0.7293228344281728,6.28229536655352,-1.3129428558686853,3.4379622189442953,1.1816912158941733,-3.2649792701059814,-4.376529264872833,2.5129598014655294,1.016109090506872,8.572536048219698,-0.5035513801717499,-7.191053144918373,13.087161695187532,4.304301087275989,1.7948699705723679,-3.290701936808179,0.12469489830352547,-3.8704677717346643,3.697153601210571,-8.20499576031756,5.907245128693011,-1.337703846670684,-0.21716616200178507,4.06859726288596,-0.7633820873004787,0.5846944630901306,-4.51470315794991,-0.5559966295212301
GLRHD0788,-5.936044826022358,-5.040351429801564,0.22828151452033937,1.296964177055803,-3.5986814751888763,1.8378944963764892,-1.6578263829889595,0.42002644428401303,2.327089477216149,-1.4854602172345763,-0.07355722124093605,-0.9587461955136368,-0.4405417902151157,1.706126334611233,1.1257622234237648,-1.297146336840918,-0.36252939570382553,0.8053899549854874,-0.12696442451360387,-0.8212001220111127,0.993289863263817,-0.9388235302127519,-0.2773628749203096,-0.05360647790406174,-0.40388629669069515,-0.638778978576257,-0.3105624932766362,-0.51933023125723,-0.47811711571363585,-1.1017586105645691,-0.28340146049953296,-0.24180607676179305,1.1501571553752774,0.13022632672407888,2.0657426100587983,-0.6397741729592105,0.5260754692536163,2.224184173697479,-0.6306935804713727,0.29517047500760873,0.11242063348687853,-0.9936389541132364,-0.24139503305383414,0.8559675129268339,0.5895122467342925,1.0998044792967687,-0.97686282674482,-1.303491105630783,1.889998930447491,-0.29608141304169056
GLRGC0118,-0.4449987685281043,1.8721694744089306,-4.906379428395474,3.1254434710188557,-0.16666742592606587,-1.1688348628939693,-0.27051939138382086,2.7500012764106803,2.8602452789726267,2.640808919152234,0.2432638125049801,0.7268147152136658,-1.084115652757051,1.8098152422352394,-1.9263127614860027,1.357471760580629,0.24643077790181797,-0.8304181974653648,-0.1899150116375898,1.989678944620607,-1.1070457020324294,-5.336071087678702,0.9294704876416965,3.4383617524111947,-1.4325084234855718,-0.9618411128155946,3.9185789055471942,0.6507797545503307,-1.5346888582070792,-0.572855793343791,0.8650671054242407,-0.5070317850981948,-3.4571164828110863,1.3247817115530947,0.09511090536071139,-0.8867605688314496,-0.06825626564149465,3.346212916193807,-3.084205727215277,-6.137139530415022,-4.611227111208595,-1.725746157509963,0.5167754489749454,2.585756394148631,-1.865001663519055,-6.385964021501168,0.5543887823778091,-3.851733718457522,-3.5982340323577495,-0.25500663997930184
GLRHD0803,-1.6547333455705537,-0.2288934655305996,-3.097963331545553,2.229893272188686,-1.4077698648003838,-2.398228329628472,4.3772080551277295,3.7139498599318843,-0.3857296894388307,2.1420181697424634,0.22318344399493614,1.0174425350395535,1.2819724316162664,0.4080403238478026,1.3149252963795293,1.045681065458786,-1.5453602213871616,-0.9841700691480012,-1.8822597034688624,-0.7935516426059387,1.9533717630405654,-1.3389656584348433,2.2037694607917278,-0.7219997788829343,-1.9858079729752391,0.14063053591110955,-0.13200426383913702,-0.47985905752278707,-0.20371528475378864,-1.9544406247714143,-2.4946731698320668,0.5919257687518507,-0.5020375617698607,0.9834382288952079,-1.3270639022336732,-1.526076719974034,-1.9238733324367259,-1.451118382109272,-1.2064996583531424,0.39531521007132686,-1.418681774630521,-0.20095541046528198,-2.3146322704126083,-0.28699453343583686,-3.2604468840326564,3.636763590450179,3.8470362904796653,2.8136946148971873,1.0398684029971395,-2.2125610787184598
GLRGC0294,-7.356242447512528,8.02174364915192,-0.30066622930876397,-5.296385547766056,1.0146088674702503,-2.3763350708739224,-2.1906799151448544,-1.9813345374291842,-6.7237355329793225,3.737300529125284,0.701905184668458,-2.23128423343018,-8.053154557926227,4.1641006343224225,0.6027390913477004,-3.028317689878009,3.0616258943107786,1.0676116893476086,0.3712910706364697,-3.7949329121201663,-4.075617221356185,-2.8347513733665526,3.624838502293637,4.643607106417841,-3.215422439750237,-1.684928292123153,0.35142062165678,-3.3841483765298404,4.228100292598631,-3.08477824087412,-0.594145590997239,6.753068377684531,5.041878624938808,4.08361282511652,-1.6197293415695055,1.8401941454770738,-6.39051947275254,-1.2785974781962146,1.1631342887235379,-3.9011495964487817,-2.944951677251214,1.1200528484150665,-3.4444785720460356,-1.3748216829606559,-0.09039966697331447,-1.2233293877314642,-6.48511412699681,-5.523151102986405,-0.00016477715805687018,-0.3800172896087014
GLRHD0817,2.8336139240869804,-2.4092698619497583,1.9343950149027143,0.3841126468589271,1.7316340187407404,2.957781196879013,3.67190351047283,-2.675609977308682,3.165345915474971,-0.3241608010891019,1.8098623802030793,1.7632574464536577,-3.491695642890208,0.12778473878230537,-0.8978648255396325,-2.164170154965531,-0.5347155469536256,1.8166351473015143,2.998057925731664,0.6357487979796178,-1.385078473794429,0.21259262549888347,-0.8182094221007902,-1.903298019988426,-1.7238674355463688,-3.387581785858704,2.130819114180486,-3.558060686006657,0.7211736829576221,1.8484833983419642,1.9377494445309627,-2.6089627937287276,-1.407109440227941,0.5520218596375394,0.233553926252587,-0.02041258602201438,-3.7932449721085604,0.2224612154822669,-0.2643256650212781,-0.8933752752875103,-1.1864667108975764,-1.3172415727749824,-2.7784840515449156,-2.8720355120693957,-2.7721843903489467,-0.6276679924168328,1.1514874947509917,2.6022203468442853,-1.614478805265661,3.569920360513978
GLRHD0112,13.202294950182452,-5.266566155893609,1.8248743027342014,0.28425116356067603,6.230480691494105,-0.4939260497474047,-1.4494222785340762,0.8648681741275162,0.6636113981115075,4.88836867464693,0.4069719583243069,2.861061536577699,-0.014525309627003798,1.1117839925099187,-5.58936854341507,-2.1989441111051296,0.2718700112789905,2.386479184421504,-3.156157209184424,3.3932955895264847,0.9170501031887638,-0.18143266128227134,-3.3359217002504864,-1.862082875669603,-0.3775561549567427,3.127195577613986,-3.8855651398371633,-1.3347287994535588,-3.4969541861219673,2.1205347925336246,-0.8593987040479676,-0.08792937883670243,4.929204350933567,1.5870260313845264,-0.16631391870316112,1.3247776411070065,-1.2213772196924464,1.424064761663181,2.8166817032283853,1.6364678290391519,0.4903626291234889,-0.6605409549593397,5.032603451757826,1.856830848806559,4.78518654342242,-1.284591197973466,-1.5260367426562114,-1.471629450340487,1.1426091489327574,-1.1364985990108276
GLRHD0484,7.163214463685436,-0.83408763849707,-1.9319952558360811,-3.644177809656706,-3.413522108696366,2.856325530694069,1.0491028148251076,-3.0611896589245986,1.280156330760253,2.325413688195191,1.412672386170864,4.484760183369923,1.6337258548358882,0.18691459631923282,2.24282830408801,-1.2184369745926498,-2.635227568339687,3.784802631921428,-0.07671265906689684,3.3798406405585704,-1.1093388652074232,-0.08445267161621797,1.0306096786576038,-0.8172769719145179,-2.3003463972404767,-0.6355958415423697,-1.0842199705478552,-1.0371147955493805,-5.0489131331955965,-2.1107662371879807,1.4834174788513386,3.9512025538656115,-1.3100846631246912,1.663369342392946,-0.17810066755863505,1.304490758430841,0.2396716512388844,0.11820210765086017,-1.1926518044054546,-0.8553616498124431,0.8405840016144659,-1.6290289471720147,-0.0057905811024916865,-3.278763283743532,-1.5685526184690681,0.9297363787524645,-0.9661983592495589,1.1818946993632775,-1.1291462703501662,1.465591049751409
GLRHD0095,5.9590057660269915,-1.5424632069873254,-7.026923149213223,5.637336262015851,0.7242947703350895,4.141272395495846,-2.27005137528328,0.7568041923856882,-2.5712683214497565,-0.9658364865156318,0.18035748443214483,1.6957083335604008,-1.743948833950856,0.7028535649275791,-0.9171891141882468,-2.0807501383407923,-0.39922888163937403,1.5065824108752883,-0.9741393687196653,1.415046237062211,-0.634553699556203,0.20599780839344356,1.2800656033976519,-3.078714344082749,0.824134063296407,-1.9523806856276513,0.1866546832568031,2.125605437219706,0.0017835121462440302,-0.9408872205930848,-0.2611240606908813,1.7630691878394085,0.1555701492582937,-1.926037657008397,0.7980416356198746,-2.5053839349291946,0.2501688642944344,-0.23634094545844175,0.08194962425559374,0.21930753937642627,-3.3387977907998914,1.8273401474823339,-2.676518272813852,0.6787952190607102,-2.279721077547694,1.8139375030423663,-3.1146805983772765,-1.1200465433855729,0.5048772938472448,1.2243437660641263
GLRHD0043,19.08182991116825,4.391510510220368,3.642524538917311,-4.74281718381197,0.01566313905815003,2.6676534854090788,0.6082172210595225,4.161695054220617,-1.581521265598535,-2.4135160532417315,0.6428584992066189,1.253672896023031,-0.11452003881770285,-2.6623504637213498,-1.3418845770443246,0.2165880149722096,-2.4350225160026095,0.9002005513302456,-2.628026464264287,-0.6523303403450817,-1.9995014009188745,0.9756961642723478,-1.6112992031584927,-0.1898750197557369,-3.6625631559418808,0.30978470093688704,1.4404233653134153,-0.4993341885061949,-1.8824281096747482,1.385481575283558,-2.215051322516742,-0.8125131085749991,-1.674197568596125,-4.381602767762456,-3.475135190640408,-1.173997951849026,-1.2879790169435807,0.13067984297004315,0.03838189130121686,2.272645435639742,-1.243896519383545,-3.85746358627573,-1.61849361449112,2.5614845404206608,1.9002319624236246,-0.7345029055002054,1.6698463485125683,-1.8319255917091946,-2.2482710591946278,-0.0011592921955201553
GLRHD0446,-3.9436594237460083,0.0810794142023924,3.661924724613093,2.2736252670665817,0.22116016296765004,2.749297508349492,-0.21462007801852834,0.16561267870005494,2.4759649176578815,-3.3731367986415832,-1.9655167860311846,-2.2855598830061927,1.7459911216551982,0.18429870346382146,0.6609230675827701,-0.1083805798578899,-0.2969596517162178,0.4022549693794429,-0.5871128158074389,0.05753281112712313,-2.31989382640618,-2.3459183931390433,-0.7394685324389775,0.5341928298558014,0.8273801371939564,0.40686223857191606,-0.22897166825015836,0.8488981535894138,2.1774061794300863,0.8691740491768633,-1.2104547994517771,-1.3502355924219487,0.04981986368905332,0.8855937297130227,-1.216313245127016,-0.9457309934536207,-1.727058875684895,3.2707298535667664,-0.00954791767987372,-0.40292296999713134,-3.165538709517941,2.0448036672481544,0.2897073793236976,-1.6210336913189611,-0.2477940414738467,1.3908246251783036,1.4740037396524062,0.49729802441972437,-2.347101999053947,1.2258802674848959
GLRHD0792,8.680742972215464,-1.6537621413058086,-3.8698739586414366,-2.39551473757309,3.9614375103255934,-4.344355544460055,1.5314069919897688,2.7977807662466074,2.6126688495409542,2.6696615266141532,0.3764679479202709,-0.6138382240968671,-0.4578041936130404,0.7186790889251085,1.7430072086706914,-0.17751624924561407,-1.2882505067043093,0.3213405819689085,-0.24249040155635807,0.7337079356638656,0.28892937531242346,0.12038118450412852,0.9243803717265392,-1.2360341888370727,-1.625519314267518,2.2096892568755053,1.9863029105811725,1.5527860787092367,0.08358740612264698,2.3651154246004076,-0.9060093536719598,-0.4215694903297129,0.12084820901296357,-0.31310741311025636,-0.26241947008630784,-1.0494257159180647,-1.7336401677132536,0.35468005444693723,2.5870587364487325,-0.8885441607532055,-1.7047774674461778,0.8937503250527796,-1.8959937250067773,-0.7120911186689138,-2.435787620646968,0.7704781539552709,-1.8698793376342469,2.00262142734477,0.5819755962412413,-1.585433845877074
GLRHD0145,-3.5314783231688978,2.037195151042066,3.817302272290828,-3.1213221160224776,-2.325482124322526,-0.36373040055111594,-1.4648371528608102,3.466727161597498,1.1993580494521172,1.0995098151786709,1.0771773168445766,-0.551157585643077,0.8358480338895845,-0.5421199289161359,-0.12933803928999865,-2.132277321322698,-1.30702896195849,-0.11378858922185507,0.21127873194484284,0.613034349840245,-0.7059532050641463,-0.42191274352612024,0.9531332174674753,1.2597904170791923,-2.0977257950224804,0.1966469574286491,-0.125108829977233,-2.5374590134142205,-0.941743818549294,-0.9722640634691778,0.6643933822896345,1.429421554786723,1.0351448054114685,0.15436974040615506,1.6438102635514489,-1.455479519393293,-0.6197722357734916,-1.5149885053415346,0.08868886187942225,-0.36056977210639074,-1.7958693083153254,1.6380468116684512,-1.7342963352759881,1.4186726638761016,0.7325628005805697,-1.0872039587427782,-0.15700489080369143,-0.31380925436635365,-0.16872516439991292,-0.5293361132637916
GLRGC0201,7.51190583118355,4.450266156334799,-0.2514852238208454,-0.1842520147782115,0.6305583359388134,-1.0068313222225527,1.090714563206119,-1.4241866506327283,1.356126476869358,-2.01316583449257,-1.6845988168512136,-1.0266869211781118,-2.778867968356749,-1.1888912112300647,0.37687936638121056,0.7527294948498654,2.1145226010229194,0.6127869157776482,3.114154584705363,0.2701158823848678,0.8715665744773607,-0.054539880154905594,-1.6280974964649888,-0.3141944178457229,1.2407094296150554,0.155440855431864,-1.3752259072553652,1.3055087950293414,-0.9689639524443886,-0.09378886202692145,0.12480544905054876,-0.10394607497872134,1.0919272025364826,0.9972681434771483,1.4877983157736387,-0.38430941927455375,0.034766759873313915,-0.0959064359283807,-0.7883854106740585,-0.03045371297496262,1.553705081414988,-1.8323034600735497,-0.7041899069241733,-1.6422237477797708,0.2046454671458784,0.795460174074178,3.208964847997799,0.8635983551427772,3.0598909397063334,-1.4840692921769296
GLRHD0619,-2.709605595562134,-13.895874261530723,2.579884177758109,-2.425554132284816,-1.3842316732978657,7.065106479697801,3.66738566708848,3.3479245248038807,-0.2283131607937153,-0.7426911491891891,-2.18368368786485,-3.1088268895869793,1.6774300830962385,-0.8260227236062418,-0.6080304589697446,0.17913911995605045,-0.2695702246730234,-1.4134650991122408,-2.2095608128872435,2.980755119822063,1.3936519414845423,0.9041498366621189,-0.4099132014590587,1.5560958781875975,-0.10175719693102787,3.998823299373689,0.1322682721643066,3.1471614518825275,-3.6442759623539964,1.2291315634708326,4.290191479960799,-2.728194847493044,-2.6567248961405108,-2.504184518741443,-3.172918189301772,1.4620138441878467,1.6235183739883612,-4.1582262158265175,-2.098892472368448,-1.1314914865375092,2.46269041849564,-0.19413913996884097,1.157012235045288,-2.7283791999210196,1.9297568827629077,0.24725032682348563,-0.0061860666894123515,4.784548359843364,-0.8459156296340702,-2.321419479242432
GLRGC0060,-14.198236226943031,6.299235223247166,-7.654204246025547,-2.4410863685034294,1.1988268970274878,-0.03912926567429727,-1.3629746663912607,1.43015211539114,-1.9332985947778119,-0.6860612688227862,2.425156728827628,0.02813637792990531,-0.45370732174644735,1.2208696353351105,0.8971099374011045,-0.9558659659056783,-1.5265888209763625,0.3962932213853387,0.9357050337757392,0.6517243859052453,-2.3156335594650663,-1.3464337609525074,-2.551722715270734,0.6007335501026374,-2.1333420633679023,1.4583940351137044,0.7686982721483889,0.42122358229302,-1.9361924426266548,-3.8128290606428688,-2.2084217456981183,-0.6570582322349738,1.8900515951598815,-1.0314829169943875,0.7981307781416657,-0.844423538560131,-2.619521229821525,-0.4063121672109837,1.8862940087735247,-0.5786122032898039,0.47276800170232436,-1.0542120185468171,-1.693025833647426,1.1717890707609544,-1.1149236976310033,-0.140839715400767,3.0448917012168897,-2.6223790166660925,0.011231635377819111,-2.9134124555697514
GLRHD0765,4.524816828642866,-1.2282737417094147,1.222350216681186,0.5860071314450785,0.6057375538665591,0.029239957677019267,-1.193810798731765,1.1005538098634802,1.6345717108019457,-0.8797791787892102,-2.5535604880082663,-1.9424419818399838,-0.21883574582501486,-2.331089974161265,-0.5783153430806337,-1.6078986994692346,1.4254899665780323,0.6444121855340967,2.7744357251112595,-0.16002501863476862,-1.3419153183568264,-0.04840384028972357,-0.5071368177545417,0.8212110482257124,1.5624384739960115,-0.5351984095184126,-0.17330971555169591,0.2544961263982468,-0.2753745078942813,2.13265008370581,4.552370953262998,0.48630401052054245,0.5807907231559222,0.8899811907128763,1.5266106542662101,1.9954770855608455,-1.2423858431431438,0.13578340644447065,-0.9193814785053859,0.7738667303586331,-3.805517294593084,0.02500793088227515,1.3304365170993415,-1.1291145313444628,-4.183194476655155,-0.5670797478145656,0.9547148098233735,-1.2782767440056009,-0.4255542139612568,-0.8986261075147844
GLRHD0780,13.75733225867232,-6.276064458993533,1.304939152009907,3.7864803411896655,-2.8053103866804365,-0.17182543308060064,-4.624828144152485,2.80231375871604,-2.7942202666915374,0.914737381672797,1.309829480511782,0.1263034398526317,-0.7185292626233579,0.05848389448182616,1.266581971507399,1.100523725519922,0.8647433848944192,0.3762951655563634,-1.605550924586032,0.00018846966459664044,2.7491685201779474,2.721642338388175,1.0217111836103863,-3.557945739014691,-0.30460351692944904,-2.037968214925545,1.211938907770098,0.497867190009511,0.527716399763043,2.0130904478138265,0.8437995078770435,0.21622305398799474,2.6422129989672007,-0.931950300005065,-1.1473006401503316,0.8865441770561725,-1.261089154434354,0.21855641516898952,-0.24083138162455608,-0.07186265506257955,-0.02662674773625585,-1.3929639256065394,-1.0048419324311233,-0.5674251600750684,0.11897655094332431,1.300276901772252,3.3848841334118536,-1.5405505380921165,0.7154536223863793,0.6248655025061497
GLRGC0051,-34.1040165045056,2.6465075714402992,8.518898511793854,6.942522703129937,3.113151089037659,3.4924586562180258,2.7914886068900886,2.3217311560329263,-0.9171691108984421,-4.94657161202291,0.4105089813521195,-0.41829485259003296,-0.5354517583607916,3.3453182775183294,-0.3890988148211455,0.23521351406182553,0.6082923359374742,2.205786003925034,0.7059614685822608,-3.1598927477115497,-1.162546292821559,-2.0647491024190563,-0.5924332863132303,-0.6871905776922029,-0.513204326049889,1.910546419705054,-1.8342177660567363,2.214620726681584,0.7938063706194748,-0.14672772479132498,2.085277679281864,0.5447835519445406,-0.5278495345347634,0.08921518686832779,0.9448477983415302,-0.35698834999660695,-1.934209424893031,1.3120380344077254,-0.694049168386705,1.1718825255087362,2.3391696790292382,2.62737354475749,-1.2233184895857458,-3.498920600137289,0.5855049496565053,-0.48532563453792227,2.4993449007085577,-0.4787225206016204,2.4401539859967634,-0.6928669718508319
GLRGC0068,7.762880668444762,5.331453506809526,-0.14778521935469682,0.8110219457297345,-3.618268091164724,0.9519597083329971,0.655267339920541,-0.5629700992053578,-0.7397408785113405,-1.067028708075934,-1.1012716063780992,-1.2856809843638985,-2.5145895921562067,1.304522168575005,-1.3159138104744592,0.1947156073519648,-0.295888650145277,2.3765968003202596,1.8642470765436732,0.3518474206736321,-1.0185285299205369,0.14344585019586314,-1.8606672291456476,-1.7793549347547437,2.2855364083174834,0.4294151653884653,5.7514234496392145e-05,2.740743918063131,-1.2982376154618045,0.2090024381563166,-0.32277182944580646,1.170534266103336,0.8581051875290647,-1.6482104607948054,-2.7372426390932594,0.3906363723931509,-0.6576439889463682,-2.8104086515099502,-0.4291340595317794,-1.1010443064207462,-1.1541414947328341,-1.9228347716914311,-0.7327982239333215,0.18161683853132332,1.3300373107773793,0.974415597875821,0.028615895677605196,0.33472871718840547,0.23679547707518592,2.5251795134122013
GLRGC0273,18.583318867623834,11.353073796202175,3.5832664473817535,3.6096734351530353,-0.27874824155663336,-4.027401841271936,-2.9055774389304054,-0.803188760495005,-1.8585091623705547,-1.869945430635003,-0.6990625290571548,-1.4217520447384802,0.37597552610138735,3.671049969014725,0.6453872376121847,1.3053621939770752,-0.2842451529189211,0.14014945017326305,3.05731881324299,-0.09488948802841543,-0.6474531574605348,0.9577989579515661,-0.49657029033761424,0.029568611779229172,2.321001128480728,3.604419730628098,2.1635887733663766,2.9098911819538484,0.39928081680286126,-1.361517040366071,2.9754802353463305,-1.0176294725366928,-0.6221709325821764,1.3786282367578588,-0.29227807459654415,-2.184847624835478,1.524225838895248,-0.3177441043743138,-0.48142433649558236,-2.3634877114557336,3.7661360949523925,1.207708224848202,-3.001454591805539,0.855856038245259,1.6452179347983336,2.0591447060531753,-0.5009601317925696,-0.24295047268492703,0.18436655033842872,-0.33799898707046416
GLRHD0804,-26.56160444183467,5.1894801379978555,7.260468909383013,-2.2694479045767126,-4.555347754427504,1.0096228191737162,4.575381963803802,-9.863272358329514,1.850185469548629,4.794922945326809,6.334035887632511,-2.856580172330145,2.6279194274811832,-8.075759957668744,-2.537625254355113,3.7310529148066935,-0.947889290385148,0.26975553335134506,-1.2919984761178276,5.481308662906505,-2.9131343564877117,-2.366778884169808,5.182895529175019,2.7003844790895575,9.896045836835082,-2.1835066393818767,-0.7085051270929069,2.7854718154900175,9.23235400188256,-2.5356269407170395,0.9462227338056542,3.141666175499265,-5.298201517920512,-0.645717321178883,1.2471795058440744,4.087622319324788,-1.4642637437482273,-1.5005875358051215,-5.283383155997943,-0.8874917121058892,-4.257226935204631,0.8943843022288226,0.12044291193543877,2.64527617839062,-2.16591095841782,1.3416987288649087,-6.935057496848907,-0.1887381165541206,5.5165516380443425,3.2020541834711516
GLRHD0712,-13.12486488714368,-4.898846218549932,-3.1355053942220157,-4.955839804992804,-0.5405035706259292,2.3700445062162476,-3.3628417802750548,1.0174396806554533,-0.9455496726758505,-0.08508834965471149,-0.30308106732330753,-0.2757834902544256,0.2034219642299878,-1.3956819714885056,1.619052824530172,-0.8181618235755032,-1.7757403305369335,-0.12619588189611103,-0.7135146376286391,-0.09279905961610974,2.9507415440297535,-3.580067139694566,-0.47247801182084903,-0.11123429054769937,1.9099233021489437,-0.5497770941930822,0.6071575434129981,1.2524632078573157,-0.5253189257013432,1.5409330083265562,-0.9161865332795415,1.5687665441889709,-1.1285708415862525,-0.7026681403228213,-0.5532054870619375,0.10000163971281638,1.16346796648181,0.5418175038060082,0.03817926236854203,-0.38270733912122223,0.17625736353258697,0.8052137721193037,0.411416052301176,-1.3246737987598993,-0.779465730896626,-0.4619908097122504,2.309398130636245,-1.1534279041885194,1.1242960367019377,0.05313368554866025
GLRGC0178,12.935468688147168,-2.292869934501027,1.4216824619586352,1.0366212952038485,-0.895717787233363,2.342414737142137,1.0503520917273115,-0.9499127047126763,1.7227922625448995,2.148834835998154,1.0118213677319345,0.16830296540464848,0.1116424581012463,-1.0452919060972161,-0.4127947203627499,0.007819868776549737,-0.9625608837322622,0.7713891776149302,-0.9129319119504791,0.3031517262432488,0.8178588479573565,0.313661370788496,0.4671660030278595,0.40696539565803336,0.36354376986483034,1.4245340741250168,0.6036708971589414,0.00891794856773139,-0.5839256235809621,0.7649644664879903,0.5678546363039423,0.4931727858722424,1.2547026623894433,1.0105454416182311,-0.2502905577816642,-1.2648498643372337,-0.9374783134211534,0.8743035015816676,0.42844206350457265,0.04150684127847445,-1.8756776644189053,1.072803948953174,1.172932405137033,0.07824235402608892,-1.0015885889580876,0.6776019522820185,-0.7034985102483508,-1.1151390110584551,-0.4875561298629683,-0.7047960202255322
GLRGC0281,7.691887535365344,-0.21124355286531843,-1.3102946001820068,-2.683275435658065,-1.7496417619381892,-3.3738412681730328,0.27266996390861065,2.7190503075860586,1.3960879982800687,0.09404856241203764,0.03923828630700737,-0.8067959318437532,-1.1329296669616495,-1.9237862319756678,0.050670454283504314,-3.339916672097558,2.7184826131499418,0.8100790493812462,-0.4625912005790151,-0.08637260501027655,-3.221916727664788,-0.20125812069051563,2.056465102567744,-0.7044228119556808,2.8819753937407406,1.039619269842169,-0.0806584376172304,1.396697408070785,-0.4101537424192268,-0.9662271062355701,-0.45906564536154576,1.2985000466505965,-0.38433165170217387,-1.003482255101048,0.49349765515401733,-0.23547682982723597,-0.8837795404791317,-2.120899943337088,0.6508090386899282,0.6952506513476024,3.272931551874379,0.8667692768314307,0.9213409978363768,0.5979904849242609,-0.23501803561215467,0.19297837819554003,1.2034143055679698,-4.25660697931544,-0.440629877491425,-1.6217941475223832
GLRGC0361,2.3842545648653686,3.3219600409322445,-2.395406342615583,0.07125219858794474,-0.5040228664345302,-1.7817970025082326,-1.3023860228430928,2.5875322311610773,0.21800257946937215,-0.22526051312822395,-0.8053919622049924,-0.6031969132420896,1.9734395235785989,1.0712131014828672,0.15384498467351848,-1.7128830697565747,-0.014898220272577168,0.7895741886429308,-0.16314986840498324,0.28017469864890354,-0.44805168245771626,-0.7042447860087334,-0.03039984603475346,0.5123380425557542,1.2737946412432137,-0.2767846483564586,0.9823958926041663,-0.2591252174834874,-0.569933184240382,-0.902728769927048,-0.28446651088610136,0.9963794472182487,0.07711231814049047,-0.36530200102438143,1.6224266230553381,-0.9567739328524222,-1.24414156978736,2.2770960664043236,-0.26539191797868744,-1.3728301100768656,-2.782365213863041,-2.7357292438009857,-1.5034095727593166,-0.7676457257757813,3.4886787879602914,0.5841872925871308,0.48645417946152003,-0.8100020350700795,0.3003282729434123,0.0961532036303126
GLRHD0756,5.52917480926268,-1.5722784354826334,0.9356740797427389,5.031011234065508,-5.212733182740201,-0.14686847664276587,2.2356226685752447,2.8176115029955735,0.26596779001383836,-0.3509909129028506,3.3635062711614525,0.7878959840448416,-0.5556137363453788,-2.169458452394451,1.1261485949869567,0.23796698473971725,1.1557936164491138,-0.1191411240382284,-3.4394821439975196,0.20922193763284552,3.4461274470776506,1.2890733628428053,-2.9390862160010163,-0.7860211754329783,0.7366204198469675,-0.27701604889229314,0.8235317368363824,-2.8553882374955957,0.9392554032312979,0.745518681054991,-0.4476457560642215,0.19629898676020238,2.849744900327494,0.471192066521814,-0.27311334639167,0.41926186433417845,1.114020691915265,-3.1191637818161664,-0.7384198089722381,-0.2669274720515349,-1.071121180204475,-2.069367061206773,-0.016615112132904016,-1.5048734132014918,1.1756423942122005,-0.425239442961376,0.6175942583875886,1.502183203545008,0.3293447833091663,1.2300855437629614
GLRGC0133,-10.942323421805632,-3.642376740632523,7.3494484229515376,5.529954678406196,1.5742791324954866,-2.06637912481548,-1.712516790507836,0.5758052358425713,-0.7162122589001512,-4.813647233244744,-1.1473554230269496,-1.5696866534665295,-0.14784046128094444,0.2717046472509883,0.25719712183921195,0.6680757059718738,-0.6486661686685867,2.422878328708954,-1.0341368423863309,0.12079830101538962,-2.8411835837076933,2.5616193884759024,-0.6738050420373459,-0.47529807570750615,1.1393369217812175,-1.0361231045456136,0.5417570682650061,0.5876591180981541,0.5147418192666185,1.2837654277156094,-1.9955465009072113,0.505264658486182,0.09599522749405108,-0.4584579178500684,-0.5168512135677927,1.9276659844083817,-0.8006928100182815,-0.7609490017481925,1.3041705143192828,-1.0518037473929505,2.6956981145110226,0.591079194553043,1.2814558688545965,-0.017449607939930428,0.3030107580322031,-0.45550394464019117,0.1476717708083479,-0.5226240561140172,-1.6276903033262267,0.8299257744645082
GLRHD0557,-8.553758887799583,1.8249587789708384,-2.047315538474967,3.0738975083314104,-5.3346953497087055,1.6977674602153736,5.3579802539612995,0.4661295861479686,-1.677378414188523,3.7287259711131258,0.5636301757257379,1.0837231045458122,0.06425490677963577,-0.6943488253968539,-2.2618994856669463,-0.5420663989347096,-0.23623106946262215,-0.22561584464816478,-0.3157138604362741,-2.7738800600813858,0.04925257837458485,-0.5617878487328601,-0.766508501820834,1.8596075019846061,-3.5077195145482323,-0.07448103664070625,-2.870818658159415,3.431555919202928,1.3731050373016698,0.5526234364367019,0.28204550201781275,-2.5887618543676845,-1.418006159902932,1.6661547388940354,1.1045047152452974,-5.891613708334637,-1.0407744720428467,2.475789428789546,3.371960583760802,-2.4290124613666766,-1.3218127175854193,-0.6902555071201744,0.8394885715476533,-2.8658167311881724,-1.4615368606618762,-1.46650079338678,0.6064688005303185,2.08672510953087,1.6980841719709248,-2.6534684673109394
GLRGC0231,-7.988747207843849,4.337291048271415,0.525730739427462,-0.8893641172682349,1.691447793598576,-1.2339261126592296,-2.5847091952966137,6.906853511804611,0.214648853455723,-0.37616884586172733,1.721184453616975,-0.24891529386623826,1.0184339722644078,0.05508363228079252,-1.3174264556139867,-0.4845743185376648,0.32367173235739133,1.4825138091890901,0.10723918957859056,-0.4341454492101156,0.30625449977141145,-1.102117816820432,0.43604687076427345,0.3834490282259338,0.08163043895547104,1.3581899854273154,-2.1993283187125985,-1.1401442885033493,1.2581341663722148,0.5933639964031304,-0.6074518184560317,-1.4215134974275245,0.24939034506457058,0.8853650787868242,-1.7365000810006723,-0.6175885985209907,0.2789122791335477,1.851883418351343,-1.5737654651430557,-0.17706547349061744,1.5679047934463772,0.3663923558084871,-0.7395714981044763,-1.4932215631628651,-1.0154431189208932,0.45182836104345164,-0.049259833119236776,0.5459104547829908,1.0439366935629892,0.12241588992062799
GLRHD0693,-10.853263127157897,-7.267713517327191,0.36899225810527536,3.2452321601529124,-0.31004782689676247,2.3159576637705186,-3.2893155525016327,0.03926245037770415,-0.3002680504399886,2.190761440254395,0.28909466564060676,0.9556450433160009,1.5324987322683978,-0.719558130088064,-2.2985530851204303,-1.7504131394857962,1.7218004059590857,-2.1366212455040485,0.43447998213877453,0.9993288678570094,1.870304205193749,-1.7287409426307547,1.303806145933772,0.0897915055429457,0.36190288474698573,0.7646215697224088,2.2181593032615403,-1.089770525011069,1.7269205811543051,1.0674253494904564,1.79150259154352,-0.047454917258034884,-0.07024986825160758,2.5163072321676703,-0.6249499683922414,-0.9666284589027989,1.6707132884634046,1.1187417204581251,0.828883645142414,0.7337971211636235,0.9289927105957169,0.745222008347669,0.5328433239293987,-1.4389441807850218,-2.4233512802961266,0.4511808525043986,-1.2769830240892084,-3.231891042273357,0.33299022458565153,0.06494556478854835
GLRGC0287,-4.962731785622353,-2.0024130858631297,3.08781168111458,-7.7755305935092265,1.3875718355209874,-1.9552134977223194,-1.0869093015887805,10.67860425159,-5.586416232506753,2.339329721829272,0.6532412521769537,0.7801229550441733,-4.100112222220914,-3.0661618132838995,-2.5818097092636756,-4.118722166405237,3.8697058034902834,-0.035260039416872176,7.030665319303468,4.162063708601433,-4.729278747047555,4.910045398306559,-2.3231217929871844,4.984446362461115,4.009931436656816,-5.398121634306897,2.4259310819195012,11.648768741816758,-3.3467036616757198,0.09642462258148748,1.7655547431482923,-5.739063147075149,-0.3952168622808395,5.3491280326244794,3.215518631872802,-0.34311569004719744,3.8419171852934704,0.024466988045572735,0.7492545122125126,0.43774314660989955,-4.106467121731964,-0.4199861893974858,3.9667665768683156,-1.1893865696392625,-0.48267733321742035,1.7725305437606342,-1.4052325894374658,-2.285818593239466,-0.08060048236508671,6.926340905950782
GLRHD0751,-7.648593817685134,-4.5877294113602485,5.005429680943327,-8.719430753092125,2.440772431402778,-2.301675934493368,-2.8133248934109725,1.577541731515559,-0.32060036727444446,-1.0750099571033096,-0.1830976577589673,0.36261048498862297,0.02436979623953952,-0.057973006413176265,3.374308988141666,0.675654294540115,2.2076529048484534,-0.8202472263166194,1.992174677261802,-2.6068276917890723,0.9582619265376698,2.3136966076566234,-0.13992958069255595,1.690115944651271,1.4784941764690855,0.9318649287136129,1.515526694024424,-0.8970410615581459,3.0010350141810593,4.014512032905265,-1.596625270198964,-2.7221380296289834,0.4564535407814433,-0.7751189754925116,-0.10477659722252688,-3.882416877203702,-1.6175516428540937,-4.583535002051887,-0.19381403570091796,-4.198076969696996,-2.2917927275207055,-0.5589638372258654,-1.4513392176160576,1.0529265975703823,-1.4183462745499908,1.3872658471502746,0.17366796880705204,2.6041943102483263,2.41764980003159,1.1750789489734281
GLRGC0189,4.830551920178421,0.3911445459016638,-3.363650146481156,-0.20498250437269594,-0.16623891677127575,1.2310624336649054,-0.01979111017884078,2.8045450406380676,1.3947444914887095,-0.885162299977235,-2.1239137722951003,1.8463723220133894,1.1460201652195412,-3.141695847369021,1.2441611581258514,-0.7043894556337634,-0.45841704005738465,0.40465754154726136,0.9888885588973382,0.1267485948442107,-0.5292141061870886,1.8951363454583183,-0.8300392505378814,0.9034702991409329,2.2464992258772547,-1.464574215119975,-0.10825026020375639,-1.0518504590126398,0.4505781449268828,-1.1970245625224147,-0.5839938214305337,0.6234976726202406,0.0034608720172046104,-0.12715844965256204,0.38448048513387567,0.8290419888168611,1.2323947755461222,0.13443221108416,-1.2572694786347443,-0.6427971582971347,0.3511023331328875,0.997857485309817,-1.3250566123253087,1.7580998458817336,0.3492772224846694,-0.9718517577134576,-0.7028822020285102,-2.3752248707251784,-0.48718384723873515,0.9174004429373381
GLRHD0818,-9.470003779511465,2.694250240479271,1.6969600915072076,0.3197639562383443,-2.952664380200243,-1.2579387072507684,-1.8814311626241447,1.1672503642742922,2.3552410433404827,-0.6527207394259507,1.308894721859307,-0.04714233805988606,0.6228305894111229,0.39314191147473326,-1.7926603668222654,-2.945745391484324,1.704326620391838,-1.5760544849333415,0.9680036506435667,-0.94329960972606,1.7158971713325422,-2.6175686650000385,5.3857788015946975,0.7581665504908677,-0.15926051085875242,0.3472901472564797,1.1354059794050242,2.3243619787521066,-2.4592348640380566,0.46497348200948907,0.047173259593242284,1.4279638746324406,-1.7572565889773684,-0.5160610114227466,-2.8225828095328778,1.5988760063950482,1.1789413407393698,3.232215401890693,-1.249473062683203,0.6849541342492192,-1.8161975514098294,0.49471985555854237,1.0894856336187446,0.11348158788896717,-2.0784197735997547,-1.1291649186380852,0.08341885969392768,1.997313787734814,-0.5559245247079624,1.2509149226461855
GLRHD0620,-29.029102441110066,-1.6294503520758084,8.09734560581917,5.049351386446684,0.7481956695777024,-0.3963998993616265,0.35556341951965764,-3.1330735741571374,1.4171950292397817,-3.108605339382907,-0.5886353596443631,-0.8152906056138062,-0.46854357636086685,0.5945230483722601,-1.1279192157035207,0.15372718540028968,2.1961306077553213,0.6894103566158074,-0.9703374478777714,0.1488222078022603,-3.293532653782738,1.8060473508429806,-0.42904522751423446,-0.08207717375151527,1.2353599763956473,3.634418864519234,0.8593460720028856,1.412011372002867,0.5593807581954408,0.7654771405038087,0.7692256895306072,1.3027086281864224,3.884678368920794,1.396388701529894,-1.4326460570607238,-2.259963457298579,-0.656913293824448,-3.0703858367964467,2.1227327339876134,-1.6548606223460234,-0.9635192075941053,2.258205226864558,1.7341208251391789,-0.9326430731917545,-1.7009418926419966,0.0758090408596636,-1.1171953551477387,0.44428169988773475,1.8025317514151868,-1.1153519992350809
GLRHD0627,12.197023545712563,-5.861190845075768,11.051304204710833,5.751214843309082,-5.8095273755190195,-4.574234676166019,-0.9271368652392505,3.6420710133295042,-0.10753874233590317,-2.4262553372148083,0.9100540980150298,3.5011149712109026,-0.6295574825844921,1.976745821656456,-1.2889450189549996,4.1961371541221135,-1.9501668386843831,-3.228048745021008,1.0102451347337227,-2.353031090692671,-0.3148982952352441,-2.3075902476958463,-1.181041676494961,-0.6144483217961308,-4.70259708959966,1.7224468536962543,-0.3352419120001661,1.0189593683420073,2.502335364487421,0.45989415508473946,3.5119868301448585,-3.7449062847977417,-2.7669076880740633,2.1460925377538325,-3.7397833779179805,2.109467986848155,2.4645208050043044,-2.835011294037592,-1.2300682185530218,-2.757270705939057,0.3643337526722531,-0.6013166767181553,1.2641556049973786,4.037555646993714,-1.446793860084554,-3.638999074935297,-0.21672878000165394,3.1914972989372705,0.3301915904290508,1.3546754492664046
GLRHD0776,0.08850908659375359,-0.027848075391056926,1.6868974198626778,-3.654865188869785,-1.5770507660836175,-4.508635561752407,-1.074745370117173,-2.8406388564056484,0.042926001519044965,-0.7070785431941777,-1.025630917005644,-1.8970042692685327,0.8189705370647148,0.6725427212433355,-0.32391124357041856,-1.432198126868323,0.16449343790146811,-1.2968358326970155,1.0608078000046897,-0.14808978685588486,-0.5707910918933707,-1.303337338028218,0.9324787102895801,-0.06656729448868767,0.11466362134646123,0.7159258025015055,-1.7534384354683894,-1.2089053627935895,-2.0085466712211817,2.9588361006511836,0.19048795298758578,-2.617420963302965,-1.5981942575483539,1.8953839983409861,-0.4506512284157173,-2.029898439536142,0.27201026251216937,2.3838615537619248,0.9691154591467196,1.2760358446396267,-1.9501618570658037,-1.1221557520076584,0.578819737338819,0.9397275666975224,3.019122631655457,-0.1591244024004077,-2.4809728017608035,-0.8109851887937162,1.4547411703456985,2.2628479030528643
GLRGC0323,23.069534548098748,14.96653173081875,3.2536804589144555,-2.8819700529483474,3.3870756799302404,-2.6556927815495657,6.263726458942121,-5.226184009055308,-1.2810318383066963,-1.5192803032775455,0.049338435768367654,0.8550028393497194,0.020321000829631432,0.8390210151278922,0.9325580233710896,2.023364721242672,-1.290504005439874,0.7947163783418054,-3.5530725108926555,-0.46991787544416536,-0.07740477521007284,0.574115558534369,0.43366338921087566,1.4232513331919086,1.699594843185657,-0.28330464069168626,-0.10843843137357935,0.8877906136181568,-0.4326114738415924,-0.8262324932999834,0.4003732522410506,-0.2959301535882312,-1.0507023686693284,-0.7663979814555342,-0.9342404065941674,-2.4727985461078075,0.35788368070766846,0.2679172901060645,-1.4814168181541667,-0.990560395068274,-1.75128968436976,2.343541784062971,0.9701271646539038,0.3805466812696247,-0.815129663298178,-0.800422385946745,1.8368353062525182,-0.6435929965988817,-1.3605140043502395,1.1744526602410246
GLRGC0430,19.219567617526376,-6.486945523853915,2.6666646867641415,-2.7968286874090302,1.7809476507681885,-3.115029132695985,-1.9584369126873766,0.3915528563243623,-0.32232931127364756,-0.8974562580967547,-0.07044161328444963,-0.27309480580677886,-0.44517666849855225,-0.2706042863936199,0.746533754408919,-2.028523677252945,-3.664659179026645,-0.728780928028423,-1.7053148873156465,-0.9330430858198226,-1.2320778454303944,-0.8753970873453416,0.35025023453122306,-0.5657344072523647,-2.6162295063184744,0.44830325771750046,0.08874149935559174,0.5667688282470619,-1.2554566803348408,0.8930559810350669,-0.14366616478910985,0.9558726370951416,0.1785396225195579,0.2333052384816613,0.10632798713785944,0.4131393707657983,-1.023149016075943,-0.6399502950889392,0.35717775547923913,0.286196911387231,-0.323902807486417,-1.7029034744383929,1.0535276857284925,-0.7633828153166922,1.0231108816826113,-0.7207797679371513,-0.35356539049024066,-1.4710251394093952,2.033943880065105,-0.47944919638421346
GLRGC0058,8.759320762401172,0.40664560590568705,0.2482910396068258,-1.6965575063078076,0.9723950050219778,-4.598997389002342,0.9537724667956977,-1.2901917801214382,4.467610852105428,1.2226213818479479,-1.396971864149584,0.7216862595155058,1.6161838315915074,-1.6297920250875946,-0.6780098898097849,-2.656293461421994,-1.4692157654513667,1.6396426589721245,1.713471599192616,0.849218679527427,-0.7720368033142352,0.7448196728645692,-1.1331666181589495,-0.975833835271255,0.3172742251347238,2.4314079589935655,0.6920932897365486,-0.7495295764136505,-4.942693627716196,0.016703108451542544,0.806192260684276,-2.177878617098512,-3.315380458087222,-0.8424503161265234,1.5077797217766613,-4.0476138419211605,-1.4720369028789966,1.726119520617138,0.024497053256383107,1.5797874803609162,-1.209876202538655,-1.5188357838607194,-1.1647462127106794,-2.0175837818067914,1.0742640951888882,2.3321780350633334,0.8754812560169882,1.2342668975854652,4.316896045042392,-1.9454900757098998
GLRHD0710,1.7528720164255938,-4.974552109032622,0.31187049646934306,2.3769618446042307,3.3843381205470253,2.9968454931099435,-1.1323475483165264,-0.4300715377052169,-0.6352317118985422,-1.3750313335230804,-1.1820228163715114,-2.7474897482900675,1.284960753757526,-2.2411507322344573,-0.7749808046666841,0.7168941012008276,0.7605070562538777,1.4839297797285538,1.3455160423059958,-0.29887969538790365,-0.14464069061771848,0.26346396798452437,0.2617531782055412,-0.7272384044494754,-0.3551663199985233,-0.10877616219906369,-0.8347073109989208,1.1138976244336491,-0.33549443155127634,0.5178010508784973,0.056438910407782816,-0.4045007959942273,1.023726167439794,-0.05954025969661088,1.4308624879387284,-0.5651153191983623,-0.860090802296359,-0.9093418844297321,1.2831115890261364,0.6017714286978753,-0.7861685060584452,-0.9940153173584573,1.251601164729917,0.720616230079266,-0.6694392417830377,0.5578880118358196,0.16432468454013727,0.7049211946999782,0.8954634218759716,-0.8008661530079307
GLRHD0663,-1.1348364069994115,6.202583643146401,6.150151849148552,0.3112186836589702,-2.24675268501109,1.9840591126915668,-5.636575103594257,6.77104539050256,-0.43547954967553487,3.7530240587004187,1.9612131669474706,0.36136068074124156,0.08592970712546101,-1.1763603964796017,-1.9157424773699427,-0.2663257746630293,0.23763773557548715,1.3180858451964248,-1.7074504981499927,0.6192064950732948,0.7880632064254112,1.9346108774840667,-2.580450829940042,0.30830826043672677,-0.3704228810539727,2.243152252039766,-1.6005170689408033,-1.2136169930981564,-2.3362274421587155,0.5031575103225235,-0.8123441445537287,0.7099714925865431,-1.6839489408381443,1.6472821352990907,0.9052097714262997,-0.3850127968652503,-1.8999012667941195,2.1892426211322933,1.0957001402110214,-1.6389616339792015,-1.7308935070600573,2.8521680530083997,-1.4447310733894463,-2.619195062516265,2.0163573431469617,-2.3408120578354894,0.9998960867103249,-1.2957539581766688,-0.3826783387447509,1.3909128657701006
GLRHD0784,-18.49576314265559,1.0793863559758015,-3.741264159804678,-1.0829828700746493,-2.723434863082191,2.097717951583677,-0.7624844121693365,3.320837651401239,-1.6582741375978916,0.32251887413682506,2.5193921056388042,0.15926921093514163,0.42609036252923405,0.5465173701374468,0.010817589632889889,2.131172358189436,-1.6495396238127233,0.15992549178013074,1.7229476000954291,0.19769560101610728,0.10211291956887482,-0.6124479449711843,-0.5730421510785583,-0.7506950337653051,0.8975964066494978,-1.374411554848056,-0.7689799275463584,-0.529584636946973,-0.3953267138511035,0.9381598337567173,-1.2708640706612022,-1.2118275473279498,-0.28948919382128724,-1.9748266160418433,-0.3434000927960232,0.018884132455131458,-0.6271356574458146,0.7864047441566907,-1.6167685909157523,0.39811346429028366,0.706850884772957,0.19773159827513948,-0.5971839304559349,-0.6764126809269839,-0.7868566036566881,-0.616903013277737,-2.2128110565963155,1.5334365242628707,0.5828678472184838,-1.553590612448013
GLRGC0382,9.682874554467872,10.932935572880881,5.395222531899942,-4.044793202554533,1.4019785572819554,-3.6345669368367997,2.8579963819932064,2.680773911297501,-0.6021849592813797,3.9562847605153935,1.3288513826358483,-1.6535363808613788,0.3357861274366375,-1.4877532165771967,-1.7583809623489728,0.047116434189642495,3.0632810957847165,1.4352190720761682,-1.9645507382710723,0.3028863358224752,0.5896155641311802,0.9539895653643043,-0.1728971914944392,-0.06420347733117629,1.2008130450819792,-2.263465873352508,-0.5896781866409879,-1.671917946741708,-1.318915398255543,1.4108429709758072,0.7730946041037198,2.4332839665783155,-0.2256427507606753,-1.9542567069165742,-1.582881047837495,0.06257832663115519,1.4342836863581974,0.2677368523891807,-0.09963038633498215,-0.38550792635488756,-0.6253740810482765,-0.666485045738578,0.43158422392145374,1.372025338246112,0.774700735458614,0.30866236966630645,0.9650643725699538,-0.12989412854597746,-0.015967060120406395,0.43280581605456225
GLRHD0646,8.123641169381598,-2.1134440540481707,0.2539338725986511,2.8930209194231233,-4.261470658447729,1.7077009408551946,5.7342785283454125,-5.57018913091817,-0.4477774052927321,3.2449843872264887,1.659712690684227,3.273754879207262,2.922637044887472,0.6081595569189593,2.0493290331560865,-0.5303397566268152,-1.7648865199588073,-0.924072264632675,0.08302352853695043,0.6075564501039086,1.057996271492525,-3.2049963192469417,-0.6879291840010795,3.6621510472230647,0.5648120870686989,5.465687734106103,-0.8524245672195128,-3.0646425383955926,-0.6644532443125991,-0.8318357553915714,-0.5462698745642349,-0.3670939684684865,0.16635153103366468,2.194906241018217,1.1423048689875515,-1.1916056722744979,0.4520973280036666,-0.07232748682350165,2.0406787751096642,-1.5334769257621863,-1.085645196090273,-0.13429298774435644,-5.595051898465754,-1.6805545556555204,-0.9801699246655095,-1.4024405051695907,1.028419098826249,1.7416994225984024,2.3823217325521617,3.5361455244136266
GLRHD0650,-4.801973405670009,-1.7843492104101368,-4.12822434561143,0.6483666687753356,-0.8074736024361266,-1.646851281321783,-4.18537525861459,0.26843760127470045,0.9179855032877386,-0.27581783241253427,3.458703334384272,-0.2659575847395402,0.36827966037331084,0.6211753138990317,0.5269973676038003,0.03624574703626278,1.091519748481249,-0.549247256232021,2.249440886119234,1.7210376456555783,-1.093522429656751,1.0243030907166104,2.159388053845064,0.20253617233273702,1.6872406490128233,-0.723847849995246,-0.7793675612315146,-0.15116483203879388,2.760615032806415,-0.9273593632491256,1.1754142136611132,-0.29616474299546497,2.848059077765225,-0.8981108056922873,1.4961257660853549,0.03935958073652982,-0.008473928719693583,1.3549079600765177,1.541211175800428,-2.1207409582679078,2.2536891572913853,-1.9467733971005066,-0.623034594857101,3.0263637566700843,0.2351556385874741,0.7056478372399125,1.1795857078667569,1.6787527034565823,0.22681368286938372,1.7028288691404578
GLRHD0643,-10.773634093457947,-2.9173254697348447,-0.928395957692941,1.244512940291611,1.0445023772887059,3.361988181371279,-0.4327170542239247,-2.2661113035439513,-2.4333726768491157,1.525550973362839,0.7334259776463502,2.1107622256378646,0.07947885784712821,0.23913825833869387,1.143741034971601,1.7580702075360142,0.008517395681171805,0.38999266421699985,3.483413563385703,1.0129082261074631,-0.667614091765937,1.8038440434424812,0.7181834703620104,0.6202311230570673,-1.9151167553018746,1.6750906633327491,2.985419728345786,0.1823088030929993,0.024338489537584166,-0.7508691110857713,-1.8193392288027548,0.710300712569009,0.5116348665666678,-0.6865149478671609,0.6135950368191698,-0.828125215857939,3.9979808168690667,-0.03912807221573943,-1.3470954117161715,-0.2082501670699151,1.6227963055312284,-3.2694140857273504,2.511157981558802,2.3700295616798,-1.4834236128668792,-0.9429051581155329,2.491036491670241,-0.2274208246373832,0.6382875742008971,0.935168580181671
GLRGC0138,28.388385730644607,-1.3214447250513768,4.408402757689664,3.871700727311076,-0.1522150716007707,3.460956712733588,-3.4105277854524805,2.650283780358024,0.8348604649287062,2.5197057675736825,-0.01858011989490588,1.4369187257306155,1.240148769001163,-1.1686034238367609,-1.4127862998904541,2.271153468235921,-1.1297845237858608,-1.2833973102281993,0.15528373284072705,0.9326105638020216,1.1236782771264286,-0.041335832162063595,-1.780302624231069,0.5183708955087423,-1.9969710008086365,2.0113404985228494,-2.9560466601024835,-0.45354827896022776,1.0117263998130424,1.5755349169158948,-0.6682793041263041,1.6603531509443097,-0.03876066680503076,-1.6009322634071799,-1.435994136669049,-0.0442919005826443,0.23060415626865147,-0.6984370311424195,-1.5624055400581336,0.2237909627034716,-1.179695934104991,0.671309921817598,-2.727093809371696,0.01957119274281252,-0.5294479267214263,-0.47168334582684496,0.04715469042789404,0.7810471458696093,-0.5050917950307116,-1.6763677406513524
GLRGC0139,0.5559612558814421,4.439251424423267,-8.83464963039173,-0.2151517514990021,0.2140017641471508,2.3331278216675635,1.4351200755219282,0.4764450957644105,-1.6793865441822706,-0.9187088508008814,-1.799633152622662,3.4079907631797153,-0.5419347567558593,-2.0587853996916894,-2.1715529829191627,-1.1369426906924223,0.49768094984809436,1.0906558634796395,0.920440226899839,-0.5919589525321715,-1.67944243756929,0.623463403953813,-3.5698559155065652,1.271187455108328,1.827349275706529,-0.7093293687494048,0.29705755217330115,0.24322429559124478,2.58021353986885,0.699851177385613,0.586627335979204,-0.25738014144026444,3.778078355459571,1.144376431457093,1.5002867288044042,0.6649471916594886,-0.36366006327646433,1.6284308572602244,-1.4623082032611616,-0.31265746287238194,2.6266386994120667,-1.0830934834512058,2.5317301485578243,-2.8610176878473093,-1.1633957431779873,0.8415877695796266,-0.9266959627071679,4.276414051318091,0.17887374046254598,0.14820553344741835
GLRHD0624,-8.931568298995092,-4.008604500656526,-1.0790953408663988,-0.8456918298485642,-1.5942777012296685,3.6618104588596965,-1.045585143783652,1.4690652596622542,0.4052239980283796,-0.8728696043066356,0.6910856510205627,-0.21088487778249246,-0.43455208153006725,-0.6952304728213837,1.688426715399508,-1.0548741515971556,0.12900447537807377,0.6776788806716902,3.5347986817431867,-1.6718280269455128,0.7795587162451433,0.10518878993977532,-1.5245918625231967,1.969272972558064,-2.1767469179031815,-0.31265250909539694,-0.5421380078974045,-1.8656674135528721,-1.4859792208725782,-1.3519646889446153,0.8700169418022664,0.8326146063542025,0.8093003548636197,0.41162651163320535,-1.2668230120589734,0.7978496129994932,-1.9630563522210087,3.1798031446386257,-0.9021378939895951,-0.18618770935301027,0.1691637985373224,0.15507504970530292,0.6514827133446754,-0.07689821111822599,-0.09092987482268046,0.7465383885141693,-0.2865480132657399,-0.22032727325333773,1.7177354237429066,-0.6220740732628925
GLRGC0316,-15.037034860729355,-7.959072923997716,-0.14422783537182074,-10.65811020974394,0.755989185596079,1.3658374264992503,1.7603313129692224,-4.133711202236729,-7.098819935600873,5.675310792917028,-0.8206367652995359,6.9490889542529874,-5.167500298990884,1.061796668756547,-4.945595306280698,-0.2052531389998544,5.396135056028484,4.139851973834117,-2.248443218435475,-2.6994243870151893,-3.9426651914646365,-2.715974770111209,-3.5723568658623663,-0.13746291053792847,-1.964960036342765,-4.545462284347992,0.8532558614875808,-4.042950924470901,3.9732488744541334,-0.9579787061697742,-1.5552519324178613,-2.845673228016669,2.353305436183188,2.7473843785025363,-8.170107638063321,0.7532504399959709,-1.9541797945903023,-2.3236360136032363,-1.4948619952327153,2.6553405994647092,2.7648074811998153,-0.2420682815386371,0.45372242592205975,-3.6050350443550703,5.372257438932366,-4.455054983134274,-0.0043508885895191035,2.56679293684241,-4.178230487299321,-2.2879181664697095
GLRGC0373,13.369372624465056,5.31205342468119,1.0056669326888321,0.4482069626464496,1.2267338920143602,-1.6539425042394724,-2.92633502059363,-3.472306215352663,2.0897902654604144,0.9826459044815865,-0.33938382370009307,-0.15652300003781988,-0.6711636056423208,-2.4898275315464327,2.3124657214460114,0.8723912712604139,-4.1832107123496325,1.1166776298384846,0.5080245150799324,-1.7259733040437686,0.39769707286218114,-0.47353225416135014,1.6051155304500897,-1.8133833349923383,0.5345673355542948,-1.7947553101363969,-2.14346599902293,-2.640724448847911,-0.8202777684607945,0.3758681364284872,0.38488375851981,0.9568977194119671,2.182815037847749,0.8513469271354432,-1.6130382962025305,2.9449149713125418,1.3613344621169794,0.019322303547705928,0.7260295905224396,-1.4459052858863055,1.6805847426057587,-2.488163486350501,0.1049165279200082,-0.3273758792970342,2.2968253811714754,-0.5791207996108167,-1.5143149189466578,1.517722513274948,-1.8237474584187114,1.7074145685472104
GLRHD0730,-2.791787139774903,1.6096651180585384,1.5015434678466362,3.483786375677767,-0.3576631763114126,0.3507575718953196,-0.22986214725195672,2.491578490912132,-0.11618085679102434,-1.3397764945766117,-0.8116055846285433,-0.3782417897173936,-0.05635855530879664,0.07162878196238744,-1.4457263885665002,-0.23105930775759734,-0.1325133738469267,1.170235764686842,-1.0292890595378337,1.2229910648304751,1.1662716121860606,2.290374380182509,-2.2472528212594227,0.89288082057442,-0.6559511573199045,-2.1157548735576865,-0.44475655990707424,0.19655267614391866,-1.1001021010592291,-0.34472383568003284,1.032534144949236,-0.6764482813477731,0.2925867890889961,-1.685304518072678,2.2040968857820604,0.4003783979869865,0.1342911872558889,0.749536424329679,1.161400238029384,-0.0934937594683605,0.30611605363995403,-0.8382345346320267,1.055669126796267,-2.0045100757556678,0.07056680206432107,-0.27443283313871164,1.3677883969116198,0.16339618142471818,3.359391862705548,1.7349102815226465
GLRHD0042,10.235568257913897,2.462891247992706,-7.410826449921117,0.35283346763266643,-1.034732889987798,-1.2260911436635438,4.474374602065872,1.9777872109276504,0.527431790025341,-1.460778298589303,-0.6632556465929164,-1.2111908010271544,-5.399374387482987,3.8043669745335027,4.0432322764343605,1.4173067448200578,-1.6877692682096492,-0.12633274504886918,2.4621116808924746,0.9634742063011695,-2.3063951333315336,-2.209639641331824,5.360368768786409,3.2931952097841353,-1.9650604560923666,2.8572339437412864,2.9888920399024066,-4.792008329876502,-0.22464531488822137,5.402313681104817,2.714753001076228,-4.300383103961958,-4.535272571494099,8.45966591941184,-4.188181932873625,5.768466855487074,2.548713775765629,2.4464149815595695,-0.9164531149613189,0.5109440955154274,4.323464871413503,1.9463839503329257,0.05219410409549651,0.05510955775403416,1.2196729758226248,6.963952830113754,-3.992152918228834,-0.23822096593711395,-1.790151113794013,-3.975437441961279
GLRGC0059,-9.677021584065452,-1.5834948071303465,-2.217410874061932,-0.16581403853008672,2.133789306351654,-1.357739084436132,0.2652398423677692,2.696792544519533,3.307026804222898,1.6952472624481647,1.581129336375385,-0.46390944948230906,3.591555749130868,-0.14274556399505134,5.2731896064983905,-0.5097909849471386,0.13870722994521403,2.3180972654721876,0.36000692732707534,0.061290343826520516,-2.2689621522103964,2.052626200525986,2.6335529631320918,-0.8486319761817722,2.6863686322129516,-3.5775450130217177,0.9627623262213486,-3.593448886870113,-3.3275636839708445,1.6350635544178844,1.4790686236872561,0.7072148370727053,0.596369751185567,0.7950143362835772,0.10187186450738671,-0.2490604197073035,-1.9808453548697669,0.5184781899632658,-4.850689672503311,-2.4465136028743384,-0.3940466772913134,-3.2978017216461386,5.294405344551522,-3.207451045170541,2.2039486977215814,-3.0054659493715636,-0.46579125384171066,2.1090234111866195,-1.3994520358051965,-0.05181708287345419
GLRHD0707,-35.23075418584383,4.316654736051708,2.4139444303320214,3.684698196857883,-2.989026591441862,1.2381633723227319,4.6812310285599645,1.5870682335004693,2.523338263129564,-0.9282097885199108,-9.054533374084858,-0.08005078151509996,1.9112418335315005,7.517509014103893,-7.601749218181008,13.049423427694535,-9.022952500918608,-4.8426936940329375,4.079576288336284,-0.8957015344554929,-0.060452943651728624,-1.400476442467695,1.4328635198863706,-7.742260302164856,11.38316501694596,-3.792918963164281,5.232769758982846,-0.7125989975357271,-6.094674815365459,-1.183984912954377,-2.918065428981215,2.9396687762997082,-1.4142756956940545,1.263712490934657,-5.905436779155227,-1.3800423937312665,-1.284054838449734,1.0478323160658125,7.21764405933387,0.07004622766170614,-1.740111654450597,-1.6982764528191814,0.7798860164336547,6.114701950035879,2.2124103813822535,-0.26652639717568133,1.6925506556360201,1.9620361437043587,1.2432289299485093,1.3015077328695333
GLRHD0722,-12.919604429682062,-3.7171799584973106,4.071707654732232,-0.8187476748211939,0.7698421969348407,-1.6388390443558989,-2.4003022836234273,0.21777109227659072,-2.770399779316085,0.15028427472802966,-1.5433849981964014,0.0523813724084974,-1.8130164347569437,0.44039840701982214,-0.6702768672092583,-1.7075579721753302,-0.6411035859731996,-0.38528849805125326,0.7154046545059767,-2.662237583994202,0.6809531782487194,-1.3439295845733696,1.1074999610947933,0.5077705773590245,0.6718215625120878,-0.9325304431848312,0.22328828258626016,-0.24515774455572745,-3.3510985088154217,2.1145292853057587,-1.5237965294473252,-1.4263763187294507,2.3895611151783243,1.2600888205662684,4.199675538978191,-0.9770194541585675,0.8012149019315681,2.139348628828086,-3.489117275680736,-0.06085185265574791,-0.6995421464808338,-2.772545813576773,3.0806246444134247,-0.3940691068282071,0.25486704656004155,0.32915121760794214,-1.3531004536561628,1.078222712542797,0.3146410504339278,0.5830241049115609
GLRHD0596,28.73371375403491,-2.0252654003608734,2.683846316058043,-0.21710341944347342,4.240043567170946,2.8800975186389186,1.4667953710141475,1.40819757977671,2.0213730682164184,3.9378902650334275,-1.5407409541575834,0.8539718646110888,-0.5954230387686484,0.21508586646680733,-0.3668235650642437,0.889353129191474,5.883691971879582,1.0507001596304193,-1.865449698719725,-3.7477426318897114,0.4144166834211783,-3.29184660291724,-0.7891874075224575,0.8047463034358127,2.0012221440194655,-1.0985134240897858,4.999834796595236,-3.1350458108933674,0.9525242993124085,2.0275158184860063,-0.10239141437690873,0.5987076738084814,0.8897522683689936,-0.01790629749063036,-0.4688582833954809,2.4235964155689818,-0.09411859606852724,-3.128929221405432,3.4026020363554856,5.420549424322438,-1.9990304309063736,-1.8547483069542579,-3.7992464934231065,0.6701915509615919,0.27872258776140885,1.9378581226124065,0.07308879089211971,2.7458753290919673,1.1306584237629207,-0.3494014099402988
GLRHD0738,-7.733399381505759,2.3632316156772792,10.472895884243773,6.483684060859225,4.271306497855704,-2.7609616963800723,-3.8520763430296614,2.7975346846685922,-0.7704770083513857,-5.632952095738893,-0.31082429540014606,-0.1640035557624062,0.20349100953711124,-0.6604780389778776,1.3214157585557853,-0.8933205628300104,-2.014955794376669,1.8079930997996017,-0.7114943210064754,-2.1446192112586204,-3.217966149878993,-2.722840587846259,-0.3164051232914153,-1.4905062095273498,0.7237652859557111,0.6421229018392673,0.7677366402752585,-0.016852086168528776,-1.684955140496392,2.029534600178136,-0.1921136134999719,2.53622675043013,0.7467353948855703,-0.5808452004711848,-3.2639328401974157,2.1690851138671774,-0.4018958924672266,-0.18157332654527658,-0.10942045863817855,1.9379521238268533,2.04538414485178,-0.2093080333001656,-1.3456273512939183,1.0823687308284866,-2.0238315047036326,-2.3160827813686136,2.0740360800516986,0.4219024861487811,1.228334986312301,0.819968526633575
GLRHD0432,2.9808144197554594,2.103026300316605,-2.309083297227401,0.5681379364298472,-2.320873984480756,-1.2612751524888708,-1.6893090165270455,-1.2173798370288216,2.335288417057066,0.03738522054673686,-0.8491512181515843,-1.764973378149342,-0.7170179465605803,1.2495513113419534,-1.3450646745672048,0.8154862790362253,0.9820046558473381,-1.2309326369534164,1.7693458430719928,-0.42496286152586293,0.46944413175566957,0.5916071262746663,-1.1671673361894583,2.2520892880498797,3.304032087755121,-0.6501166247372241,-1.9962033924399012,1.4364838296847944,-0.9184198164802501,-1.6210339207584779,1.802903493406089,1.070732088676036,0.6021442200680636,1.551159348507732,-0.6007344242609818,1.4987440952487734,-1.1452245964363825,-0.3667340593726574,-1.5585975745065268,-1.5717927637403937,0.7541955139274937,-0.9022835510490259,0.29716514315039155,0.3497154751671593,-0.8985816581295234,-1.294337077124247,-2.879747792803085,-1.5473806806375388,1.7929829658755143,-1.4403793598396055
GLRHD0799,-2.713239227539645,-0.6706126019926707,-1.8050051721541964,0.6566661219662767,-3.0387947856636077,0.7545910621822997,2.42497216766609,1.050139169007132,-0.6388177055546541,1.3432730592607813,0.5446073693533741,0.5638589990411026,0.9990863606989515,0.13240056493609353,-0.09025365627901884,4.500767083604621,-1.6912970797945184,3.2593444124746314,0.3462160796882229,-1.0141179701337115,0.3757979016728609,0.6796857999034914,-1.1189253105945285,1.5192516904689162,0.5355387675090161,2.4579445397044637,-2.218816419143797,0.27193812207861695,1.1180795560887928,1.7848918892409649,-4.294290824533249,2.440767412094067,-2.4721139248452277,1.0033326096649087,-0.4303830059904182,-1.5908719956755184,-2.3966297153248948,-0.32008067953678715,2.912033513780075,0.45600916380281553,0.41242858686734896,-2.06253537344672,2.2206967342606942,1.313598114109434,1.8253777737376384,0.5478948030347671,-2.990885610372709,-2.146637283537237,0.487272077156448,1.0240428579961183
GLRHD0150,6.639625570308196,0.890133188967461,-0.8074523273631871,-0.4705259990704161,1.4719325104055676,-0.27341439777348026,1.0328791796527361,1.0708364753759627,1.951625205609623,2.1747554545687975,-1.1754837984893396,0.29890197395213064,1.4982622759368083,0.8420886967996549,-2.2571086837500816,0.9446526521297751,0.7199236670660701,0.748917603740219,0.8753217345891132,0.08024520302154114,1.7720490586880808,-1.432101819833392,0.9186571630920493,0.5033212417465017,-0.20350402041248458,0.5749247533017012,-0.22100395227301955,1.867094284982497,2.6552065068308934,-2.1491613068254423,0.588811219771869,1.2896779057376269,0.08428744247433377,0.7932002513928549,1.2588143670851057,1.5100011568291227,0.4099550184159613,-0.21288751033794323,0.4685987479962181,0.37931066520135265,-0.13364480795530068,-2.2023613124765276,-2.1360139243495664,0.42042463758878174,-0.6407690190524405,-0.3018103374161066,-0.39314807312635175,1.6289925644046506,-1.1351093455381502,-0.5234452038426038
GLRGC0244,16.333580187954862,11.328254966020767,3.3478087850938785,-2.727310255866315,0.21870677952776604,-0.3393448989611037,0.7479997648305766,3.3676641702830654,-0.43375978333065807,-0.27808945399624835,2.0123562134433968,-1.5530729504732153,1.6368161776064385,-0.5132046005694317,-0.15036664925630336,-0.14161883527699357,-0.8839620644241744,-1.0792470759222628,-0.3650122036229695,0.5917366707201095,-0.7196825848203088,-0.7782741082085216,-1.168900800323344,0.7883800833412742,0.043607222209288185,0.16965106671823618,-0.8065651607827837,-2.2295764350524445,1.9072772874919788,0.4353537706364197,-2.5874938835568186,-1.7158424122150728,1.2124784533509945,0.01149053512845311,-2.3990205453365148,-0.053639714522168064,0.3598817681805032,-0.9641860361028806,0.5779705666367713,0.3845420299242485,3.5987392327651233,2.589242858810201,-2.1590502742517677,1.2296813521685572,-1.7415882986120936,2.2863139133899106,0.8019271626589507,0.34182388863241414,-2.494190181242481,2.146666946214847
GLRHD0735,-3.609851660941152,3.7776508967051927,-1.200426156112165,0.7804388221345065,-3.654203341088126,1.2134973616130937,-2.5756511347294073,0.8387032723237569,2.2041359209977696,1.9660689404545362,-2.38346887654187,0.4885024039149696,4.824811874765817,-1.8412903312760234,0.9142872489492234,-2.28633441066901,0.1429124444448472,2.5753647101833654,-2.4234623374332434,-3.425585753589277,0.6923967915091572,-2.716705911491256,-1.5235699498634563,-1.1855277149302823,-0.27684132254578575,-2.7043224980814355,-2.7853108224435967,1.3694157865990837,1.756568575253191,1.8745038324559653,-1.0321652785400801,0.3427472060119361,1.1171422607061177,-3.4125517926996247,0.5290235105703611,4.6511455799005095,6.239821086250539,0.08683375333116128,1.9101111493804221,0.5484119178073147,1.1179392267501789,-1.3458364641600962,-2.1417537730172205,3.5431544903050125,-2.6803682006161798,0.9490111363228021,1.0690512230416955,-0.6552400495931952,-0.4592821039631449,-0.612109862329786
GLRGC0064,-16.157872935616226,0.5475360928058413,-3.742267881648041,-5.632726040449906,4.034976377711434,-0.2698634021644928,-0.5190632455874897,4.0796204147343555,0.6769075281958805,-1.056585494683624,0.2952654436567543,-3.0619316303403967,2.704286613977888,1.2862227666607327,0.578702513963735,4.22692054892532,2.6667957815580974,-0.9929478886259534,2.0863958201554986,-1.4300574796448127,0.39631956472455626,-0.3358006896506862,-2.4941024567358236,-2.257683931251073,-0.6698464594382019,2.3432098604697984,0.6586547376100607,-1.622321383402932,-2.1409062939122654,1.0059035108729202,-0.2001577781399229,-1.4822850089531248,-0.22150516064943082,-0.8000619202628265,-1.296949495895812,1.5025830380415803,-1.1329376907135775,-1.5541390334801921,1.7542010941634916,0.06993171133269505,-0.7814042544199118,1.627612683126392,0.591879853170687,1.3800114689824776,1.3841343158917179,-0.13327663850732052,0.6280787776750711,-2.1794969434457307,5.672664874773372,-3.3118302400377972
GLRGC0295,-17.412588415076137,3.09472764569387,1.0747554282693066,11.693675402822041,6.258056920890014,-6.022473441147732,9.900910091615874,1.3458491464739708,-3.659313762503593,1.4068119554268435,0.4125446415713318,1.449257893959062,-1.25321195939614,-2.359847765907984,1.1310681518976085,0.5544437003347498,-0.7106585664191559,0.10521514138088969,0.6980374082749863,1.6697782967907204,1.9782591978259627,2.1345145874000635,-1.7875002255030512,0.42223162847075807,-3.445762586460143,-0.2179065872287993,1.5613152884085444,0.18409951801489982,1.2401361206192445,0.47624854797095734,2.6727815870186236,-2.8578824273896575,0.4724553990955097,-0.22685066275957416,0.49967192437538727,2.133820256961376,0.4017822733048724,1.9713797881294872,-0.10815124698159881,1.4912172444660188,-0.7987552741680658,-0.19176161816429976,0.41785696055010085,-1.4722669886115605,1.6037048130976885,-2.3901426014231517,-0.6579717801971029,-1.3601905866349322,-0.5293977438911484,-2.942714510351731
GLRHD0655,8.770025244268313,5.0288553235090365,-3.0166017476540468,2.5955208793069438,-3.4426689586786043,2.0089832857541334,2.300405647055577,-1.084200064213462,0.7285970594322252,-1.6955051270094599,1.7133738704223853,-1.3241258841686168,0.11611424350241344,-2.203854433052897,1.865692772745047,-0.711354292027202,1.7033111301666635,-0.013032880842084682,-0.12470165807022869,-1.2621237071214895,-0.09780098619218858,-1.1443506990509882,-0.10361356987705357,-1.9916356934348043,-0.5175172951694594,1.841869881985817,-1.1871771599989183,0.32295164024042805,-0.14524632821708383,-1.0555752635243825,1.4293436253505714,0.46325316987208187,1.8311844274229385,1.7358891433001886,0.15673818608581458,2.190229925634245,1.8961457258214525,1.292911268754428,-2.027375355632426,0.690482821174631,-1.5874035558031965,-0.6339212539490724,-2.378726562130293,1.7530538694491034,1.9400305711209795,-0.538690545651905,2.460060132399621,2.712904978349054,1.038609482806266,1.2299092334651258
GLRHD0675,-7.405176376164183,5.353344718091065,0.35279828193052265,-3.4644566249867235,1.0972766884212808,0.9898625927500716,-4.707630015484065,1.1126484642154915,-1.5531247824119732,2.205022093593676,2.3646731777315253,-0.5157479721775649,-1.9325008256257004,1.6297145192834164,-1.5353961437750951,-2.983203548166334,-1.6382498869961528,1.199902872239183,1.9968941205144164,-0.16789124787842527,-2.174225674542309,1.3385681607595028,0.9600249735076773,0.6908297944626398,-1.0220974565271157,-1.8573085612679006,-1.4786222798568425,1.2391709521009033,-0.09975697969664342,-2.1390916066493713,-0.7682907369245366,-1.6391156362913815,1.3182658728450785,1.6978235429076747,3.272271658922975,0.8034737480731059,-2.5425839590137107,-1.0853595195119015,1.8748116566806008,0.30158756010216864,-0.648097145003153,-1.2521394963917523,2.4074418882736626,-1.339908659278438,-1.1342785032705704,2.338440716946843,-0.21726509840034822,1.7214139031407165,-2.1021636687520027,-0.7661749036538068
GLRGC0435,-10.0718774882496,-0.2885848632997074,0.015998919075200884,1.4658439038309672,0.4054206858654804,-2.6201409472661443,-1.894787041112496,-2.7718254042672243,0.8830044109281828,-0.2431755042310603,-1.0438373767216504,-0.2859419256007721,1.5118551994759235,2.428093973555793,0.3229940083826166,0.0648358899369673,0.41354583619990354,0.47737952947767087,-0.04725531955424115,1.3835430674749942,0.02681845966794893,0.9344332605582868,-0.8975222742548203,-0.3292474592605388,0.7757991552158654,-0.7151923114971874,-0.3947893402487431,2.984039961818277,-0.7197157189984095,-0.08397515216210603,-0.23285746615323585,2.081178317576955,-1.718085394229033,0.12189568411460203,0.3256533796388549,-0.7027824721063428,0.7576058541408385,1.1398664152150035,0.2875751879826661,-1.0876952737615166,0.9600775434078472,-0.8981729164976604,-0.5707817455161939,0.3581162247334756,1.17421479869398,-0.4295291043616262,-1.1997854902597402,0.2596475843015917,0.3587537933113856,0.7079666462119909
GLRHD0622,-1.622428881352323,-2.653314469992754,-8.75432231452615,1.920248741099423,2.4849494795651017,1.0824122866374746,1.5288604946590791,1.2086719675368727,-1.2505222542713388,-0.9375393200532328,-0.386835782473158,-0.43815639576278154,0.47658112277093406,0.982714861137319,-0.0313025591479711,-2.461474051698979,-0.18828545650908285,-1.2863902951115322,-0.1755390302175301,0.9120907830995847,-1.804581248944159,0.5808021471769467,-1.367960084683,-0.7812024593344293,1.3862990874351386,-0.09878508856213679,1.7591983123109232,0.42872935328551975,1.3616446034465657,2.155163500001206,1.0365839488013704,-1.401289900550027,-0.05723036938927244,-1.991182819844247,-0.04636061054057313,-1.990710510032467,1.189241443598823,-2.0638735338599705,-0.832909844516055,1.9482058875219053,-2.0740599441389724,0.8641740349635911,1.1524842238418715,1.3540960414198588,-1.4598482785987772,-0.2350029348746521,-0.8709654331827912,-0.07283961644433426,0.6732206528683559,0.8894833905441589
GLRGC0371,-2.332441758320688,-6.037304657948712,-0.27490441801706966,-3.4902750235552995,-2.746676606352938,2.630158988710927,0.11989648687726524,0.7257650826166347,0.623459842483801,-1.6749383833494622,0.3257684463620518,-2.2782674461829333,-1.8628212822811696,-0.8314526454676818,-1.1226388576947193,1.3923429311717839,1.2071559481899712,1.1690121193381768,0.8249392606486193,1.006066214393007,-0.06442035640595094,1.8580953368942361,-0.6616417907585925,-0.6684240604069089,1.78882478252261,-0.6584253653571003,-0.4444243610102001,-1.0199603584084642,-0.9740953798219171,1.0452921535668587,-0.6427762349632488,0.2854409786590327,0.9270769743166062,-0.3747774261428615,1.6504949363134427,1.4208178534533595,1.157637370179729,-1.8179953538010438,0.06737237720664228,-1.833864385696663,0.12583243478488995,0.39056049494472667,-1.3179470674699818,1.122870173917596,-1.4162841760645435,0.563182060145463,-0.2656954227810623,-2.780697881033384,-1.3573073248815637,-1.5507715576803434
GLRGC0328,9.949121610247797,9.705798946488983,3.8634621178116495,-2.9483762717369784,-2.2253510351972907,6.402834240842629,5.521595329080576,-0.026011548277335934,-1.5031886089941695,2.764438423938399,-8.233786026924887,-2.5596640082540736,2.3384594151893996,2.552624536132809,-1.8430820995530366,3.0853462881685587,-0.28282685542102365,-1.640298991758144,8.307726255194918,3.718664023914662,3.149008320660565,2.2598678403713652,2.3526721665934853,-1.3216536275649946,-3.3999208818521187,2.9985031908322397,-0.5648309306811109,2.540570260224135,-1.7465682836424457,-2.8598110285218152,2.5647001039194466,2.0839608713250795,-1.5702033589430795,0.15471610688772447,2.714927173560512,3.4531450671380735,-5.02838942870103,0.7514465995075201,1.6445791650273476,0.3754442887509607,0.5619780575329496,1.7379402047565582,-2.0607332604278747,-6.424601104861934,1.2094342499017212,-2.25777552975872,4.354853253961825,4.067995627491643,5.129675829412044,-1.9854784112283534
GLRHD0047,20.589355280141337,-5.617250211857646,-0.5566339393956178,2.3319328762831177,3.02885360910191,1.9369453574741382,2.69737904726134,-2.344478095735422,4.257985415586611,2.849833804763958,0.19925846019445684,-2.365166261684771,2.5811702383404924,0.8980560140941148,-0.47310458339424855,1.2491595439508065,-2.2876561807259264,-1.5820773968738355,1.8078081239673396,-2.326325503110896,-0.35852022183512633,-3.9690043886259025,4.141165925405989,-0.2204249361616119,-1.8867404523571707,-0.854663719556549,-0.006125588979728916,0.05558466494407858,-0.4397177714753153,-0.8866423024667603,0.22961115579021782,-1.5347336119303931,1.0672144044929543,-1.0591107235647266,-0.5037726599184374,-1.545271209206794,0.3495831619469604,0.19462900040025866,-1.8699448171882473,1.6595776336842603,-0.9365503054752946,2.5226882535621624,2.8407540446254513,-0.7973207458640909,-1.741195028286124,-0.8413619538498938,-0.7086006466229647,1.087934262230901,1.1323520653758625,0.7043590789415217
GLRGC0301,-6.354897951002104,-4.922975507229852,0.4232277508912628,-3.7556308508575613,0.36869477972287884,0.4772706981536147,0.844492367718089,-0.8212624128759315,-1.4228463070704156,-2.4204948376169457,2.0348796545870314,1.329365486826321,-2.706363650264702,0.8404602327148746,1.052379870638969,-0.5307442759747257,-0.45155757641131383,-2.031426493304272,1.1535253371773762,1.9082511009424485,-1.1698507202390118,-0.2638033688009789,-0.36338023663901997,0.3305301983754736,0.29822021825683676,-0.6740540417974333,-1.6737154201662292,0.5404460363238516,0.8769426112219205,-1.1171987520334599,-1.8671978782719523,-1.7120833816294614,0.30089238629628645,0.04074909686155985,1.2972358433287394,-0.2696690410020863,-1.3293404294364661,0.05563184390272781,-0.22049579382176177,0.37546698392893857,-0.9743495601879022,-0.8965502041651361,-1.4810219796522013,-1.4837060488999447,0.044858730802300094,0.6460428137146677,-0.20778534965243725,0.2793316099829183,1.717220379006772,-1.2109454985067634
GLRGC0109,-16.37935194730446,-7.068582064835114,-3.0089998358172405,-3.7973789897779424,2.7160626033835196,2.50009193227309,-2.9298353456443835,-0.5164765128264486,-0.7115246478796089,1.0749806599327343,-0.7109045788255584,-0.4299874896869586,2.030862759145347,-0.17970452977023862,0.23194249286673968,1.28261625321022,-0.8342267159686578,0.011721883490608891,-1.9465878864384982,0.32413735330911525,0.734294785589974,-0.029066411122684283,1.0646109905157488,-0.3011569701660116,-0.4697334777770033,-2.0350051125961413,-1.2368243281419142,-0.056857366543654815,1.8094474141829955,0.35595848979798717,1.1585330842171462,-0.1553198367398867,0.8295957028518162,-0.703671756407428,-2.1706342614858856,0.40944942134752166,0.012624428575979323,-0.46469593084339755,0.1788162593957147,1.2048198831373933,-0.21417577073708316,1.7837865422892172,0.6701856440593561,0.7079002994890519,-2.588473739223513,-0.46773645727382995,1.361921332257623,0.13421915011349675,0.5856641326248163,0.32131536786373766
GLRGC0344,-5.2396716278242055,-0.6382781072886478,0.2250151298159994,-3.810983471956967,0.4528417394444587,-6.161801866158906,-2.259986959277104,-2.008149480191339,-3.459434400677783,-4.118440823000249,4.14656160486926,-1.2955930989825197,2.70358170327943,6.775503028433076,3.412097103404413,-1.4915762817241813,-5.45596625358514,0.23898441402492826,-1.002858579767775,1.5780112656313994,-3.3339928839273356,0.4526750865756785,-2.233446175608725,-0.3396270982853411,5.38758975766378,-0.4262762826457913,1.5842030361178092,-1.5359133880434215,-5.244274670766613,0.299951542048965,-0.5114510702054555,3.2757644091383273,-3.119811347209242,0.6469850140561854,0.891839102848663,-2.086132563757431,5.313200159422147,-7.710011053956807,-4.179208016232061,1.174962100005776,-4.147524161335101,3.3691408694103138,-2.615082427342024,-2.7551986945695344,-1.9564245869476675,1.7941312049286307,-0.34288286227986037,-1.8431102342935606,2.1837166669831625,-5.891377195661679
GLRGC0065,-0.42164403223965946,-0.31105887917659825,-4.697424411828066,-0.9204609151776365,0.2622139143703277,-1.2499845409305754,3.894666330951375,0.5733072901721821,0.9720515808886524,-1.349810283927444,0.30042823440562,-2.0884660143930733,0.2822778386926157,0.6601492999519731,-0.3596879154542331,-0.4385431449405996,0.1825443091131794,-1.163091765919672,0.5496571273011509,-1.3638106783680246,0.93204196892417,-2.6629873024534083,-0.20732884936305476,-2.2010433699260927,0.8871731707806508,0.15789940670767896,0.09750344007193476,2.1925038590018864,0.7018250287179435,0.9297380842280574,1.481576520256173,-0.8098915766375552,0.010120152795293843,0.9019467095223627,0.15252843027194501,0.6991981934530156,2.815102053094693,0.7402702675901075,-0.003841776166904002,1.1677577284397733,-0.8345934315805691,0.8498445099823395,0.821193978221036,0.18333182278847643,1.0522093062766908,0.1401169440655249,-0.0879150476672467,1.0997533945705258,-2.1679864379283447,-0.715454355389865
GLRGC0014,-32.98465078115914,1.0819636001664403,-1.6785342035109465,-0.33591774376172046,-1.9610302990111002,3.1707134908586845,-2.280225211181434,0.27759045641865665,-0.21173480484504908,2.032834417744163,-0.7306233374871748,1.8877950209525882,2.480531798877871,-0.5110223027248589,0.9688186860066267,1.0661010259896402,4.012131134043942,1.115666311745779,-0.31508084389585733,0.42446022911417564,-1.0361495611359548,1.1602128652548607,-0.5058177065142192,2.320778429927602,0.31095135494667137,-2.22146921437668,-0.18609800329337886,-1.342172972253825,0.7611238455652569,2.307952260688944,-1.5435979582559427,1.7944902830624527,1.3128418554261643,-0.784270280140164,-1.9171711969034808,-2.7959787371274354,1.7508787139091189,2.164803378988979,-0.6921844114367033,0.8608617932686106,3.380984146027346,1.9861499949617847,0.30719113515265256,-0.5186483331904683,-2.875756644079372,-0.6582634364198392,1.8561302855622352,-2.0158701099387533,-1.6661807329909946,-0.5885498617394741
GLRGC0225,-38.79026632513904,0.3141483081051503,9.179842563388284,9.937300092232833,5.494230622728624,-1.1110193705899283,0.8494999535458908,3.804352196318227,-1.8683198494126059,-7.530685116592048,0.07612880191881317,-0.2117737219200012,-0.15160068131898385,0.9195682201323728,2.334023644962631,1.470532217826389,0.12046443623803517,5.497991421486836,0.128865802975177,-1.4118451714427172,-1.3580979310126968,0.7389131473331209,-2.2325296126154277,-1.1465858205429105,-1.7851029079486906,-0.9033095974049489,-0.9007059299687866,-0.4292636579568674,2.344033729752208,-0.6875441699003305,-1.3644781378426272,0.35316977516047376,0.30271553700039344,1.1793748168469096,-1.028631345274715,0.4070168493611826,-1.2636743785735436,-1.3153590285204715,-1.4587178597346102,-1.575209231298138,1.6414892989963519,2.5718010487498315,1.2656507598384366,-0.08605312520843923,1.170938156544456,0.5016244589356357,1.0700742201285343,0.5044632284399637,0.3920467738888969,-0.47737403793143185
GLRHD0692,-16.571881341133555,1.3708421688498205,-0.20317816793061574,-1.3376415121875411,-1.2809702650284032,0.621798851895998,-0.33801075856052787,-3.5208423401930653,0.34142863770365195,-1.32382436357054,0.8498215771716778,-1.297080522163901,2.610957384029262,-0.9974186730563316,1.0827949604232785,-2.687029488739007,-1.0520566997690004,1.2127294387876844,0.6465272534117408,0.6728075539542921,1.0949047034484747,0.9182897718551576,0.5840871284869013,0.3901099071941667,-0.19387013734739175,2.6608311891353353,-0.8510435793832885,-1.786289561179105,-3.5175271492418663,0.9808236776235795,-1.759223361225175,-0.3642626355067016,1.4822460460927622,0.4832525817694477,-1.80367843795939,0.015936460134357396,-0.03500692408237311,0.7382520892303097,-0.27668810751365414,0.7853823280028669,-3.0377436986858726,-0.20203676226641384,1.2354169351540838,2.0921957151186623,-0.9479404706496624,0.008527768585236701,-5.220831425203883,0.3958789939852787,-1.8381669393070854,0.18722087729912726
GLRHD0798,10.873319299005516,-1.762922768002535,-1.4823800765997686,1.0114007300200318,6.359966204235028,-3.1913942251314884,-1.5105214659674489,-3.495996495038685,-2.00422574534215,1.464829258543138,-2.9362149897597614,3.949391531211168,-2.877685159443765,4.980233117149381,-11.21261045951592,1.202696399466556,3.196298018021661,-0.4300337126946761,6.376192798769327,0.5158689494684526,2.8406281615880746,4.636234363696032,-9.019119183186657,4.449251476017041,4.335944821451923,6.329965447112702,-7.71258090247324,-6.484807168807533,-1.4158185328346244,-3.8989649050508555,-3.5148427269035927,0.25634765419575983,3.4343285786809576,5.78276928363791,-3.2259582191974085,-3.843003265306369,8.28122706152025,4.595267407980155,-5.349662691997266,-1.034916182799349,1.8625755777483102,0.4283231075301436,-6.676402620355798,5.229333574794266,-3.327667404614235,0.11797210770415487,-1.0638338711408912,1.9477687916458368,3.3983186941797934,-0.6529429955456058
GLRHD0802,1.8048420969046524,-15.375397700534295,-0.040142679507263274,-5.0009592361746975,9.343006093326748,-0.3309758122382243,1.4570780714843834,1.5179976379628368,-0.18966551711277593,-2.754083075918738,-4.088810052436509,-3.119257972767709,-0.9340267560323766,-0.8918362903192624,-0.734653846616731,4.18424076410175,-0.11722412583216343,2.0815137727118227,-0.9070147720537277,0.6713059552846408,1.536894852271645,-2.2609311173922753,0.7582602458729313,-1.6191488750528742,-0.9379402505451869,0.6664545546430072,1.0008872691379578,-0.7230789054209202,1.3426550232827714,-5.084696243615905,1.5526466520691347,0.6125645309354215,2.1920265918944835,0.10069330573193949,-1.1557362412623438,-3.4934333218296336,1.6409964610066354,1.007483478739302,2.335657705485517,0.7248473454015762,3.067865907925761,-0.7491341183519816,-2.509349516037144,-2.19194544957122,2.47822092555045,0.7634976029372765,-0.16651924686894998,-1.2935990771974257,-2.3022819768615514,3.9611810593037884
GLRHD0658,22.89205268019633,-6.198780290803129,-3.866275542328595,4.770623076396091,6.409043224257484,-4.055153024061218,4.7930863549113845,-0.7251097810123804,6.326712894751718,6.64990055674716,-0.15015705327002593,1.1338082157510179,8.273615388203545,5.399857738346041,-0.9592981502385414,-9.511613077438156,-4.272976261515168,-1.685782842785655,-2.9768808996323757,-4.076836294765775,-9.169157732469845,10.87861818818248,-1.1512342000764513,-0.2848661148055037,0.08998073110151034,-3.5980482239682887,-5.412189558090149,1.8588646349994786,-1.2805031267755376,-12.443992144457802,-5.41824495824235,0.4267692222657325,-6.254458034045534,1.683911962989846,-2.05907084585968,8.530347487970033,-3.9334735677027814,0.9512454063436561,-3.9488968871845933,5.32670522442462,1.340278566010894,0.4260919053367929,-0.17231505614905435,-1.3305445670666247,-1.4564225149921879,0.7021489111712161,-2.847961136625186,2.3835126117553442,1.9632121233502435,0.7823311527145236
GLRHD0614,-20.283598768220983,3.0086461751799405,0.2297963356459928,-0.3795894891689045,2.045532249457835,-2.2121945496680833,1.2864422752040792,0.2826849728039697,-2.385353474590825,-0.6018311312926404,1.753314517955888,0.46719341341850945,0.03629913947656356,-0.008636288047062977,1.886067520003335,0.017102345030719383,-0.49034050717180033,-1.1463525329290805,-0.9316472682627994,-0.0030983637803068376,-1.6897074611124903,-0.7981187812691968,0.5166223745094104,-2.9082831369746756,-1.1208064308061005,0.3681834941547005,0.9347168492099936,-2.7803749963371254,0.49084065102470786,-1.480487854321036,-0.3055131066908025,-0.3076643840572269,-0.36206157538993117,-0.05673526564108119,-0.2269315188314472,0.02738239443939714,0.10876250073697383,-2.2074157128900453,-0.6379888442253738,-1.3740435227587033,-1.2511193860530043,1.26073674599746,0.17227165444449702,0.2642140729414496,0.6733383300058575,-0.3457800710851517,0.49219205662045523,-0.8310763649779263,0.18156349135699795,1.5104652391438855
GLRGC0271,15.432543963986216,1.3429645938246177,-5.816531092125305,6.208790808691262,-2.272336698012516,-3.007561779832728,-1.9512595440162588,0.15168062328633986,-0.1453746427047243,-1.5191813998280466,-1.5115442731600413,-1.9586645364876958,0.1473716596183635,2.6648512942249467,1.3083699197087504,0.32264883487343415,2.188987625360711,1.5965370802293002,-1.3233212041638445,-1.9880169854706458,0.9579460016584044,2.085523205120105,-0.4517422653301537,0.10331848545721141,2.6157095651116484,-2.582099506547334,0.9727668249930711,-0.01635052980632248,-1.4582866327244148,0.05868514684562053,0.2800548562179354,1.2534099016475058,0.9843430868024517,-1.3257873377365612,0.3999806452082029,1.9424751784599643,0.6199113285741638,-2.7725586978448407,-0.0959293898303003,0.7212583913620759,0.8118124090270841,-1.6354326135139827,-0.3376827015834132,-1.7801030889356906,-0.4843579737411666,2.0120472471043596,1.3931000287089859,0.6179413427887878,0.5011912785671997,0.24178351730918135
GLRGC0174,-8.0730751289015,6.988144863709824,-11.170889507691076,-1.6864073142260751,1.3330023799228843,2.7456129264524685,-5.592392232383011,-0.4110178054155457,-1.1975588032717832,-1.8221821717373548,0.9870946376739183,-3.1203754101194345,-2.678345859633579,2.5443852341403552,4.032973014145571,1.2869039312015937,1.3057181724147793,-5.452189428651504,-2.9432916191280967,1.9873550297427913,-1.8111796169868488,2.544594159123527,-2.127836150809751,-1.4541169627013357,-1.7378433908117168,0.9996557721983528,2.7988705358682067,2.4269741421129547,3.093660482040657,0.26852244128278546,3.7473438287833916,3.7440769104439364,-3.533657597241772,-2.2953289477270777,1.667336980589794,-1.7118322315861496,-3.347851158677593,-1.4152582735363954,0.6524142001511897,3.2671339256440084,0.522386388560261,-1.2578028671654726,-1.0809473968723522,1.3537993906967807,-4.5577548108362995,-0.727061359064933,2.084009540495481,3.073039184965853,-2.6117310585942217,-2.230006817381946
GLRHD0595,31.022657179735734,-2.7042257593524552,4.530933887408195,1.980690634477939,4.452083299272034,7.497913394044021,2.497688129646076,2.440527139942813,-2.1195009915070995,3.164905524608432,-0.38507401414458026,-0.1975429566297346,3.5965761104025726,3.7897960637779224,-0.9304378355838558,6.3849241152080785,-0.1703818497855262,-0.5399642364377437,-3.858173016164257,-1.9580423060526901,-1.6346572217636224,0.32818995128394063,1.3232113494967963,-4.898457424202909,0.32174874281789617,1.9448683102593922,1.21068472506395,3.115780762508288,-0.41103375957733046,0.15108191435349744,1.585108148827299,-0.22929982521394238,4.219365689080735,0.025446560656913052,-0.3780659569635651,-3.927786290760357,-2.140619973541661,3.9181984275137505,-1.242044665420242,5.044838922027196,-4.629075313449294,-1.90815895375173,2.6850276735257417,-2.2342035405744483,-2.7310593880264378,-1.7534468986836722,0.19562360665142714,-1.054123655482475,0.3475218553870244,-1.8208520860179276
GLRHD0698,23.193039494710565,3.5088053971685285,-1.84259571206071,1.20363708694664,-0.7180342076407257,-2.864409311530764,4.3378931958409215,-3.82794795517431,-0.15519239969070617,-0.31340591654102046,-0.600815811921607,1.9532234327530407,0.021407147955032894,0.4623107800324191,1.4876091510567,-1.4140045497289229,-0.7119921116731851,0.11702101765254663,-0.31260822809161365,-0.28781883338840675,2.6770562563832203,1.034308663979185,0.9581774598449254,-0.2055539762512403,-0.8396532481421795,0.6761327913061329,-0.6738610509184374,-0.017109265935988542,0.5117718550311153,-1.2214292512563172,-0.9763471401417624,-1.0107922019109576,0.5522928304102079,0.19720457288066448,0.5881149734459289,-1.0199201790532324,-0.8499349690106891,-1.4603425031038095,3.3623178662821225,-2.215909111567215,-1.9360387409393967,0.13754404933618872,0.06944332663286931,0.3620561190833997,-1.3722836959362354,-0.8165909319980194,0.17013832303212378,-1.3766022681460672,-0.9610947463611016,1.5866958230162422
GLRGC0134,-0.5038551240765493,-0.050866488286827494,-1.449993491974249,-1.2469255287386498,2.3284018211711457,-4.203943851684669,-2.1635378794708893,-1.9714627693417774,0.5134244020433807,-0.3117207723308975,-1.0314808841545062,0.7848733006772094,0.15808443092521987,0.47535377902340453,1.9794531459761293,-0.4611299565298572,-0.7594180852231892,-0.26168508066008866,0.9631989395505095,1.2105342063868243,0.9977672678755296,-1.8160400814705802,0.972656419652379,-0.4334807464203572,0.30245345937777607,1.1522508463058159,-0.31697706713074136,-1.0628755523484923,0.12893209837546002,-0.16136032918019388,0.3030510846622087,0.4958477167116773,-0.09863442521558295,-0.7547671983022487,-0.6635728856117008,0.5924757851171226,1.008984331586312,1.1603605193030588,-0.12939441763248358,0.5471427458328182,-0.6233688853628464,0.04998446318472085,1.5148997972050562,-1.0150056836607955,0.5800859833279015,-1.3274223431031307,0.2360338497373431,0.2989309601885874,-1.0504423067213005,0.3712221829980795
GLRHD0641,8.714914364239693,-1.2224703428820747,0.08284372486034043,-1.966191591527273,-0.08248347788721007,0.8792752301863072,0.35025457131608845,-1.2560328551240392,0.7170091520301729,-1.682875012536779,-0.15434723575747722,0.2845751146179319,-0.9255536695928199,-2.2463168357040733,-0.5396601041652499,0.4719235789469906,-1.0805899599352151,0.5844941673269126,1.1313164448164965,0.8067907647410834,-0.8224670222471147,1.8141179505299696,-1.160548365163105,-2.1582997347265964,-0.5426512466002048,-0.747176454360375,-1.5215587649109683,0.10510438290933934,2.9227473076482133,0.6561542046137493,-0.0957656222626927,0.20678149878415378,1.0894984335621998,-0.0165845145401008,-1.0804563771741185,-0.09007664385119558,-0.7303399616194499,-0.2838593144117899,2.210593205809405,0.24822876467134786,-0.6876445167032954,-0.6895951911364416,-1.7569836192281603,-1.8897183155980248,0.5018764294988345,-0.8541354249652895,0.11665711868607877,0.4592763014955809,-0.11742863472554425,0.72788198917718
GLRGC0314,18.879782705894563,1.4830261877398774,9.955040037783705,-2.099899832665256,-1.3053022815602129,-6.256004748736135,-3.3296794814028003,6.276605250808007,1.5429246837156392,4.607297084388739,3.4246679880495474,0.8036446254467445,-0.19379720504333792,-0.18689653295178402,-2.9097758629267596,0.7775278944471079,2.824079316847224,0.2486054017311752,-2.1782172465058047,3.733355022256116,0.31737499059762525,-1.6470270366896849,4.226397065448265,2.5680507582733587,-0.5488556079595649,2.935988059874848,2.0313174670053518,3.3418964082350575,-0.8987405661439644,-4.6107985845006105,2.9704404283974295,-3.886399122893801,2.299657528507931,-0.21011444565935491,-0.4654407345597728,-0.6943343531134956,3.626935121578594,1.7960610533905592,0.9336180463933796,2.1019467624900243,5.851578567989805,-4.032553196064173,-4.5984126513714285,0.11730316244933783,1.407524311291064,-1.1297676918781354,-1.170571103699272,-0.14272490718724856,3.7545929308691655,0.5067538623864056
GLRGC0235,-17.43920775972935,-2.2345947821958423,1.5252211558712927,4.125989417091139,-0.10326498935372071,0.024222413849253208,-0.3036296235397013,-0.6655604693107514,-0.5819984831088083,-2.172858682435056,1.0231594759372453,0.12371355206835626,-0.06852052087947641,-0.08935417638741597,-0.8328031326197336,0.30708016996304255,0.297235734051987,0.7241877373065314,-1.5883491078152874,-0.43432194343089225,-1.4180723098456993,0.14445819292709386,-0.6624007628134767,0.052415040831474274,1.0570290179559738,-1.0721763336216659,-0.1492710620102998,-1.815074482337503,1.1544299259083595,-2.031150490002149,1.3627247051357676,2.288652018587992,1.2818213764318027,-0.5588886660828549,0.5882271745533352,-0.016849595542101577,-1.1388410466938708,0.3717566877641809,-0.4224650501815969,-1.8577905397412102,-0.23822824006653556,-0.3117902930708383,1.370661932156894,0.17168927201092365,1.2704317150856712,-0.9099941385096665,1.1298185069341293,1.227899095735264,0.2463759152087959,-0.8253647841909779
GLRHD0821,-30.777338181563582,-1.3210148945044011,8.420600493297398,3.5427660488865653,-3.2730019784325197,-1.200609054470892,1.1266877259788728,-3.2769415606971815,-1.298557034137757,-1.4707973798144198,-0.8930071336918234,1.4236651979977832,1.4566611554810989,0.2774570299025833,-0.811726851963763,0.30253868747854407,0.10823749134998929,1.2833722434970187,-0.34980196976928285,-0.15176851031967856,-1.4641990107928675,-2.2026994421936674,-1.8107113984885603,0.6021276283275273,0.786034746599484,-0.878166521346454,-0.4501472117381473,0.46124684124520965,-1.256509452399246,0.4876941871084537,-2.1140089002607008,-1.131308731827842,2.957501832472147,-0.06156430515149924,-0.32714036083183534,1.8888923353003415,-0.10311184541558537,-2.1910861337470195,-0.20792271347907595,-1.2157204360499576,1.1351612857719866,-0.5701116741525535,0.9840899913898153,-0.4862226066254748,-0.8077983892031594,0.9228830481501701,1.6887638393114472,0.767841681099228,1.5958662538058024,0.15007095180791993
GLRGC0220,7.950603945358725,-2.3425501343020363,2.9677425732822313,-0.5516450923403855,4.11875423326375,0.8227671281702459,-5.920183867196414,-3.161809056145385,2.983678591810656,6.728477091872898,1.5183888714201799,-1.6269904799737922,-0.27167698201074547,-1.785283100736995,-3.517885865571404,-1.14237973257571,-4.119333640131083,0.6777277698462073,-2.714748012389917,0.2551495444605459,0.21233038898205647,-0.09210893053562995,-2.5700884362505025,-0.05407037660099699,0.022700605173825862,-2.278520039345904,-2.968552888343173,-3.2576550799297483,0.36204231836579953,-1.354001503977632,4.058365883472784,-1.7194618343850836,5.519027030769038,1.573454123269851,3.4967656695590796,0.5880196496361144,-2.275457695516294,-2.9254197328095537,5.3612038733647145,6.081248146311346,2.2405402044226572,3.9142543026765235,-4.53384160260301,-3.0887006488417432,0.6398996221419195,3.401357593112182,1.1392861961894913,-1.7025272983962572,3.78477489424965,-1.9081070724099345
GLRGC0148,0.2165534363163654,-0.12850722522507352,-3.844891156945805,-2.2010332295307693,-0.904122393954605,1.2407360615841678,-0.9523561486146117,3.0103575389990938,-0.2976055195569831,0.22756146599817004,0.7137301815960323,0.23416620817150238,1.6112406524917304,2.0336652619009254,-0.09740629256474957,2.0583273752444735,1.6211913196957748,-0.5925953689072587,-0.3168560821748269,-0.8212372171279384,-0.6360757227791441,0.4867715993971271,1.7083752559552514,-2.026403489526616,1.4336105631002725,-1.9318456438377185,1.3678908732256403,-0.351553748573829,2.441622368485352,0.7751438318233835,0.0529168160735231,-0.39005368625402137,0.24827992211442693,-0.6769233841083397,-0.8706547633599453,-0.3032274201857426,-0.28117576092842855,0.30215685656385854,0.764682263715279,0.12969549833617758,0.5656528901487946,0.5888163739903349,-0.02163077853968217,-0.6435651662171508,-0.5920103448613276,1.5410801365264077,1.103633547741838,1.0430444455268946,2.307887296689985,-1.072345360331956
GLRGC0304,-2.256231470087589,-4.920427670406942,-1.8433174948227518,-2.9843340676323074,-1.6241630345869444,0.6499578464606139,-1.7273837479359146,2.7997381447539937,1.2268414944486035,-0.8986937761392183,2.606980955147513,-0.030558716498942696,-1.0259234983819199,-0.4055635935905341,-1.805368832654185,-0.1813874115192692,1.2235344983059748,0.4626346698284398,1.7509300304937412,-1.7149309043481396,-0.3903947567437425,0.7098987390887737,1.9869590445338574,-0.2829228219764896,0.7162285959384598,-1.0409673827962413,0.45856303860215963,0.9058129582585248,0.2579045097099447,-0.035286136958787934,0.6056382836100268,-1.2224950698375687,1.114793381698495,-1.3717318470606248,-0.6215907549183158,-0.14162608410311095,-0.903380939187591,0.5506286577718291,-0.1697851265590815,1.1710428994406556,-0.7060555722785412,2.089485250607254,0.28176271230150396,-0.9665635161588652,0.99437328236459,0.9907281942912322,1.1001464879579472,-2.118828272189311,-0.6180580429507361,3.7978888207111914
GLRHD0633,12.921054187483268,-12.307401468713023,2.028889595957959,-1.529508126652842,-0.8551565437879767,2.178672957653458,1.6061024875804315,-3.9629353465857777,-5.824166537415051,0.9640179992318275,0.10058481559078082,2.0786274975091072,-0.7338522288923237,-0.9232881988073262,-2.5654822592550874,3.488826744404036,0.8244372354888588,0.774923257274151,-0.30952700861135213,1.9817174416750358,-2.846808482231699,2.3442602886446298,0.5752797428456194,-2.6978651899259476,-4.735705986196419,-2.369963362300586,1.5254307078102063,4.454037445996336,-2.8475265178277263,0.5622705587692648,3.222852549091641,4.99085474747353,1.585917521188652,0.817186341338455,-0.09910378507543575,4.832684630404707,1.024448985248058,-4.2049310932211625,1.7772270829639196,0.8676268889883372,-2.175529863077003,-1.0349758135504188,-1.354188645466585,0.6821066144139416,0.6742937762174478,-3.419324595708533,-2.203943338661412,-0.979816324163896,-1.1033144945739695,-1.9579590296475968
GLRHD0656,19.35911830266948,-2.7278676136615605,2.3334216018450396,-1.1755325180750231,-10.297349561875773,-2.0953204791767455,1.3466771383266485,3.351781366811007,-4.030611043166667,1.1962491749333077,5.858809640602551,6.55595316203134,-0.6685349707351141,-1.8367364002976931,0.7771768747368303,-0.41687322994143283,-1.297705343348359,-0.9003950717736289,-1.9376600035172906,-2.7219114719247415,1.1719040097901394,2.7886437029999898,-4.637588640910921,-0.13615968341910187,1.005090363020857,3.9542976568954353,-0.09219067745459969,-1.056439718230545,4.316461793215769,-5.730905270404907,-1.7386136395727425,1.2562648090032198,-0.8432546116878011,1.1756948252446897,0.04040688957361138,1.8131503368856552,1.2426506356373037,-2.898032101986908,5.4462066467425565,-0.7147849728827033,-1.2830784842865666,1.8985189067945685,-0.1685218201999098,1.635759220167601,3.5503478387113603,-3.3197344802420146,4.938102834794961,-3.6657742633923633,-1.714915067212864,2.5960487068498184
GLRGC0350,-15.85191847790841,3.987063868246712,-10.597801141776438,1.7387498012521816,2.7147259668571224,1.9756472244369416,1.3110995568592971,-0.5989665556842724,-0.8850986710624508,-0.6069727954768203,-1.9765055856148204,-0.8577090568088496,-1.5825388966510427,-1.2404931204926037,0.2047795124168102,0.0006243315431416873,-0.3212869096948464,-0.7134411199768963,-2.30232993977578,-1.7148434371211472,-0.03827938447648991,-1.774732386179808,-1.060487187546747,0.5778372464534531,-0.5459533771351345,1.500358149646737,0.368508020463589,0.3778622757002056,-4.796418504275702,1.832498040455496,0.4772704308972045,2.6497421534524546,3.1885420066904486,0.8827152644200966,-0.6499732375595644,-0.044466357798686455,3.223832874531217,2.5132265142247534,0.4236949805966476,-0.5920564423964176,-2.996586417863797,-0.28543725808817805,-0.045998222544910206,1.525969250189853,0.5338859138641637,3.3353873835420376,-0.6971077417810996,-3.3386819092663016,-0.84811054237408,-0.9573834267938205
GLRHD0668,6.902053859349671,5.490240648393857,0.22840565645782646,1.2715797964034377,0.001463501719763918,-3.5615162817702526,-0.5067143780741337,-9.827142127212072,3.7677357799070554,-0.8382369311969222,-1.957154769464285,-1.3209079511709971,-1.882273625399926,-0.9922486256174398,-1.405133360692385,-0.5783732713504371,0.9000242005865197,2.009408245817417,0.6760437147347207,-1.7464463807996786,-0.4321436347348921,-5.278153672071501,3.900374759186545,-3.768483698243881,0.5221869326618077,1.683327753767366,-0.5510573398950743,0.8623835727869295,-0.39922751783467114,-0.17399329422219975,2.1327946159679976,-1.408108031694091,1.3510263295712857,-0.6982578197685846,-1.1527090268670694,-0.6136995113472252,-1.3089649138700368,1.1509810649069565,-0.15661696225666977,-1.125330898965093,1.4856883056240908,-6.938195488596097,1.1881735195996896,-2.2724847143252758,-2.3462525027908083,1.669534077424582,1.1286814243810601,0.7743014631876796,0.07910431842444252,2.722129236822349
GLRGC0211,-4.949228649605491,-9.079564104931395,-2.3638012079571773,1.321401399755945,-6.13885289348859,0.8678403172910887,0.6020855765221735,0.5147287341618586,-0.8690731012539783,0.5262291654246488,0.7299598088253225,3.0460738590878815,-1.6488356355273244,0.42115656080654285,-1.4850413938374434,3.5990654187863083,1.3962402481222758,-2.1165905747880327,-0.23723316337306355,-0.30723069152053073,0.30596352181555925,0.08744693651522005,0.32581268096614635,0.585297593294826,-0.5295102335983801,0.45178412075139074,-0.7446589717097171,-1.0544473646639358,1.2150021201740893,-1.9444612241093282,0.4097423086558275,1.9817809074734487,1.5569877584608278,-0.052789636015862736,-1.632372444304383,-0.9426180702590916,0.01837368014945229,0.5692278441029373,-0.04347919385630408,0.8196915399545155,0.4840457713316911,0.29443059402792254,0.18909313154651602,0.03239653505461122,-1.8384936787283066,0.5052960688040427,-1.6308486032480964,-2.830426359957562,-1.1836061389027541,0.39904976196717135
GLRHD0723,-14.142751321926923,3.8858911694942,2.4348145178940266,3.6446845141447355,-2.525557493545967,-1.6781136972253867,0.579314568353916,0.6542842998731178,-1.155472811225408,4.309959548096381,2.523291198520389,0.012763772882969428,-0.7138176684201087,1.7236846216026842,0.6088318737409486,-1.876289026137501,0.5705392707534572,-0.1536280451985247,-1.7485004934826252,-1.9857960847020313,0.08851939906951217,1.009429379094886,2.7084912944702,3.3474185706400728,-0.09683390395101502,-1.4256516748450787,3.451853015321201,2.3415734377645694,4.086754155326324,0.6031586725125008,-0.4405008165676713,-0.9244898862360603,0.31381410457595027,-2.0274082076249766,-2.7993619415974007,2.437864827489859,1.879584364296712,0.7357706642447976,-3.582895169638227,2.572878590262456,0.7317199481567005,0.7840745446001167,-2.6761537727477513,4.6128458025674535,-0.25051503510376316,0.26404544691939585,-0.3616263523335536,-0.11841293037876613,-3.4565039868805907,-2.0929080949861882
GLRGC0262,-15.304334772773185,5.048192457675209,-0.3850280808268187,-0.7328844655893237,-0.5414404943500095,-1.9367100768512198,7.291957730423996,0.557496996718222,0.29667447265913555,3.886025348630038,1.8444985266272789,2.1972117939606144,0.29779043017629725,-2.6542154057791123,-0.4156336791305594,0.6927725577193011,0.7898885245527918,2.824439319849209,0.37431528990947804,-4.726911132436075,1.8911552830300629,-0.6417751534903601,-2.84587716206156,-0.7445457957699728,-2.3079690725969577,2.712939170803646,-1.1786674204576413,-0.6510628994736801,1.4349117475506865,-0.4234321059650111,0.616731868995487,0.44787353905648036,0.5110824092453948,1.2164472079821496,0.5652951078540981,1.9280458504527744,0.26459703754695185,2.0629415433569838,1.856591256846009,-1.7423463236164618,-0.8191417496828513,-1.0017649154392223,-1.2095141424169584,0.5774019041264152,-3.022698688292154,-1.2018581746969084,-3.7837719872028766,-2.906952147382717,1.0352092487985025,2.5743266401498266
GLRGC0010,-6.637763889067765,1.0909233947374615,-2.842956494952953,-0.9681867605168714,1.3512039683036787,-2.3241597916478858,0.3647351204189948,1.3061157480336234,0.9624211703183496,-0.5292346554509335,-0.9808352892367707,-2.659044241110294,-0.31979921476948164,-1.5769457661274655,-2.216639872189418,-0.37966894237597426,0.6361634360414681,-2.605542406475717,-1.0872997681835115,-3.154034609632897,2.190326391670676,1.8004125175459396,1.6145651388499025,-1.2007123387314322,-0.9842367221369495,-1.1577595911740224,2.226513379940186,-1.187816791986045,-0.7344464883821488,-1.107849332546008,-2.54564736261389,0.20525922612612113,-1.557756859179055,4.191439936270776,1.2617090154440365,1.5881971161495503,-0.8281219016257855,0.03138590776479031,-1.3067072759110825,-0.31942143642936993,1.216209886934348,3.7474572226522147,-1.7929307960404637,-1.1284048313539532,2.192555847693015,-2.7724220512227515,3.1162988972703083,-0.06077213639731759,-0.3605916975587776,0.4609182352661789
GLRHD0672,3.5002639116379237,-2.2179245445572073,4.2009334834977015,-7.172802341341605,0.3208944432417442,1.9748080498953509,4.270439234612144,-0.43394110248797996,-2.35049116437759,-2.488430568063637,0.04886744362388093,-1.6433704725351683,1.7866352723825294,-2.2060249626019544,-0.31873698134882456,0.5859505373841484,-1.2794347500324759,-0.43243460417600105,0.7427333087910706,-4.4467782973538315,1.5842245023712542,0.852279452546761,-0.688284017451269,0.5536610231800897,1.4480853596547674,0.29059098407868456,-2.5573403281939098,1.4378854282935025,4.032949973018906,2.707223401053574,-1.537480886215528,-2.109526059057483,0.7620586623761905,0.910741356278957,1.0968919301302689,0.34652980847915504,0.9345316706892292,-0.4269172906337934,-1.602193807384886,-1.3731990199428985,0.05047530480811814,-1.5582191774909189,-1.340216838341463,3.479213293094036,-2.5471650388722944,3.0901426920548447,-3.4965579479503366,-0.9549189381072967,-1.9428392280863127,-1.4154366394457372
GLRGC0248,-16.813030474165455,0.346406505762598,-0.8794829115530298,6.433396847815937,-1.2519819509161798,0.6876706778172369,1.587738396880593,2.308136943818158,-0.35127609736068227,1.5824730422692628,0.7251144749281537,0.8517010902076493,-0.7849509946437251,-0.650561346192233,-0.8858904095077793,0.7844316538765053,0.17905876741908455,-1.6113998186470346,0.5425612870867645,0.260394028659929,0.9335944188182543,-1.9608877248310692,-0.8191605333650986,-0.3054888328618599,1.1998149921947112,0.35307298337482224,0.40289772784080685,-0.6236293438782072,0.8728334416972658,-0.24642895170308265,0.8348195452542317,-1.19963714892132,-0.2600159840774731,-0.44134248882910726,0.5076750531372426,0.3783826993024379,-1.0671582624515592,-0.005292816752511514,-1.633512765262232,2.3654351650167884,0.4630141154000627,-0.9972520879983805,2.3801352134966276,2.297293253221497,1.3895561342460956,1.6809518505869256,1.6269104117089896,-0.9015222802532942,0.3366378288165295,-0.7422196889630739
GLRHD0689,0.9712194006739925,-4.8664339719660195,0.28997108911265895,-3.1004309848547433,-0.5786454246428709,0.9689510548492496,0.7242847631222769,4.2595430634273335,4.962328587078304,-3.4974036672314814,-1.2350348704909468,-2.0680573912834177,-1.1494726033110072,-0.052716991252785,0.4111221910094172,2.6058651378117017,6.637041832484792,-1.6072693200130077,1.4805612251783191,-3.9852466471993804,1.0942633215227748,2.3369322425742887,0.9462486175862037,1.755061143830242,-0.393188869674781,-2.500672567320571,0.17362741838498233,3.546150462216091,1.3435938068346043,-1.6673347820588231,3.8426865754133246,1.1680076704074014,-4.129296129301094,1.4204027147630347,-2.9835251748176135,0.6051020278498118,0.5393257134493712,-5.252367766978028,-1.547263318131892,0.0839754151564799,-6.164616800413869,-3.0090251114921807,1.79458222470964,-1.4705292885355867,-2.54910946797852,-0.037582491237902235,2.0418136802303573,-0.2397831324923149,2.368377811267065,-3.380095565375245
GLRGC0433,14.234934720065457,-3.394592128702441,-4.723274709268598,2.092051804415199,-2.0760039769581837,-2.0219981550656767,-1.4923091860811506,-0.427424914810061,1.1144284067563965,0.7683329185925349,0.6172288879677655,-1.7576532146507344,0.18586427679119585,0.4736296168376108,2.449936428203702,-0.465296051087209,0.8974722839409334,1.4308305750709143,-1.1168725516385059,-0.6597271791061967,1.4455324583620122,-0.05817362620510887,1.172703150233243,-1.4742056688644154,1.4531699031940108,0.25996832717226026,0.0762849291062745,1.1502109949434127,-1.5643759709271488,0.17706737481529491,-0.5377170519895919,1.27001968368367,0.294878395805557,-1.2466020410257637,-0.8513364015946248,0.1682811224448724,-1.59150606171684,1.1098597279121545,0.1758477850087347,-1.460658533310851,-0.5508403535374363,0.39517135551405413,2.0579043554545025,0.4297584600423526,0.9651103051397528,0.12920694404444563,2.793060073421747,0.6192889861194595,-0.22238591031792415,-0.8199728974077284
GLRGC0424,-5.442597046485768,-6.026410135161387,-2.5416625980937058,3.6553543880644384,-6.545650584644046,-1.2044181821267117,-1.9008409146176743,1.3776077219394216,-0.26981850737578966,1.5049695854735508,0.8677012647657653,1.5514497391892084,0.06308367330487338,3.369704167950019,-0.9801370555646994,-1.1654398773442234,1.1578146702418328,0.2696263914797907,-2.576833317048222,0.5737740095086331,-0.3177566233293787,0.29791503869950375,2.6997853622888797,3.255850950213753,0.6852452368289547,1.2977047041743859,0.9596684452666121,1.973763194889644,1.7951087996122008,0.2586199090027932,-0.6644753212530304,-0.4352512529048455,2.0985814882279503,0.29926363671813117,-0.21158569410684627,-2.144260704350065,-0.1942471703591299,-1.5110611893433854,-0.8478490795294418,0.20455918966443937,-1.5801065679310577,-0.6173576877514035,1.3061191473339475,-1.858979004200176,0.9869937143172639,-1.0224377120332981,-1.0039264795741096,0.4286858191019176,0.34463093088996694,2.3122304954951023
GLRGC0447,-1.732872982055219,2.7089346820680382,2.031298335521871,4.290317953757797,3.381985900479875,1.2227867269374972,2.5363917446486606,1.9222246212104186,-0.7702167987140748,1.4256108739780533,-2.02316575190114,1.1161481160720768,0.697846776248434,-0.4621542339019712,-2.0905181454996744,0.9220041357069714,1.1173156107047304,1.29827927096046,1.9756710492701532,0.21522736955782118,0.5727223017272013,-1.6782328565237883,-3.942456559637607,2.02646718220464,-3.1820173916471846,-0.31515573822938064,1.810616700864595,-1.2578523618491295,1.7343530491841868,1.0774964735545114,-1.939347823806016,0.027911682670057794,2.1975512449767445,-3.990456943972605,1.3587762860005226,-2.11166297698815,1.3321795021190743,-3.105361420534047,-1.468175837942679,2.479191894978428,2.8300261948298155,-1.2289534081453577,0.5583027738517141,-1.2285438299147926,-0.9315074342265774,-0.9524059889547709,-0.24963850844716634,2.2578380642959837,-2.7095675570436533,0.27477537422796916
GLRGC0185,-30.237510833610052,0.5882790327100714,-2.981054820225537,-0.6135199624628475,1.4286797939892175,4.13991096142352,-0.8237430318101178,-4.454990648069498,1.431862132612057,0.007459923119278925,0.8008751032888854,-3.24070655291111,0.27519365080801983,-0.5127958642043842,1.4072257110728592,1.4482756770455387,1.740905582783969,0.2863218146256269,-3.320432566752614,-1.8387012787067296,-0.5543871265325369,1.0921677968687895,-0.9030553036308095,0.07183373807188674,-1.2159164641426665,0.6989218947262704,-0.7920960517005647,0.13631920896744384,-0.5499611509903433,-3.862471398112331,4.692250570138316,0.18914960183573387,1.6264005252465732,-0.5386010248416722,-0.6275366912554137,-0.4462450269721528,-0.43899870136441566,-1.4276331937754838,1.3772407642155073,-0.07207654632760435,1.8313823537653158,0.0022459950775324962,2.019551859206251,1.357247839238897,-0.3302930383908638,0.26149986572452466,4.70608479838841,-0.5337866908977801,-0.32490728744932396,-0.37427584729624924
GLRHD0649,-7.768886981133627,1.4149851803982072,6.759854570046083,2.625116209724722,0.36383219173851505,-1.532911783018759,0.1058198550611865,4.308642113500756,0.909634402738719,1.3316493689451976,-0.4625817995282082,0.2550547758311363,1.9460086554825669,-0.07439026104331045,-1.0526316999388645,0.8493298434448112,-1.696455525682433,2.6820845660538035,-2.0374630600198196,1.5772479818637515,0.5390598041012722,-0.28784303959225527,1.226303808424886,0.9922138172311549,-0.08629475857825945,0.7170615848042665,-1.8164291276563838,-0.3774118375469157,-0.47190758074248756,0.7470652046261724,0.05786317681205113,0.6437731639567912,0.6164392837836054,-0.6378363880817067,0.2254714693769683,-1.077700411108028,0.48268412526572113,0.15957105718773135,-1.2184778948316526,-1.1012510210337496,0.6627765549284326,1.163729553505947,-1.2546609066816672,-0.13153057373286947,-1.3250076379153701,-0.2852188562921552,-0.7977656536695231,2.002843959453658,-1.1724728391608024,0.23997891983570444
GLRGC0145,16.960812540101582,-3.9166437475828926,-2.3778821382608,2.407743255897448,-0.6956931032458585,-0.010059067342102242,0.6724290369406228,-1.4971566193378363,-0.4371877537235869,3.5727135448568705,-1.1950657407498908,-0.2777768340173749,2.315114493566556,3.135954654386267,1.2856323169237815,-3.424034631689168,1.063159344312673,2.599944572684343,-1.6272998970250525,6.117782754671618,-2.070431237437633,-0.7412510639617452,0.17464557890553903,0.5262098792880124,-1.2904862673062543,-2.225626019288765,1.1403013837057554,-2.5325508762109257,-0.12518582680030133,0.41687954945329025,-1.0035200790724375,-0.38609025241228656,0.7121168003768906,-2.3348999565352226,0.6917479106936973,-3.6260780663683665,-0.08940714863304651,-1.0591672485146972,-1.216568796563363,-3.493202106756483,-1.4130724704356308,-3.2019366469317068,-0.6350330824745226,2.893341327747202,-1.6255619099226641,-0.5137018891894933,-0.3251152635543646,2.535099316961535,0.6853114113139753,-0.13919818481920151
GLRHD0706,-6.386383029266369,-1.4913364469119947,0.756389896745739,-1.5613943202685858,-0.48831699870058765,-2.512402807251268,-3.7398789926515295,0.14071556525024814,-0.3002089974984601,-1.8415579985187498,1.9200934049613754,2.606574271865641,2.028380106409146,1.2026665022171052,0.3110482822138811,-2.918764209699174,0.905737055639406,-3.0982525685661666,1.3505745635853426,-1.4577324432711187,-1.433848699400834,-0.30815752773485455,-1.844564617599132,-1.1787566851780733,0.965371442790838,2.4393333695140735,1.0029394124064093,2.7005631187444368,1.846844571055736,-1.0679615702779222,-3.5871689913872835,1.350742742590475,-1.5247010059189563,1.803227672311117,1.811405283256395,0.1463278660479498,-0.2824608296156673,-3.3514745255248055,-1.6088717416328908,-0.8960643996312807,-2.077000423665659,1.261998190874079,1.5964952982328229,0.6364835912855052,0.3204306476748197,1.107124643887524,-0.5870014147988817,3.5931610426127674,-0.8580544344379164,-0.7977190692633389
GLRHD0781,2.156267316429228,-6.818271592166228,-3.6500468600545735,1.736033429136145,4.591010365054099,-5.8931451566227295,-1.4883945335753783,3.9097296113589564,20.87094504314023,-0.6661170825237802,-1.8467146691659975,11.376737914781373,-2.439775543164784,0.04948934335661196,6.842083480478192,5.52997124661584,3.7195033190644726,5.314681756547864,11.603651160475419,7.323273156398908,-1.2447007311451883,-2.53514462075115,-2.7616123992632695,-2.399337201844543,-3.2390650192232,-0.572702586976164,1.2166455834346819,2.484747712811954,-0.6814236659788548,-2.385162638676469,-4.578239954847038,2.2945239853485133,6.063082843608642,-0.7344400031013663,6.005082875133653,8.829425851695882,-0.6271145343106017,1.0191694794990969,-4.581326268026097,3.264053387152303,-1.1089108267889902,-1.6272030069258476,-2.918652026501315,1.169136606451999,0.9629346368929814,-1.3464925149335845,1.2874678911289044,-2.7091267453495442,-4.934419090356542,1.5383000101708948
GLRHD0676,29.76339864398438,3.89334818972646,-0.48610952489725534,3.950894680089147,6.530189951919775,0.1918524463414283,-0.5130018872176983,-1.7776447881390245,0.1619204880635376,1.1697054697720106,-0.9722275869701449,0.7342829654156944,2.5402533974743493,1.4825328001531153,-1.9890045639344884,-0.40552135213662394,0.8651039787499456,0.26505961611329865,-1.092918519526217,-2.31138947315605,-2.4273280405576765,-4.334972384784415,-1.8382753009912822,-3.211380144215337,1.6736646970444422,-6.555790745681595,0.5228628397700992,0.7260466092745391,1.466014284602688,0.15354098864792953,2.8103590527366404,-0.6631368923191105,1.331248589392561,-1.1657348007679382,-4.113135414713876,-2.5806319355906377,-3.97537174638961,-0.6483199928790784,-0.28565631866019453,-5.48630881229321,-3.5716300633742475,-0.1355898230234773,-0.053784602495991984,3.307659568709214,0.8625662476141054,5.218727339129762,-4.383094066371219,-3.7998459258119337,1.1677265981896998,0.9170931696568094
GLRGC0331,12.163061100629598,-1.4312926435480293,-1.4888494139387685,-3.3839242149431237,0.6420094753809314,-0.7727158877245456,-2.155853425929703,-2.3229779430149557,1.157075524060219,-0.4917563898814563,-0.7582536713823397,0.13442070403477793,-0.8311819988304322,1.5254622279588859,0.34277401818583486,0.6342378741262474,1.5321778292307235,-1.2986316179665418,-0.5646089597960375,1.6741350924031477,0.34132745266279724,-0.487419582929753,-2.207307447993864,-0.341456778890874,0.47698384872026567,0.5191739129233477,0.53333405235752,0.42885868952086675,0.38832090457941554,2.787816643813698,0.02282347180414319,0.934329980496692,-1.4149934992040103,-2.40980630590653,-0.06826837917906889,-0.7104761007336947,-0.3972542206789928,-1.7866686455251841,0.036629501945303844,-0.424314915092942,-1.1511240119759263,-0.41754095772457817,0.8557946120460577,1.3901875589858208,-0.5836709382920754,0.36711066805199755,-0.47787509797102207,0.218062806021919,0.061100940331883055,-2.0248302326885623
GLRGC0218,-6.655531481833684,8.601193974915986,-9.954118126167776,-0.16730379010254684,3.355514268593896,-0.3487943634930962,-1.9955741313674582,-1.4023819972478746,-0.7911714328504464,0.47706799989269133,0.35587375221146084,1.8311999364738039,1.6961965663742578,0.9698815352003692,3.0012916765631603,1.5226950810205069,2.0181763297999673,2.4663291516889108,-1.3409284050746322,5.454577794905938,1.6400593319858383,-0.7197417368537453,2.3211020884909446,-0.614979257054464,0.5449946686227256,2.117426405833654,0.6769331411403849,0.4188569321392988,-3.276065565255085,-2.815296858490624,-1.6577150176063082,-2.545562468097006,-2.630354051779186,1.144658852002234,-1.0850085895148562,0.22318036073576708,0.7644406424882125,-0.6242056230484555,1.0195707582419666,-0.8818571258350512,2.741338800552085,-0.6207391971163587,3.2893966160947357,-0.14837150849977235,-1.4272246820346726,0.08209317141734761,-3.152284461631323,-1.5737411031598114,-0.5475451516479339,0.7714592086291546
GLRHD0665,11.578625580795638,0.6894236201782402,2.2144751943785974,2.7150904922710817,-3.494161459033888,-1.4943233515933094,-4.768288593345772,-0.9839234213606944,0.8886437005982236,-1.2840774428184196,-0.10767122769782027,-1.3469606000543741,-0.15682433660680795,1.7425459457585326,0.6834476182789044,-0.4077372485981724,-1.600880835544912,-0.8945108493384161,-4.721830653891841,1.6291397178727218,1.6015270482751518,-0.35813822830486314,-4.5001545397476175,1.465900534383335,-2.473582297971045,-2.9412803560263474,-1.9797947294111988,-0.6711330702479938,-1.844798034217094,-0.03221042010075546,-0.8355781744012066,-1.0767539896950138,0.3988359598151736,1.060930593718407,0.6084346223144409,0.63336558286138,3.323760288260522,1.8543706975003476,0.3194719504995724,-0.8468766974685804,-1.23571494181031,-1.2731254406511152,-0.8290850580151033,-0.6176177299343362,1.8261067433354359,-1.5884080255047772,0.716362896554819,1.0766980982042276,-0.16071994564938338,0.2117909409491781
GLRGC0284,-23.99432539061827,5.844199962653321,-1.4637961652631426,0.8972602355955588,-1.450194203737209,3.22884422673213,1.714502122833207,-0.18820287317168805,0.3401496409688755,2.1831428938041255,-0.6617115364899818,-1.6472283722705643,2.792928037491699,1.6624496125000123,-1.0220206715746425,-1.7974684600625208,2.636111280071318,0.2378357406593163,0.9616632700093726,-1.0716224913645414,1.2399734815323,0.04534813190748295,0.2478166026663745,0.12507658591887982,0.8529921423222885,0.41187232500668686,-3.248668693662994,-2.4855494958939763,-0.1562366571713906,0.7949901690567612,-0.18888527017312295,-3.7821482530998916,-2.6775035555798086,-0.5787539101700369,1.2856446510339026,0.5809892276941601,-0.22499857404197082,-0.2860287008367294,3.0622168168386703,0.6025114074125639,3.613785947867986,1.0379402008579675,-0.8229093549755466,2.5375044920423084,-0.2327619751120242,1.2834795702892987,-1.1374682032431291,-0.6247299292180671,-2.688991508876524,-1.4823139874545441
GLRGC0446,-7.056304060640257,-0.18077731876983374,-3.441899223368966,-2.4665304483461457,-0.07089797897210161,-3.755636113044287,-4.071622277463584,1.3089411634193298,2.0644870777383635,2.0612507824192945,-1.8503150791542462,0.8348378722415338,-0.4385793969943648,1.5042772134007678,-2.044932639530367,-3.335872117837929,-2.1006130296132,-0.46787238494475397,-2.1321330234837474,-1.828841236003625,-0.29123622094191265,-1.3680019096535525,-0.24514611444386794,-0.5758886060008515,-0.09031333284883293,1.12846911978929,-1.3586880591676145,-0.7950673795749091,0.8169982022037771,3.9625143365811333,-1.760268937498023,3.714873713072523,-1.8256563879394014,-0.4058781454658721,1.4638546737142086,-0.8654814053225305,0.6046853276105774,-1.3313533098086114,1.5873327690984058,1.7003335089679057,-0.9345639543703614,-0.023428696301847733,0.5067219533567995,0.5972716921487414,-1.4992538994880371,0.26930711407682506,-0.49357424292473806,0.9325456674199641,0.8873432806263645,1.7211520970533196
GLRGC0095,-15.54818415425263,4.711880461442753,-1.8203282695572984,-6.400208438671809,2.55861202803877,3.250102945160018,-1.888390510144783,2.2327376385948816,-2.18557068750522,1.8482995916140808,0.21493128091021613,-0.8955558508020871,4.101662134370124,-1.8783955812629438,2.441020275272348,-0.0656156648428084,-0.19128495024675107,1.7480663172627857,0.38053837528689766,4.156029653162398,0.3723051662829801,0.29491212413706736,0.5937444601832113,2.602249436154849,-2.1507817112045706,0.9101513118535989,-3.088509191476097,3.283150189477427,2.1055943374062585,-0.8593493266058594,-1.078514073462686,0.3227205939756009,0.80740937877121,-4.126247919080999,-0.3154311655750181,2.1766779741678124,2.7193256561698744,-0.11305524983390819,4.448611755849685,-0.49373473663588985,1.9640880360179027,0.782334287178622,1.9143922669315727,3.247003866508429,1.7430964294444802,-0.29341560668927397,-0.2509972229718191,0.7613954818616665,-1.244081977128485,0.4293109444718951
GLRHD0405,12.92284049254827,2.172546398735101,-2.147017948984887,0.5148792913954318,-2.587936664769197,-0.13765712517411668,0.4297487568961364,-1.7184630842989441,-0.27098819378912453,-2.8951462479855246,-1.4121077553261023,-0.47834167772720915,1.001264846600072,2.1550648953607072,-0.8218210605948739,-1.288738194543837,3.261046174290041,-0.6547035848930579,1.8047516361250364,0.9799954758258135,-1.9609189155293767,-0.6059534492906736,2.395786492131407,0.2666585404342123,4.722352006871443,-2.742358990724642,0.4013180574248333,-1.151643643578899,-1.6324212939050209,-0.959911383368,-1.188261509970478,0.4951120297284826,0.43338969654239917,0.5938523611947462,-1.0814736389332504,-0.44636695169444085,-0.18332860576332355,-2.393871475083992,0.14718697699279254,-1.0075940421816052,1.997483331728549,-2.2608815935103417,-1.1126002722140975,1.9349544080032728,0.09098583273501722,-1.0683038579065574,1.21609841672233,-0.2124560694281909,0.9831490832379824,0.976500043336008
GLRHD0105,-4.708645539502131,-1.9224648846554093,2.2526316768951755,11.772111270380606,8.060190391668076,0.03379740602567221,0.2093266923154267,2.8094555428189776,-0.9937743011694771,-1.3135265913510328,0.233362805508478,-5.1562936813609,-0.7721907677495946,0.7290039824084098,-3.08527163084543,-2.688952822699707,-2.6223335008518935,0.5095797304951797,0.880343040822338,-0.6801040921378746,3.3096202209751433,0.6469303081965714,2.027765929391974,-2.4501132191120587,-7.46219672208916,0.4648350693705841,5.358840473341998,-0.286140013628202,5.285378750365196,-2.741794816311859,-3.1418797535039307,0.4455245828341366,-2.4348156522633246,-1.7091904106153901,3.53696337695815,-3.4745028091413563,2.970205739469742,-5.180625336956562,-0.6003915709526793,1.4158409729063084,-0.8699130596077642,-0.020858114027434732,-4.40941753905958,-2.7997067799687034,3.6084264057018487,0.6681504234851462,-2.5766051725279415,-0.0719946445108709,2.8893877340305294,4.206620202797539
GLRHD0809,-5.268563258163611,0.4162279011943227,-0.208287895882037,-2.6724342468330686,-1.2296034985655422,-2.5403856312983017,-2.9648211891641685,0.899336700602054,1.2579114018010862,0.15803932486984001,-0.2726937748932758,-3.3260352719532635,-0.2296157053347903,-0.7228305502895866,0.9923768846944924,-1.1245110820717608,-0.052024395539953326,0.5472961784293258,0.037172463384504195,-0.39924921039421635,-0.7557421998112924,-1.1161785581132118,0.49380729532475187,-0.31410841412709467,-0.8426144918771958,-0.4213790774187269,1.1883744723358127,-1.0126534073988271,-0.6972209419611647,-0.00449377905594223,2.9516119952003166,-1.2282073159833755,-0.7232481925099218,0.7973657479372622,-0.5231561242075182,-1.2752304006224326,1.5552252811435967,-1.6019635305402027,1.9753700622111259,-1.641921004428665,-0.36729622842886905,-0.9029956158797852,-1.23554837198876,-2.3864564146953473,0.09534185709903789,-1.0858764839251172,-1.4648855541280446,0.13096134027068676,-0.8000065879181693,0.021819682790952002
GLRGC0439,16.744523285591946,12.486301601749037,-2.016425234344199,0.12941061476890695,2.1803777188979914,0.7653187674252158,-2.629720355505862,4.136433388054223,4.257942164520244,5.702167247861752,-2.1127930622005766,2.2247399167823114,2.233916329829386,-2.576252462309918,2.053236992386658,-1.151225621177617,-3.1647593600844712,3.3449429029323667,0.5349348924165973,-1.2402002469459863,-2.813200184141602,2.1836729637093772,-2.6976048678903837,-3.287800475630344,-2.0681364009854963,-2.5014592022291358,-1.4834641152594705,-1.7616804753728215,0.25356937399452706,4.593315869423455,2.453724597291745,0.7310629878831963,-3.2449527482608915,-2.4714570656204353,-3.89363571727947,-1.3438833844241116,1.627229989990681,-1.845395387234106,-2.1026668855064794,0.013347784457892304,-1.0802154017364605,3.857392757171212,1.0155222378119904,2.2314752509005884,-0.4739544570940926,-0.413336631553114,-4.783282910174636,6.575218119508362,0.2975503690744808,4.949986754626769
GLRGC0164,11.96639722920586,2.104130212829011,0.43360069998579004,-4.506369763710302,1.7167311192617443,-3.689081998906795,-0.3644134939619386,0.7086464102591535,-0.04506725782030719,-3.097701005749004,0.3876535382036538,-1.504293371029316,-2.1298408204637633,-0.4475073825431893,-2.3573551591082054,-0.1832211354215268,1.629232355346016,-1.6152953799729302,-0.21583276178367936,-1.8902480150737098,1.0012784163461241,-2.37393881670759,1.9631524173331047,-0.8737554368332806,1.7884518075071183,-1.9297998666660114,1.5367647897960608,-0.6648161942470904,0.1924218963508052,-1.212850523758055,-0.12760443749187547,-0.6026437796634869,-0.11794079965178093,-1.8543613352838044,-0.20814028439750204,0.4218122236959632,1.3001953030317563,-0.2855745331343473,-1.9690938096838921,0.022159451195480184,1.6165846680052987,-0.9780320946625416,-1.1269245204408125,1.8951394970286766,1.0340023860140617,-1.2346022341477025,0.020621597762601113,-1.0584826047136373,1.1037879846330538,0.5021213929072024
GLRGC0110,6.579830140871075,5.970957991531989,7.808898634703203,-5.785327766312987,2.997004884433408,-1.5444269547495877,0.8554059515552757,0.35250482756688867,-0.8435725653124301,-1.9489933594219602,1.012098143837814,2.270679776569928,1.0671019106389157,-2.560623861772989,2.2539101908065122,1.4836289377234357,2.0806829306304353,-0.19405092417971725,0.22553543708928667,-0.03942716315434123,0.5393648018485343,-2.253501498041753,-1.5545610527476488,-0.1239775972894976,1.8404611382255962,0.9133317328148782,0.17637163178634316,-1.2499469810975903,-1.3700537064606757,-2.030273712567351,-2.2204912615832004,1.1629300717989965,1.5518072027236942,0.363015875424032,-0.38630057078333735,0.1263081537661539,0.5759324003430198,-1.1223497616372813,-0.07143669904079906,0.44144052800832473,-1.7141594507824731,-1.0708607538617958,1.154668083749469,0.9998162421635035,-1.3998693969432172,-2.1808535079364697,-4.369977466740641,1.502331953031061,-2.9023767441918076,0.016205267457715333
GLRGC0212,7.6869185938237985,-8.252615049950629,6.7445896306246,-11.10034571496872,3.1678131913379035,1.501397472001793,-1.0387118781888618,-0.327018940776525,-0.009567389932940464,-5.281853151333383,0.5543727100977832,1.0596123462357907,-2.8590573911492285,-1.5877638831042356,-0.05263843585984674,2.984379331161468,1.4882623701214373,-2.882185685153999,1.9449808790584142,0.14799628528570036,0.01155079088603673,0.8887955511457258,1.278070019757642,-0.19639866421937838,-2.1765390810222742,-3.411631803380616,-0.4421962567757811,-1.4718026320672817,-0.7473983926244412,-3.4088088006665753,-2.74130738265766,1.6355766030080365,-1.1717067110205877,-2.206409605549263,0.2768495281694723,-0.13510658559833424,1.692757734102552,-0.05331092682031732,-1.064118324823014,3.467330537313154,0.05971380308552771,1.0651883310070094,-0.2685531690251671,-0.9112545494164762,-0.9400434414095068,1.4363839366545446,3.4326350516748176,-2.452739314843811,-0.888910642542316,-1.5300018590472384
GLRGC0307,19.70790212644016,-1.544339958235399,-3.012886115642753,1.5085161142196957,1.2361954355037879,1.2740664187960136,-2.6478374742711606,0.5350869571831993,-0.6309908438783032,-2.359827642006674,0.9813671468364811,-0.10896557368156937,0.5206499972775019,0.7420982001878825,0.7166917519688064,-0.06518768546138282,0.1374308771695389,0.9577318038047989,-0.8216628184528432,0.6715670889739455,-0.8014014365415446,-1.2721630589066306,0.43425762101424387,0.46937447979340396,-0.2842747046604852,1.125687473004238,1.1615737748046187,2.088200397506648,0.5431095128675035,-0.24086063297633387,-0.1793288902532855,-0.9506299505539186,0.015441657101313415,-0.11443742083455885,-1.3542831740429853,-0.44205312274997105,0.8461735538590086,-0.132594143232022,-1.505155167344405,0.37879033826551184,0.17807135678172567,0.9087229583114358,-0.7384345026661431,-0.60439540001038,1.2006343019967627,0.6382347467885341,0.2781157067685344,-0.7077114323146092,0.21284386529595956,-0.014943404604553213
GLRHD0623,-11.563920666420511,2.3852374798942706,5.4222248335961565,-1.4952668410905894,-0.4511862862634875,0.6327370844042022,-1.4230820307827108,4.6137187761430924,1.1801924802893553,0.7700281249284536,0.1542156717131822,0.5194893140142917,-0.3189567616901268,-0.8268800379325303,-1.34638158082449,0.21280542523765533,-2.6206063321677977,0.32411073948959146,0.3041758364580832,-0.9151938434378548,-1.973208727754492,2.0078416346576398,1.3346237832892243,-0.5812559564519719,-0.37528449846795486,1.0665177433000905,2.4577855804123856,-3.743750284155252,-0.21430920916368645,0.8756315427321794,0.5835490226918248,-2.464500755149516,-0.8288394778416363,0.3473036056663447,-1.5500140708925068,0.5656944108390933,0.41660939367905314,2.5813602785458385,1.2302271008227823,-1.4529866391997417,0.54458861800452,-0.4378926800642379,0.1849012771634691,0.29996391770139075,-0.004060056021627408,0.6690614491919814,1.243850200655777,-0.0034043074188052037,1.2918447365768437,-1.6940010644117869
GLRHD0625,-1.7487754795134118,-1.4671941663070833,6.634720904861592,-0.17991713051832323,-2.266594103948739,3.1288082767396417,-2.3727476933384266,-0.6688562965031054,0.24692644301468128,0.1855081170774701,-2.61335503998602,0.3915111549286735,-0.9211925964220085,-0.5862595563983974,-0.48062194581246753,-3.1947756906879747,0.42292411123670975,0.5528782508221444,1.3433617791210586,-0.9812533743815028,-1.1001576817527732,-0.7805856110339804,-2.03155453661224,0.8477574633580814,-1.195311725877554,0.6364274233388467,-1.727279055834424,1.3099415044950085,0.8644707750306652,0.7897018539507611,-0.8430049752957143,0.8586342515539201,0.5336442406800755,0.6613968331559467,0.3942136423936752,0.04722702220936911,1.1242237038655047,-0.31749730610451654,-2.3141057721507825,-0.7054767742279787,-1.3349605436176954,0.47494038195934923,-0.38959104638396114,1.6219036966012992,2.2536643664801828,-0.01604172771174439,1.2721664756732558,1.5217550924622585,1.4942393258285007,1.327974089434565
GLRGC0033,0.05772249548642319,-2.6373039847454867,-1.2476686735767468,-0.15653484023597847,4.198290911716866,-0.659356281030132,1.060366564915059,-1.9522775500576168,3.4324006809415826,3.4988771502488443,-3.131879123659221,-2.0177748090418763,-0.8640135365293983,-3.9708250057088095,-4.668716173198391,1.0821844500060407,-1.447907064673018,2.7132617542981277,-1.348015513137564,-6.897283191994579,4.6988627728502435,3.8329059251229802,-0.24957045820736598,3.1137591072970676,-1.3861126968274244,-0.8447020989993821,2.383685418903217,2.087983076437966,-0.4794226806650657,-5.813899802229163,2.839671466122084,2.9853376424722082,-2.5228658550939045,2.5383476379829433,-1.063199433403307,-0.8967422530178006,5.006792747925057,7.234008846083771,-2.2582782616096675,-5.826303684730569,-0.4410001607776824,2.658307912257632,3.216874515052392,-4.800896047705637,1.0893782986077687,1.0307048489820518,3.9053021382709794,2.452649991072044,-3.8311163304705187,-3.511730535626109
GLRHD0774,1.1092431059315615,6.359976205279982,-5.806354372843726,1.3987055922230585,-0.38143229373234977,-1.5428077517525356,-4.585488711252368,0.20318404722104472,-0.6841987357347747,1.6738541694354299,0.18025284457565155,1.3274076121154554,-3.2177411593206524,0.3613813115250855,2.7324770127926477,-0.24416683658791738,0.3558076837755293,1.8902648691721515,2.3543035247981514,2.499855332376468,-0.37066936221772195,-1.534550365961443,-2.1745577331762136,-0.9488307657395458,0.8437959829877151,-0.23634843075109088,1.343377159757825,-0.6630216563304523,-2.304568592907037,1.6743011061592306,0.9256248943572075,-1.4995095432900098,0.8324346322654675,-2.1986563865575306,0.809276583633772,1.8770802275055374,1.2239855019276045,-0.6203459805669083,-1.9136927627637155,-1.1818608070761036,1.2369254181775733,0.7157489056169586,-1.3636427658475017,-0.41065514627467176,-1.4840018905334658,1.6367487018321545,0.3808116562007248,-1.242490765971469,-2.0333941637628525,-1.6983328259971893
GLRHD0638,36.63236704454351,-8.275313875105454,6.060331959277636,1.469705580285548,0.7558545279942435,5.592094060359912,-1.7784682952130708,-1.5207803343723478,-0.9651110789117816,4.436840242672613,0.6294321351657289,1.6499787759275542,0.04073970970604087,-1.1045518088774822,2.6459900369006197,-1.8974382078017027,-0.07482215340639822,2.6774801673834254,-1.8701862865240901,3.1372119867587593,0.394054273013816,0.04008399662024442,-0.10570864970538259,0.1089960341107877,0.9604707799263088,1.22360918209795,4.631673493641751,-1.806979100092292,-1.0008772503964312,0.22668251395847433,0.05426720542327551,-1.175706475211597,1.380440881629278,3.941821575188996,1.6851381766649678,0.06034607473043436,-3.817557331199111,1.2315229745488319,-3.325015774594613,-2.0443839689042274,2.157436231559144,-2.322521038770378,-1.1568843459877365,0.988387998069211,-1.4339810051957391,0.24162119687090963,-0.7280715492467945,-1.3418467304576052,-1.207734345930961,0.1090384081247542
GLRHD0767,-2.3884757784718005,1.6535155987199648,8.399468772267632,-4.3181392653161765,-1.0379216960382984,-1.1250488370311555,-0.733458287259561,-1.624989445763168,-0.5164820291530161,-0.13749705329733852,-1.1486521161891963,-2.6834157237307084,-0.9585251902509854,-0.4666078560500512,1.2879595199340488,-1.275513619150365,0.15006788167132865,-2.1167229286297333,-2.1048107633067388,-0.3090994850388206,-0.44386139056020923,-0.3539777234961304,2.316819203557685,0.5943517681180285,-0.5840855058939406,-0.6759821427517123,1.275149825447407,0.5110739483528192,-0.6518847639467326,-0.6517979543910536,-1.0825914939694932,-1.5713458825557693,-1.288719413270836,2.188059198893616,0.2705349109240656,1.8378132209957896,1.32521491468788,-1.0306653272057384,-0.3766983595523077,-0.14774721129504353,0.9669654005205061,2.4414560956251505,1.9432730207800573,2.087075106603631,0.7327327702704997,0.18709551729420318,1.2015578746084044,0.3800299192376121,0.9719416313929942,-1.3298203023687312
GLRHD0659,16.31641196285398,-0.8053310861075827,-2.4467200979051524,0.7613005480434746,-1.426487802299317,-2.746729517447011,-1.6401942636915776,-0.5713045635706068,0.5724364914776026,-1.4747105340213775,4.364946344529403,-1.5959488245527047,-0.41952102974398237,-1.6362174646726364,-1.201675451159981,-1.6886777002170428,-0.7419796918950851,-1.1601502944317015,-0.24872866884468153,0.5924571086012624,0.5930831600203184,-0.7668402767397381,1.803997544149935,-1.771023213284053,0.010122313099498906,0.7012821866759805,-0.14742114458680955,-2.105668345904841,-1.3646993723194805,1.8195910294895281,-0.29023594029315963,2.6771533973796804,0.39502797725736793,4.26386681802746,-0.3165951797101776,1.1327418022660471,-0.4595162028163803,-1.455369796243653,-1.2896498144046709,-0.18055356250754598,-0.33657147817379235,-0.38863933942873174,3.075496179690958,4.076029474604131,0.8452082571902354,-1.5541662116065882,2.5740903196916745,-0.11443810825274324,-2.0782492399949106,0.8307132552039459
GLRGC0296,-2.564323574524417,8.359323701733228,-3.729477462524136,-1.5167473135580574,5.240474888765043,-4.812925182545806,-2.904184234023042,-1.2596693079302994,3.157974742569846,-1.0220172064507214,-1.8683672153923399,-6.028632899821013,0.2657424682022797,-1.4084460029744452,-0.15926176434648018,1.3824176331854314,2.859518317597355,0.6163370163176292,3.4035118858627698,-9.141341709188215,4.334005507969466,2.885582073801493,-1.423423736123839,-2.889290718281111,-6.231701719217399,7.0723142250360675,-0.08574074344955884,-5.760178243267365,0.5354179248337921,-0.7095178462914792,-3.115149721686161,2.902650468069465,-0.6153394217572651,-3.5326361950795535,-2.3306638458026256,-0.025127056969867598,3.4164394068338777,-0.762629795842416,-2.625990013145043,0.4778356013921112,-0.7707140775358973,-1.5531721840782073,2.7319991970173225,-1.2926303174641924,-3.9006197595192655,-1.7892767289649065,-5.862931949760927,-3.8603972505022917,0.5641078924550975,2.503035490887282
GLRHD0091,-16.08465422357592,-0.7575059293754268,1.0604467651207738,-1.1161636629135065,-2.4433840205563526,-0.03804843797758999,2.648378664740978,-3.3708636866993102,1.6935840607977601,0.3871058306547081,1.3778020283946417,1.5215360332526617,2.190948247342419,-2.540184215264174,0.8546518808996673,2.1542646704886796,-0.23172868949482683,-2.9358195256952433,-0.9113645913382774,-0.5694379910769499,-0.09474728978535422,0.9748680700334409,1.818393321411202,-2.35846118621946,-0.991328500072621,2.5774164913758444,0.749279047594756,3.5299239181240036,-0.32830570414987237,-0.8067018881486634,-0.9507942514958743,-2.3680902460401643,0.6134526504690085,1.8451093464621784,-0.05171510682871229,1.319393096121723,-3.459842568407386,0.4218300306631307,-0.8851939292012782,2.8628028447357354,-1.5140470950773037,-1.4521380257009895,0.9712553334477236,1.642593880276245,-0.8902918893059008,1.0425585467517648,1.2204269439962692,-1.2106182285125269,-1.3461405627603489,0.3908691615126792
GLRGC0197,-9.04881462744221,-3.1037927768711855,3.9168150928366665,-9.907356902169148,3.8972662412016748,-1.1992754092361215,-2.881418108852735,2.900627157993584,0.9333328013534126,-1.9929791050765324,-1.8832670116044912,1.5998771498560307,2.0735251378775006,-0.9805279992963002,-3.1684331637111978,3.336157147467623,3.9380932065143135,-8.136704305490962,-4.77107432745385,2.0763781655542934,-2.7117711491064926,-1.979570327142924,-1.226992314510685,-8.607766224130284,-2.2473054542176527,4.613862011247309,-8.882364869048136,-2.7276682798559038,3.498002404879595,0.5028596371394819,0.28516987193033466,-0.4112460918328024,-2.7932444319136818,2.464471595563962,-0.9625956255171881,-3.18917437107681,0.39053755927510236,-3.056124148317484,-6.207756266213626,-2.171759987936624,0.7195782265284136,-3.357671328994639,0.24247278950297452,-2.0082367759668127,3.5260569692417483,0.5480960580568175,0.7681816267893076,-3.1256613989823774,-2.2743514653586336,-0.20564105356307977
GLRGC0123,-19.675599545829108,-8.133963330491255,5.284692744689568,-0.960916608876426,-1.831562997974615,-2.481474113578903,-0.9100366057809502,-4.067767652642497,2.9602222148000643,3.8115770329044354,0.2157066543637939,-0.8448587971523798,0.7122125668058278,0.916541488408784,1.138118703439901,-0.16115368475657185,1.2461161768178188,-1.4777413058382831,-1.1762231443839393,1.2059298196799697,0.00418631330330042,-1.2698461546818565,3.6270883021948794,2.4322202846657883,1.4877403718217934,1.8992239419470276,0.010114459171303217,0.46499369702240256,0.6201935482975176,-0.7615428252295743,1.20377276611015,-1.447396524998421,0.2146693949836599,0.5399202656130692,-0.7456192859320872,-2.2364671201531285,-0.7740626000192282,-1.7563498107144155,0.5370244750495315,1.4682390601370434,1.6514165829870904,-0.9669836240225479,-1.2271706972873244,-0.5484867849739109,-2.539030542760731,0.2508931676671885,1.270574277647565,-1.2459827978252955,-0.5465858124527372,-0.18432122651024288
GLRGC0286,-13.694292587387178,-2.2067619509607006,0.7769702111511954,-1.7977164522976405,-0.13710022820781853,-3.946343384548913,-3.3236653883906526,-3.8655272961704195,1.2540798820899948,0.9734665296705252,-1.4756018676515212,-0.9331801775533752,-0.26601833139617886,1.073256653075668,-1.3050200626683521,-2.4351681455227325,-0.0038158459867193998,0.12780068975399825,0.06246069246127531,-0.24958823257751722,-0.2835232575174192,-0.6120952294465815,1.4790157309922913,0.4452017730470035,-0.30128368104734055,-0.04769567653685915,-0.8561733832366928,-1.270717725300683,0.36353512338337707,0.5596591066859075,1.7718421579380654,-2.205911410331436,0.13716662073472768,0.11808991902813423,0.044090329358306625,-0.4785802621525421,0.5107955052688955,-0.31454728979820973,-0.11347267793053027,-0.28716797959250323,-0.017413205321984662,0.42643736270135363,0.06176321853091355,-0.9792214313288126,0.21524619254954433,-2.900162282218875,-0.8260729081701766,0.8988071725991917,-0.05356559890822619,0.8588731793150219
GLRHD0763,-8.49896897829457,-1.9224996918539907,6.896075647127036,-0.19897079092436346,-1.2532081014929386,-0.16761009762351367,3.0439058089677626,1.189690761935368,3.1402279232996215,-1.7336667700493438,-0.45546327679152504,-0.4877440056772042,2.190058806750014,-0.9088981370845736,-1.3798437575307327,-1.4899150697162749,-0.3715101770481314,0.9192635460859147,-0.5838799362588193,-0.12262500188037005,-2.221558542326639,-1.2271797408453207,1.3353346419480578,-1.1816724076614977,0.6556713934947138,-1.951688501785401,0.4657661722177407,1.128519972155216,-1.1278940337224688,-1.7077781674731418,-1.1371585556366848,1.0978442544886362,0.5058597319209477,3.483029883915462,0.7427043745087945,1.1063458293259927,-2.1989893507690645,-3.2839632598036337,-2.2496982456280867,-0.6348419681655494,1.93729123755434,-0.9214323031322116,1.3421582279262574,0.7762935074205718,-2.6946539908096225,-2.523391349289621,-1.5959965027692864,2.856166909920495,-0.5936694251270829,1.3042378357235636
GLRHD0734,-3.145249573126669,-11.134659232950948,-1.4841701134708267,-3.328554819638301,0.5036947870229088,1.2130107305904267,3.8166970574667847,-0.35449689662926254,-2.7710229242724416,0.2341277514541416,0.08149662940941332,-1.8660318115172787,1.2553288068770965,-2.7689030055439634,0.04964472536803437,-1.3984544773363432,-0.7060289076156108,2.1792810541723417,-1.3528933004350734,-0.22336712993153435,1.1325732116438527,2.42869479385142,0.8592934678685736,-0.544778896596601,1.0217516567890699,-1.5560141257093807,-0.20615032740484873,-0.6647077696837151,-0.5714597800365259,2.5666012359769454,-1.093526984317092,-1.3895161555115267,2.880450743436197,-4.144025402749866,-0.4440506493159518,-2.241963575271548,1.6982244557203137,-0.2199157868802489,-0.5041975751229977,-2.0747271246175263,0.5415000737507194,-1.2922038809766887,-1.153120993030778,2.303016824595004,-3.31209764696584,0.4144190415496128,-0.8722709816327004,3.083210730217764,0.26378554285054706,2.224698059955615
GLRHD0621,18.394487421572165,4.467502747180581,3.0243101819813076,-1.480758122529567,1.5257792354781476,3.9805232351099002,-5.3689486613302915,-9.195965943634585,1.5986857313093954,-1.037865554360743,5.170249092071147,-4.084260629106516,2.8793188049547562,-4.6765998330945795,0.9135369744290219,-4.481392498666241,2.275747752850738,8.114947467827243,1.2653927385302863,-0.9261381719866386,-3.136974639084568,4.674297155855658,-8.627608256866534,-0.4599560726543615,6.921494523784271,0.6475945163159696,3.419784504157786,-5.3166485347182935,6.9218184103004585,-0.7227885409493436,1.6516619192392017,-2.5518533516557733,-5.733227929142313,0.9469410895159762,-1.2374177570979947,1.3501901540273145,2.799294004636707,1.3545064726960372,5.603210937481969,-1.321686468325518,-4.070345821631629,-2.4819708251140344,-1.3372851450499799,-1.7725247928770422,-0.024554356953448896,-2.4318643752564344,2.203848916795831,-2.4326843648419216,-0.24251127076946047,-4.241348280303237
GLRHD0797,14.060400630653975,-4.605317696893447,-4.337931450918034,-0.41881123993629404,-5.064703903583037,-4.015995561117673,1.8276644379946414,2.624062841712934,-0.016733101022370325,-1.416540212972658,-1.0343150516146815,0.8302241688815637,-0.036505814297165644,-0.463215240898299,0.23492641837599193,-1.4258391982830234,-1.1907489968258764,-0.8278260618592814,0.30004414973073223,-1.5409645182777696,0.7577620005451808,1.053806304757888,0.9717555535475507,-0.4855812197814159,-0.2782442398766963,1.5961179396897054,-1.5536892551282775,-0.657069575614723,-0.07379861064615052,-1.1860999386244544,-1.83622200841932,-1.8818430925739171,0.6471094042293567,0.319992491366509,0.015794259629673207,0.12386000248315737,-0.18504161011240428,-1.0290125925901292,0.04779001998728891,0.35984308695791273,0.12166169565607977,1.3147598267575114,1.8703624134276742,0.5262452623372159,1.3151776929306307,0.5960349330826145,0.11963837439007266,-1.4242828959670892,1.3552391029022242,2.9204803985652497
GLRHD0789,-1.408098069414026,-0.2691369358845014,-0.33596030479488664,4.445189941092237,10.96393199091494,-0.10751974558323678,-9.363391026671428,1.5621102123324824,-2.131186681766347,5.185276528840724,2.798112865497665,3.6123560435558306,-2.6356927285452874,-6.982765267783689,-1.2273813684137687,2.7709943210326227,-5.708948264622829,-0.7512840620299922,6.241152346992329,-1.796222100141917,10.978741155722211,1.011625609777638,8.717288230193313,1.7708420758818806,3.6361489243451546,-0.05697268088709059,-6.661879422749204,-1.4766225742714507,-2.964962356517277,2.4844948091291683,0.19384416894322196,-2.0567327353039584,-6.277366777069861,4.346178550290479,1.6656304032017732,-1.6639005703944012,-7.304311664869622,-8.174697928748031,-0.1661374254644424,5.2832503138275015,2.1151006605429945,1.7034152847085244,-1.7702853866544193,1.013931223542141,-5.002776718933494,-3.6555003603037495,2.9808485883366727,-0.6868808352171109,-2.5750547509911272,0.8689282761597311
GLRGC0376,21.659407049933712,0.22832150072474935,6.048161448448036,8.96486298557345,11.192356986980299,17.358140098352482,1.171296107260227,-5.456153251152472,14.898667080590736,-6.562689020025631,21.699975517953614,1.7044207626059065,-3.9331138874650775,11.187070797043784,-4.269073144228192,-3.1639916636441185,3.1207815607226057,-9.830242068301377,-0.8642140097445191,1.4196089263683116,-1.9389460445071047,2.5678684652188055,3.6334910478897235,-2.1496185971572546,-2.3160484023689083,-1.5811827678278938,-5.229252698500913,0.23362939715536432,1.4974028610810683,6.624029280970131,-1.819699404571847,0.3680930788420163,-1.791082952884576,-0.8630976969465848,-1.069225393836575,-0.7189037681160837,3.905970625000404,2.4172485022534964,4.365892081578657,-3.7056257795019696,1.1458167779739588,0.6207003988935353,1.5025131100340148,-2.5021392648684144,-0.8846686654770038,-2.0582493127987966,-1.2784569348512296,-0.44369026420708263,1.165137161760142,0.3037811189491171
GLRGC0377,20.669311700957607,-0.17544748466983742,-1.876181437598625,0.09469231997048305,-1.8785489232157873,-1.6828420381469427,-2.444601400070456,-2.406936158836821,-2.6107644535287196,0.2554325965194896,4.062204811911301,-2.961495365307897,-1.385996805382162,-0.94741022944798,-2.335132742481049,-0.42592547867277536,0.44604483462269917,-0.6319620456625684,2.7114574432984706,0.9057772698665686,-0.5490538710700534,2.1325774394117567,2.573103301811584,-1.9450871609353957,1.6527674983542087,-2.4647119344887503,-0.6672303413340217,-2.8681916839298434,-1.7810691095854025,-3.020526930796324,-2.719473394015976,-1.4434211918725133,2.654463391619059,-3.3453299826307465,0.505245584142702,-1.6630626716790324,-1.9254616256575758,2.969982785810335,-0.1649546218574782,0.3457126885483738,1.957036357481898,0.5316058056527928,1.6095474216538246,-1.7971596230941054,1.481865421036368,-2.720946473956839,1.937421077781505,-1.1889648717122232,-0.7024588460289553,-2.012308278715591
GLRHD0704,-32.28563654992929,11.047578429415072,-1.7510961703140056,3.509299420728514,-2.6249010521817775,4.3554044234701355,1.9501641490994814,-1.9934467403378635,7.30663065165309,1.4585159660235494,-4.7361242814424935,-3.6651383631609002,2.4745857491475642,-0.6756878564645373,2.364473732670405,2.3655381743178814,8.733289530963894,-4.856244288395574,-0.4503627696854823,2.209864552849786,2.9206972701075333,11.951810694061333,6.376474469707852,5.355351875750053,0.9240829737254989,4.114528306946211,4.466967967801226,-5.250216031003012,-1.3099409535663642,1.6457693862618883,-5.205587569442191,-2.5598579194045747,6.097924145283497,-2.663466063104331,-0.9034637061531158,0.4519224054406489,-0.9341602144491623,1.4697822020263125,2.9689779286449154,-5.223114543240651,2.5492299111399896,-1.0525431074025482,0.4925249589517761,2.9181943061925235,4.752142689218461,-0.7649032314283868,-0.7051664486111374,-1.0716798206665616,-0.38354691312157896,0.9808456145159428
GLRGC0263,-8.636940487083509,1.5412727495256944,-1.8429924968086437,-0.48603120035088343,0.8764748681305488,1.5311719551724348,-0.9685021786133455,-0.21765653609345106,-2.214234745409212,1.7100682097922966,-0.8256042308151396,0.6303396143366374,0.22597114750775021,-0.6051615373272878,-0.5013238183744843,0.26128439677622617,-0.26668787860423565,-0.6977690943499121,-0.5185681770060517,3.0412660221634433,0.014238366833863232,-2.4897839166887543,1.0420456341301485,1.3214450667828754,-2.3011978576110232,-1.4809930590156615,-0.3621139114783961,-0.44004721552762804,0.4836020252016098,-0.3207055562938958,0.0828726558822584,-0.10567772546283112,1.2208848315219702,-0.9070533665495335,0.9180409277603657,-1.3188297879353617,0.6352214256832823,0.896798815636461,-0.19874500631771846,0.6753592741882914,-0.9636016400830316,0.08514094141574578,0.19847570031476075,0.20552947161764268,-0.9389586050263308,-0.4146011424836514,0.16335382708129087,-0.24358708212193617,-1.219050399972837,0.05506090971805895
GLRGC0128,-24.997300996829303,-7.755598426637546,-2.3264830514304857,-2.1995333112085835,1.6157710541426136,-0.7273063211592563,-2.2732385512476325,-0.7328048017211615,1.649255234893142,2.5227652572358026,2.1928044002631397,-0.2875316860506849,1.1524684610239508,-0.08808024956680392,1.2699290654268758,0.9721821965658562,-2.2828165981728925,0.5195318199067095,0.2743517848604603,0.09690866730705396,3.1751353663607595,-0.10162392224211735,1.3626767238584505,0.8484085974782204,-0.8583345784029957,-0.3616311302859935,-1.0097934996723397,0.549848414342638,-0.49893741176123535,-2.646901290289247,-0.8267573329134388,2.722847932767897,-0.8063551805857706,1.4316193799998551,0.2531294551116448,0.002804926447802699,0.027626114446170552,0.23066098237248656,-1.3261897631480153,1.4261030129060508,2.1436307722044496,1.8147243439689795,-1.250160302883743,0.2632379274560017,-0.5774152482818232,-1.7472028558011135,0.4202568173772536,-2.0301901553999175,-2.0614534384297314,3.9439394241548
GLRGC0167,-27.676434580165264,-0.04204407425917115,-0.04154368847733031,-5.170855772651526,-1.6982558080424033,3.4411832071242303,1.552032196382843,-3.7447163889686275,-2.1895934753642243,2.47776361025652,0.28849368043698265,2.3482427457964725,0.04919396293266533,1.3238413922198968,0.3936374641677337,-0.7799566057179624,-1.2165129363621336,2.648833103454725,-0.03995056030298891,-0.5030631848422504,3.3273519118461174,1.7625407165284344,-1.4199445176347072,1.6561662115752933,-0.8694204479561797,-1.0465281413441208,-0.5360488845292342,1.0305262405694535,-0.8663188611859232,-0.9783170107066668,0.5957466610813006,-0.4383564180400089,1.0372109202145436,-3.061878465877374,1.000588053157424,1.7734189406325975,-1.5755788126022596,-0.9516921639974338,1.6830397162733342,-0.9742537138359181,2.070614041718381,0.050671201718896816,-0.936898791305759,0.513697435523352,0.4835568278529667,1.4894845057121562,0.9141662169463997,1.8361928108654926,-1.0011975504126436,-1.0515459606053001
GLRGC0308,-0.7236519643611142,1.4079489905632199,-1.9898186050879159,1.4921546963355172,-1.6048095605037147,1.086468029036571,-2.7005788773578945,-0.3806013866954967,-1.66988227731672,-2.040509963561489,-1.0277490108215668,-0.1503485209801631,-0.7152613337256528,-0.5043917168498013,0.48494923465949935,-0.16578391471756254,-2.070549412051738,-0.0795031513831891,-0.9577251128148727,1.7646750600951169,0.02554359195243717,-0.10630085008076481,-0.81188046336923,-0.05333339298819808,-0.3361478494916536,-0.32007998271711163,-1.4721092397452213,-0.9692914727475396,-0.07317634866744135,0.4871217577639287,-0.9445494361900787,0.8653946036682986,-0.9068412276326655,0.15594309431822817,-0.29895491979443534,0.12028845129709852,-0.09535756209367162,0.14155609475561415,-1.7431101494875227,-1.1842849659528003,0.30874520373134207,-0.27576078309767277,0.46539952468688267,1.8628175090851733,-0.4487713782692731,-0.2042665111667693,0.5638709546737922,0.4867191051581811,-0.44905700597587356,-1.016458306901703
GLRHD0725,-9.065828977715901,3.3971815835564048,-2.3300350653135316,-0.5765233981997067,-1.3804930649835916,2.8210890690584596,2.4740987445350906,3.731612325486971,-1.3923019821300953,1.844704123874029,-4.347470439693442,-3.558629713591812,0.6522775775090804,3.45157230230278,-1.5594768248690052,-6.365947185830831,-4.6553711002172244,-2.7910891747290076,6.87700034349218,9.39269916245466,-4.791662664355109,1.3630524742943355,2.124832111316218,-0.16169438644521958,-0.2415294381867715,3.6007675192043322,1.620380137042151,-3.8614205435213758,6.028569378577131,3.0532708446695103,0.9964099083112742,1.6348245028463155,2.2770521480120376,0.5691888234297411,-7.014355537489222,0.07479135503282333,1.849748397213308,-3.202745843976467,-0.8458887296257418,7.740385690583155,-1.7046111413612037,-5.969764825354625,6.320799683699987,-2.7590051030420915,-5.686425276003671,1.7324538713262516,3.8193468624172704,1.115679608234665,-1.2284308507076642,2.3817560799234934
GLRGC0111,-8.154999904503049,8.946975159067552,-7.37436929014062,1.3410645280868871,-0.5697454190301682,-2.484804303194166,1.4129498265329739,-1.0321031950137884,-1.115627838331765,0.7426431165199774,2.5135649797687316,0.08186430923137293,0.32642678060018043,-0.5372587770213385,-1.7056104257267075,2.271764751828823,1.5266122994517253,-1.3063438615293534,-1.8714112281055415,-0.03930056064482384,-0.5165756820200142,-0.028179069422774084,2.256545209796159,0.9959743307698322,2.419903936209632,-0.7460569293228361,0.8994089159922415,1.2714370553798477,-0.2623043390732484,0.35660962558897735,1.402123591689626,-1.3886194937033514,0.38862977388387154,1.211669518563621,-1.00941546314738,-2.0064099980964842,-0.8047610349745938,1.2828568972326677,1.181799222196519,1.2267679172263726,0.09191566638175228,-0.11946105346203874,-2.1513569088160285,-1.684165729703381,1.6103747192160291,0.9569302952340057,0.18264013294204948,-0.02750928877879524,0.9475677062641528,-0.795100084234476
GLRGC0243,18.097473641866337,3.0243810291667272,0.8592724610339845,6.785695733635462,1.1917143897572686,0.40577020895397903,0.9711476905766774,-1.9266169539723563,2.106724543598539,2.5477919298901885,-6.166867224667579,7.6899983893021515,-14.195077988367961,-6.44448152460082,-1.9198933740260482,6.060063405204935,9.011633381258136,-1.284187606957695,-7.499771250114638,2.980410805882596,-3.7650949113745957,-5.935851803115031,2.089017344915184,-1.3608971335138225,-1.9593602610890881,2.1337886874967307,-6.619348405157336,-1.9347025255274453,1.0597765535763226,-1.2450240136616182,-10.133713501371238,-2.428244628390311,-4.696308724384536,-4.985137528690312,-0.2378092427950978,1.6505193301831813,-2.191679809911578,1.7253426241261025,-1.7539048369455048,-0.9363602175984156,-6.010022623768821,1.7512997789283058,4.950481004376866,-2.175865212957091,-3.718751455300429,8.182134326224489,2.7805286404785616,-0.040526534250672694,3.3324633313429013,-1.3876347377965579
GLRHD0770,-14.644031895483659,-4.762854151775419,-0.6390914563949608,-0.26719172152643694,1.6705009348626116,-0.7548845550672104,-0.5312622093665609,-0.510849765445279,0.4081488662326619,1.0467865727636925,-3.02736142163942,0.30823389292369635,4.019670696206441,1.4354723419998454,-0.7031866717730184,-2.2643654528474757,0.9268709770646818,0.5777787072217101,1.542398362570844,0.2514755136705906,0.27342947377144294,0.20741722732255263,-2.0497742507554704,2.0232788342663106,0.21869868962139563,0.24690476112597845,-1.9566037153645661,2.198823450215752,0.22483946546097222,-2.656008940790249,-0.8543745291472129,1.9644823793397914,-0.013135092568793007,-1.0337703947204724,0.8801775606936393,-0.9123006414861671,-1.2913571143253502,-0.8929396019166174,0.7563252503970461,-1.1789586432115005,1.836379043777868,-1.5981651139479027,2.2674992045654325,3.3381139215949784,-1.6903839514607661,-1.1880816170400592,-2.111636354578111,-0.8670334887332822,1.830993141277571,2.127367557274665
GLRGC0359,-0.37867336454293476,3.2254006101785704,-1.7034050296102123,3.0519569732582257,2.955537709345937,1.0026336145278945,3.738494437762513,-2.1184013199833807,0.2015166725609427,2.2939823793797522,-0.8421573853293522,-1.672157179112161,1.4414758693594851,-0.6281320751299982,-1.3141872197175473,0.34238931561967895,0.37625493336415977,0.40017703327268844,1.3214098921194057,-0.9045130729699158,1.1587572874719125,1.4168723895971247,-0.3261229804486108,1.8943978753314241,-1.737532706773987,2.125530845816457,-0.8846529711863098,-1.5280773295943646,-0.037162806043272156,-2.113589604826362,1.2584426078782631,-2.8267412960408316,0.7538407625790525,-0.23911513654185995,0.5201141100792139,0.4662338521061351,1.12916274317503,-0.16676056702054198,0.45332868555614,-0.9188675837551804,2.223200903477048,2.10075548923684,-0.008289346236107827,-1.317865509833795,-0.8625174935317379,1.9409014636056408,2.2539668086728204,1.1785029425605116,-0.3159962751262398,-0.5059561832952849
GLRHD0794,22.92830264418786,-6.130216489041738,-3.059378568780544,1.114576143474497,4.917904955593341,-1.3990973733008196,1.7260532957385175,-0.559195567047893,-1.9727634874098636,0.8757750388820935,0.36304896520964025,-0.21780114526531041,1.2229225276333955,-3.6550556494640047,-2.6825435847406,0.4596523455614852,0.8895163598123353,2.3957735917056437,3.6197901164666835,1.6624868110632698,-0.5387553458621165,0.27466007657134484,3.483294576569481,1.937295363522107,0.2016452482073926,2.521740201984965,-0.33198207054347245,4.86279755080554,4.227226097611908,-2.8282024318200625,2.6722568107533538,6.177864278803983,-0.6638979990393798,-2.2841444109925453,-3.8682398007772463,-4.283793436713322,3.5950456420646355,-0.44397278454537387,-2.478015087309654,-0.8345856881347425,0.8342750040948138,0.13970001767130247,-0.11126906672514315,-0.4909794892194821,1.9115510057195104,0.27282946565136795,-0.3744718902696827,1.3044547666195356,-2.7823072456389615,0.7869737709364152
GLRGC0289,32.32627710264998,14.325552130363793,5.4855562284456365,2.9085919662493795,-0.9735671472713107,2.651195153689026,0.6053296520031654,-2.4376155511144204,-2.4495182724843723,2.2651709332314156,-0.433510388623079,0.24129619464513152,1.7212536270689767,2.4126515156245354,3.1346972875237276,2.0050867756195063,-2.461347174110097,-1.6616605293131852,2.675687881771559,-3.172443263860014,3.101287925365025,2.098917065684374,-1.5972575337049555,-2.2563156547358063,1.2686199535658977,-3.9409644079779844,0.3020196255805827,1.3685152854221676,0.0402499911948173,-2.193936875047276,1.9000616603337113,-0.039324574772514685,-1.404075972126936,-3.516809923112694,0.28197006991814083,-3.5713874344874244,-1.5397054853128262,0.13435640523174913,-2.2965752449483,2.856436973835449,2.020316263846062,-1.5538463242764184,-0.46742901655255675,-3.1249492135049866,5.846004821662293,1.0257036431718525,-4.643756134127896,-4.528311838595022,-3.7030542857138125,1.0252968978989863
GLRGC0369,1.5231977891260915,-9.454558986921056,-3.6947246947137424,-2.035342666706016,-4.998320154607955,0.1970607134618645,-0.2894107014996488,0.10878731357563463,-0.8107309826568748,-1.4430571221571298,1.1586824479625153,1.318661617491433,0.03109187705449861,2.3402668977859133,-0.20275763275539702,0.6606173483895994,-0.689338518770769,-0.2755451915178139,0.19147790488235666,-1.8385026831140843,1.7655032507166009,0.6013266178593668,0.1918124994591676,2.1158999884505336,1.9154233563795504,-2.5286391061800813,2.40576074396726,0.6028770693172242,-0.04400891342027338,-0.1622461789276418,0.17115702438514505,-0.7369491396415695,0.8860074764555065,-0.8147281906401178,-0.914203764163645,-0.45046279489423185,-1.0146427498835509,0.907364967532582,0.264630048282419,0.25672478179246205,1.595057717641307,1.2686644471553081,0.939905238743389,0.6570231625181687,1.2035786837862523,-1.793395880654193,-1.420824744626796,2.577300026151207,1.736584348033329,0.4828119674958669
GLRHD0822,-31.01001623055738,5.144686769850689,-1.2088330051495855,-1.1069900575341713,0.1547421936587842,-0.3851107113636624,5.554560137271789,0.1709064762060455,-0.2705540160275816,-0.38235363596710203,0.7755091155859956,-0.6502856983438892,0.7952313851821152,2.2870484560216733,-5.1679312422221955,-0.03707205917527046,-1.2025411901599212,0.9267512895387465,-5.438630170038795,1.2439487746217304,-2.347399317639052,3.2133852288634155,-0.11318180035203734,0.7754919943690957,1.492755237565811,-3.6961483465054763,-2.500006847549604,0.5786665753336604,1.8575274108815094,-2.0830421384775324,0.2542540679177337,-5.38065576760622,3.6664538590390676,-0.7856728290998815,-1.8877827656275514,-1.6626406443215749,0.10534062356884653,-2.9342423443980374,-0.5853104991391868,-0.20743461811064742,1.4208295296584124,-3.2603735197343884,-0.012825145986325791,-1.435429697414947,2.2217773187352714,-0.20754517576279774,2.5281577502669763,-0.8567236533856484,-0.14846496084445465,2.133961749266869
GLRGC0171,-18.334201358552683,-6.732873390529589,6.11776043202816,1.2963095954209019,-3.5119599980626215,-1.3969287471657037,2.508527796890002,-1.2461091673909896,0.7713619342790718,0.7674068838673426,-0.9886606187584976,-0.6234056415744992,1.0359812212819068,0.6951057712100374,1.071254051779208,2.3748082010272604,0.5665133763220846,0.16277275673045274,-1.2553469750519493,-0.0830110042511831,-1.6675283024466205,2.794963316997484,1.3633871425381245,-0.8875089925988902,-0.7186360904726597,-2.239470967219153,-1.6596154535372865,-3.1018141132772032,-0.9582145917657233,0.6761425966984133,1.3682521921069855,-0.9801549849777839,-2.218283644677256,-0.7313530077564044,2.6013915143506843,1.1576323263937227,1.8746329582917527,-1.0851138724354177,0.3100652242447177,4.385874540269966,-0.334300978376894,0.9814289189500643,-0.21725363171072154,-1.8103262394098456,1.2454784641028727,4.0270294934668565,0.8134344137041769,-2.2507391852452567,-3.938429345136181,3.1153931449527197
GLRGC0200,20.74786707810951,-4.762202268285552,0.8736924455832497,-0.1198387347533303,2.5071045888553374,-0.5921135746099856,-4.391105564406924,-2.112983692381777,-0.2885672659933741,-0.06417940170022637,-0.5846708382365781,-1.4124907306080725,-1.4888643841379834,-0.8253077982440776,-0.02174146666783298,-1.0519355285954604,-0.8457326615781551,-0.1762684082925887,-0.2598588527946138,0.5964431099733178,0.005741748346783069,-0.5158261073676704,-0.015922852657967414,-1.7066582721387131,-0.772321677319178,0.2529348758266938,-0.27884457885728137,1.0648153285210245,0.16673134013699692,1.4635005293415089,0.7375645136599227,-0.60177940007717,0.40160060845854345,1.1868568636522665,-0.486870111820025,0.8337519258443058,-1.0706459777226618,0.4833845520049742,0.15008417987348785,-1.025423693731637,0.6962105328012208,-0.2360991472063846,1.5284594732124417,-0.21228896518270857,-1.609635223162426,-0.9255815557217362,1.061589970044575,-0.08173130987011616,-1.7692516362856485,-1.7191500373497128
GLRHD0680,-20.805314876840345,-1.4720683737257683,-2.2160442073894537,-4.3306720639640055,-1.1416956540798064,3.804762981655612,-0.8419416287047345,0.3888740099315482,-2.11661594533229,-0.7344928869114247,2.1295527708459563,2.767191280595046,0.19571611286088395,1.2526231508218384,1.0366543939800155,-1.5961019305200095,0.07558907145654636,-1.2129385319295634,0.37758693201255333,1.606369013390153,3.021997022896408,1.0527060153853467,2.6263301672903143,-0.9359072598846219,2.1214710042462306,-1.7756879601863442,4.031895741179229,-1.2238357827997717,0.07737212637740098,-2.3140560790815736,-1.081948058219313,-0.808334351744142,-0.828900916878599,-3.7564111515792358,-0.5740905438568973,1.1941136119361802,-1.4016523695721814,0.7036071033845045,-0.7289027210565362,2.267972406185225,-2.7096449698276364,1.5533506603564589,0.9590930676597696,-2.814433412953727,-3.450759991630821,0.07709633070386902,1.2752622439531087,0.08449864471389099,-2.57293405856228,-0.1629189566694542
GLRGC0434,-14.48209595097068,0.4674703908938324,-7.566536299531058,3.3240438351329686,2.9103901011200426,-0.22885348795906535,-4.559649661135447,-0.4249909796564767,-0.33055169168481885,0.8187943415923572,-1.470664207316871,0.5850629662691379,-0.7620218037258807,0.761238270612671,0.14881024153172845,0.5448190199702957,1.9068942700317577,1.1449027206267608,-2.347724031960813,-1.2790834462270217,-2.192363581772282,2.4009597295830436,0.08742970880662897,-1.6250408229976296,-4.7626220567974435,1.3200303667291537,1.1512077751584258,1.1804781248113863,0.5253353791016317,-2.4174200680670905,1.1149195933538403,1.0362064295437352,2.5257604420249424,1.9473261480298174,-1.9718454797438907,-1.2414917862536183,-2.6751992239376565,-0.2656387170269974,2.4628006468062664,-0.24061108750272495,-1.6885855403299526,-0.6156971581912672,-0.6722494150360023,3.2762500104359398,-0.6953206550485239,3.008977940436722,-0.8802928511992055,2.599330896131988,0.8231156311846256,1.5805012582403588
GLRHD0588,3.3835350496811554,-6.011908932671119,0.8468272560691052,0.7082560004226178,0.1380742676302591,-3.0545391597057394,0.04246125782675925,-1.3472936419493293,1.4849256053511353,-4.36221823286373,0.5935539790198453,-0.1876743560701659,-1.7010798882708986,2.4810914148091716,2.49551080586122,-0.05064884989831438,-3.6208971253862385,1.8736692918733024,2.216350332187029,0.7295026076621155,-1.2758043073247811,1.6743303251985433,-1.2411681426303138,-1.2455016345449987,1.370731093330908,0.7651923658537413,-1.6704968301877352,0.3281471394715723,2.4866032204281274,0.5764811102984085,-0.001187367417708834,-1.947500894784739,0.20808482149247254,-1.5607709475076617,-1.37709248754763,1.728972505454883,-3.1334233182092266,-0.7110895885781292,-1.8127802971719074,0.8070536063528616,-0.6409660719378492,-0.4686449036038055,1.084243885118569,-2.0990821645556017,0.09130998231582965,1.6197512103996767,0.15308916222525573,2.0572944769262613,0.04444493489828384,-1.5768724811242258
GLRGC0347,23.181830353029692,-4.332548567490131,-1.851990698351436,0.8775347937243189,-2.8902903985907793,1.7765036337429736,3.2523342354868507,-1.630620106978012,-2.034701785818161,-1.908089954979456,-2.053687488249731,0.7543573173391687,-1.733226483933712,-4.597269945779391,-0.6791200707871976,-2.206483958265675,-0.8665160148503401,4.638908577425475,0.5055222878158958,3.997035665262313,-1.7045570306904592,1.3666850172833218,0.6947911854179543,1.8835490440849834,-0.5346771232014093,1.2053941501154162,0.39200814732057904,-2.667153437435328,1.6996572869187931,-2.040166884991899,-5.241715568131509,1.7456381247794666,-4.107034290139529,0.8169766194707113,-5.264317319106843,-0.06933323804959181,3.2276416633939213,1.8408293891426617,-0.8352199902780413,1.0702211317500738,4.813084592719662,-3.0518039264928425,0.6921169623931959,0.2712725927430112,-1.8852157578178073,1.3550769266848117,1.0801846373760264,1.5366159991607826,-3.3509275312738294,-2.906301639177702
GLRHD0753,-10.61865322242824,-2.6681222466195345,1.986138995565187,3.0775028877865136,3.62218244938122,-6.61970168244283,5.5022691900975795,-0.644495096784792,-2.43831087052373,1.4400138895307142,3.7148643401473347,0.8239178604808368,-0.06744609878834922,-5.992024497383538,0.3647326508993294,1.3427672043527132,0.4925164507300239,-1.423555404768254,0.7135229406770858,0.6420744748544622,0.8674996018793888,0.2449469271205191,0.024929800631720088,-2.3871288933260217,-0.6166123932867041,0.2991934729444588,2.035765962151216,1.2093413639556825,0.9329499555216186,1.3228380934652013,-0.13848806856881,-0.4289861857624695,4.273407957879817,-0.48063462676907887,1.7708318831094885,1.0053831219590332,0.50029414505465,2.6402583384983145,2.43449252358655,-1.566048585042746,-2.591331804703953,-0.513714390990986,-0.8707216056946997,0.05537484310219888,-0.6224977460645565,-0.9870643907808574,-2.4192775272756197,1.062665831298274,3.164574102898526,-1.492937976646926
GLRGC0093,7.587506688551137,4.768711351522493,-0.21233682234262377,-3.1373794894946823,3.4280707192591016,0.7985652685727922,1.804174629405562,0.04395679949626692,-0.06133049199240004,-1.1427786118250924,-1.4469857217876672,1.5506498849556194,0.511501328963382,1.5157029011405616,-0.02961454356244994,0.8212524251747022,0.5211618976413274,-0.9945778984838061,0.4814026767473458,1.426732667773485,-1.6738002784676485,1.3502464724974474,-1.23159976863113,-2.1105345553892914,-1.3652860356524783,-1.1714987897064357,2.737209179813234,2.8104422500119477,1.9035662135511904,-1.7631466947463112,0.7915092708567368,0.5757055362967893,-0.4801827679456709,-0.5594473503509,-0.12846106981616415,-0.9368315254895963,-1.5679074996474927,2.514783678892857,0.13212993469702602,0.015843914382603023,2.587708804768878,0.30670523629446306,-0.22853903278720655,1.6494568393021503,1.0164233159046934,-0.35129557219324686,-1.315988612603845,-0.3906303288081826,0.21635419956928204,0.41573055523261127
GLRGC0202,35.26270420379798,14.995331774344741,8.297516042155602,-6.065700942390522,-2.2145765699570896,6.94744931419742,1.9491293901058466,7.4292934908415225,-1.072572355457933,1.6911876297075954,1.862182634622679,2.3299256624436415,-1.1838822048236528,-1.4813861882779011,0.041278575902434,-1.917087796705382,-2.4545204727752568,0.5728895454583125,1.001328612777557,2.7822260192951265,1.804196899045219,-0.38742540718580193,0.645562329706036,3.1439143547721504,-0.8474442781445447,1.4713809248169047,0.24050523621188585,-1.3347254241645663,-0.2235662301522822,0.6345662554536352,-0.9575864094871286,0.7921723040243356,0.4851145427525485,-0.5482527958162299,-0.13766154291855018,1.3475670355142133,-2.2697886495328956,1.386894212981651,1.6895420885943218,1.0979384005266817,1.2653127242421967,2.364109624800066,-0.8427878477538451,2.9620002577315985,-0.8872671960370243,0.6697939663073396,0.7088358727519124,1.1104063037326606,-0.7406206134290803,0.04547160889812892
GLRGC0081,-14.359360836628252,-1.416873540312224,7.862656604832047,1.5618175018685512,2.3914871455032554,-0.2723084861326916,-0.6344102289824686,-2.4000604912105716,-0.4597811156550657,-0.1972654044589447,0.16583169334028217,1.5635714920635775,-0.8394184360400072,0.32871617056809777,-0.2955085399392212,-1.9876343602438005,0.7009928298239277,0.005599417529969392,-1.603382286860374,-2.8442867975181354,-1.0481826248673825,-1.959761521651266,1.994300824117053,0.43559946782637515,0.8539608958615825,-0.9022366199885534,-0.3732300712988078,2.766810492826599,-1.3720116861929252,-1.9372762566927606,-1.9263898670075847,-0.14533375550461075,1.270593008018043,-1.2005137237276715,0.14349934874807763,1.6318097288992937,3.4611556133450514,0.7554778107885521,1.738901215074125,0.988857730676313,-2.629464378637116,1.000787477549731,1.1419724651276506,2.9913435444447223,-1.8702403553079707,0.34323628514248233,-1.3248905593774438,1.477310899879354,-0.7204762420262244,-1.1769197238229214
GLRHD0366,29.30065128830171,-2.3948501171855168,7.004607528323695,1.5603987755496587,-1.5854786956195308,5.39757771772681,-4.669056930526884,-4.554562146433489,0.33317377020894146,0.38803610273700523,-0.5532109218059496,0.029933768759539403,1.1388800931670673,-3.0400588630931598,2.6543120673295975,0.7083089412061991,-1.5384561492838857,-0.8926676896148581,1.6092117435431466,1.1849627646670975,1.058832101418907,2.003799566096416,0.6304504343735458,-4.4857004428641405,-5.614430872246137,-2.458908953750443,4.7163684520798315,4.007876820985978,-2.673069590010421,-1.3475396708782295,3.742394557716858,-2.378730511390215,1.5986148936937048,-4.593817072723095,-2.2492937041927403,-1.6223986449967427,5.799450935487423,-2.186554509568538,4.3129510239759465,-1.2061440562254455,1.4325334092053048,3.010579294468926,0.23098068988204098,-0.0112120926933677,-1.7641791154400939,3.70247493834094,-5.754002267093384,-0.4635313240052864,1.2699552170334563,-5.052209724511411
GLRGC0146,0.5462155751663121,3.0554743282130357,-9.970587303658101,0.7198029735623186,3.7224315150246396,-0.8800657984301582,-0.6367619716209508,-0.9911997412091555,-0.3900512327735107,1.8539656544493104,-2.319708534198875,-1.1015713975820682,-2.6696868499843487,0.7081734361342481,1.225096363598602,1.911987962815436,0.8919598657406648,-0.91416713848666,-0.14802495499762072,-2.2612175942847257,-1.911637810711788,-1.1244063741956931,0.5858160926959529,3.325570072187702,-0.041856622336206406,-2.7139827191477734,0.2584968947229284,-0.6032715938317319,-1.3080688244127858,1.6767261537450542,-1.3187461072305282,-1.7203284653531554,1.3571881201416305,-1.0307276200750206,1.76221622838285,-1.3445271018691771,-1.4118258559888497,1.2848783488665176,0.31734762865850313,2.1545644455076203,-1.115976191384609,-2.3373624797040247,1.916486924505304,-0.11497020930493637,-1.0373170070717954,0.7165351519532575,0.021356714324638468,-0.27515319918645753,-2.105003450401909,-3.7628601687586305
GLRGC0321,2.3084863525439454,3.1078727590280657,-0.7788791012842463,-6.444762847323878,2.71084559857968,-4.373101133968687,-0.311107518397558,-0.38262754224300155,0.5294839531310795,-1.6586806129513723,-1.4920918512848231,0.825408302124978,1.5836408801293314,1.275213910081957,1.709609369215928,0.9559333218238701,-0.7123579658671586,-1.9988428837178147,-0.052916038998611054,-0.41986299092629015,1.0270766627518306,-1.544013794106013,1.2593903635717332,-2.8033523335857193,0.41160468618526524,-1.0341706638751758,-1.326717246075392,-0.7124545144481547,-0.029806880468272037,0.5844957704312318,-0.3472518536698416,1.8374045843264997,2.2062729708343363,-2.1854972894329006,0.4808964767295564,1.3706106086595409,0.4331571287714142,3.640024529698715,-1.898539365206446,2.3524180665590575,1.6701893965864258,-1.8540877598545933,-2.5466240737965258,-1.4698650818428265,0.3348042519985972,-0.019648460119670582,-1.1043186694543166,1.8847699672537808,0.8156596762327284,0.17748308969572138
GLRGC0364,-11.692226416757835,0.2663114039122819,1.3941724860887605,-5.79636068111703,0.8526007558493216,0.6571279677531942,0.8834164854016586,-0.30290872991846884,-0.715118969961718,0.5811187581186605,-0.13156882226952374,1.0280754725560848,-2.5452972489567665,-3.002848778487088,-0.07831474612898792,-1.5801652896667409,-1.417533013893592,-0.5673035365175769,1.4989260559235669,1.0806377931423905,-0.3321095401396756,0.1993112874962479,1.1758259121171668,-1.5764967572188562,-1.2422972231907377,2.51211598850875,-0.5685682711329035,-0.9410209252854767,1.6089346541089462,-1.7982154210948766,0.921469617432111,-1.7212999603824266,0.47632210983419304,0.3831767650464609,-0.17635775339691342,0.7437210523372929,0.9990755244341284,-0.8858521041019244,-0.21402201664154763,-0.3760788240902434,-1.6215205854887624,-1.0109031692651271,0.5104223965885387,0.7848625366073333,0.06979914757594785,-0.6436395702832003,-0.1421435123665338,0.4742431993099921,1.387092773577098,0.7804032055522793
GLRGC0129,30.19346227533455,18.5473193669738,9.233231417100898,-7.027770050349152,-1.6405706996213523,3.782813803053012,3.327926405630364,2.7900572966889765,0.8600045144239683,0.9283854320978986,2.3205051379041732,1.856781072290357,1.4933851755342749,0.08131150913840929,-0.6701602404609348,2.5262930573653724,0.4736609336705906,-0.6381973011590959,1.839352249001198,1.1584733729038246,1.890074569955905,-0.09255687130983378,1.0838220609191798,2.683221262140952,-0.05995962211912303,3.32154876491329,2.517954397281458,0.3083699553574625,0.9135245976685199,-2.0480250213917572,-1.460809588644097,1.0359859854541087,3.132215514858153,-0.11944602785109112,-3.3064669877857966,1.6780035016388237,-1.2555977411129426,-2.19799315304387,-1.0370535740317317,-0.3210216464853843,0.0666554554354667,2.242346372685106,1.7313793827420307,0.03015150794783914,-2.3825680469704933,-0.14981816228973452,2.786317848642658,-1.4831953515990859,-0.7714271989903726,1.3407521343708577
GLRHD0715,-3.850933310081807,-9.164990405800525,0.8054706938471404,-0.7300755867204219,3.264633142589978,-1.233938281388685,-2.092095905221649,-1.9005720450192036,2.263005346057391,0.1452258320703964,-0.6271968589098195,1.668540691120043,1.8873037986525396,-0.8987316037040542,-0.4130732502838944,2.1423248083561472,-2.5111546417129387,0.2460182930976107,0.4635817877039724,-0.9792200457159566,-1.2395318581882049,-0.21995740757274793,0.2077211592546857,0.28747395885151256,2.3962278287318126,-0.5604168386170257,0.3156494491333599,2.8324383166917997,2.507288133195785,-1.160057525916357,1.6816380398989186,2.922324233459119,-0.2590717649303287,0.9441030219450325,-0.7852824886698452,-1.1789664228649288,0.7420579914650004,1.4738924380070992,0.7858563975185622,1.624978655817033,-0.8925116289096034,0.2576653798407226,-3.3068668356025688,-0.49728735005569386,-0.8827248905779435,-0.6700980817696446,-0.6400050925680792,-1.0060819440403452,-0.3460633456577388,1.0786306133133496
GLRGC0204,12.2999372173487,-6.651915842298025,-2.1620710195588235,-6.445004062844822,5.937761720630499,-3.2332802354232917,3.938316141140678,-1.1524272643907605,0.4821463913624134,0.16076154070485862,-0.334788003419343,1.361071082053311,2.261350297927317,-2.7263146756063,0.3609581477769669,2.5359266613416294,-0.37900454492023,1.0707771859699442,0.8762819978308026,-1.22401271223297,1.9328048453893556,1.22210582062236,1.1456799780856606,0.6042547517462963,0.2293797791222089,-1.4308251830728254,0.2924580564946068,0.6128360901081116,1.4273901615014442,1.8587959514855141,-0.6875888769918399,0.5161576373493416,-0.6702931143322236,0.4387983895586329,0.30437124433020385,0.6365964912719583,1.5338544656226687,-1.1233895455877159,0.5775138244166048,-3.811707851512705,-0.1974165121334954,-2.5318692435127477,2.582895808855031,-1.7183564777586648,1.645620037785222,0.533586790616774,-3.812493162012846,1.5695506869475522,0.03637230940747757,-1.203810000649605
GLRGC0166,14.751522274978136,-3.411030890484604,-1.9555972565723878,2.9609364509410576,1.47259438735274,-0.07193516672379296,-2.2264727205091353,4.504811343969668,0.05909570598368613,4.635774039339301,2.6003985980970317,-1.7127721809444272,-0.8670118800247345,-0.5695245050915717,0.24255295766528454,0.8394735535132152,-1.3049485130278442,0.30296693150675996,-2.019458185051728,0.847397458493086,-1.263831631111295,-0.29622592492705224,0.5522700558068635,-2.172554386917829,0.458797145354793,-0.3000382879273973,0.9028711534318877,1.3869551671232012,-1.2410454160647202,-0.035876792913799825,-0.31183505792086946,0.36640814731550375,0.060383807148496574,-0.2877604996808508,-0.04747620173423617,2.5637814314313068,1.8083602445907614,-2.5867266260038204,1.2403846384572124,-2.550824780409108,1.0514645493164907,3.1281913660558267,-0.778967676892185,-0.07877976945130931,0.21836401819991993,1.6391257578527143,1.2793083990756096,2.519880574479322,2.790524193912865,2.962244583891592
GLRGC0125,-10.149206489438088,-5.44657598346328,3.035476617090614,-1.942853208446579,-0.854520825793743,-0.8998295678229479,-2.743290438725326,-1.044234153550682,0.03995689220524279,1.1770655431815458,-1.2947045029903848,-1.2729510541096654,-0.023122490966801256,2.8203036471862677,-0.1543572954663947,0.11636842005205605,0.27176128293080976,-0.025295989592950985,0.6504979440048242,-1.6431145082435965,-1.3125172218348389,-0.42332260988076564,0.18544646694367495,-0.17340732903258457,1.4105556518975133,0.6337761080828472,-0.14946697908941245,-0.5346412625411813,-0.655138809763506,-0.592399777562801,0.6404475604445699,-0.6798792849450004,-0.05829253322135874,0.5075528166684847,0.4929123291698533,-1.0823149489801724,-1.5249301458845974,-0.023917633747380658,1.1364052206446074,-0.2374348573199722,1.9089058869008368,0.47101426427906334,-0.383240837792122,-0.40932987925880765,-1.3598058692923891,-0.7144094935179346,0.07905112030197457,-0.9448780087498571,-0.19130127624362495,-0.09667947789955957
GLRHD0092,11.293325215042351,-5.406727876494971,-0.35737967879301147,1.055083496472384,-2.5031643203929743,-3.048961253285765,1.8344630959163593,-1.8524592157152504,-0.30408699764063407,2.5961272767727084,5.294970247501037,0.17671312972569056,1.8998414285302232,-1.866429726741904,3.4824686273537435,2.549352730055171,-1.0864653877566477,3.1930654747567204,-1.6464497340028863,-2.7288140514880506,-5.058268898407681,2.758939517580806,-0.5958564652702315,1.019298001995021,-0.8878124230472184,-1.301758281738998,-1.385140116024231,0.20641692752338212,-0.393970668424762,-2.490071665111716,0.697439600598584,-5.6386375150988695,-2.256221231240796,-1.3201380093870423,5.533165969854917,-2.2564219830792176,-1.5242693654753525,4.396667396033042,-1.4229009996156927,1.6035604538130672,-1.2458250359807308,0.7232930049552071,3.547680603122901,3.914223980833549,3.029244109026314,-0.43103148242450795,-0.7550928540199342,3.665095248440093,-3.8662437047477303,-3.3599788464549496
GLRGC0242,0.027042114885466303,4.700508700663607,4.966500123367124,-3.5024606109149548,-0.6180445433039337,3.214103930718689,-1.3700749687420917,-2.071108200627875,0.4606729918017051,-3.2832142914096916,-0.7891546535515549,-2.0725828739304024,-2.868260115710416,-1.847384311113104,-0.36652721781337183,-0.8247668606993768,-1.837555749793817,0.9608553217833679,1.4746492309002481,-0.7146563798496138,0.8398968489936931,2.737447379900237,-2.1144547992166904,-3.3939895218509113,-0.5228842446188785,-1.2857863179213045,1.0375742923990052,2.5039217616314593,-0.9036300396122985,1.3317909104339567,-1.4344253871366732,0.7881738940164578,1.6618532228462999,1.9514715420536553,-0.47521746173978996,2.5741006000073297,-1.1102973591922318,0.18469273128496336,1.256776729322944,0.44869746462809346,-2.025611413105654,-1.5795388765389151,-1.0977832456695604,1.2951884032974201,-1.6119672192078713,-1.7372311864620318,0.07747605528321672,2.1173624534833966,-0.9978141672074818,2.3704604422402116
GLRGC0270,-0.5863186840144594,5.825810938676457,-3.4530799128708844,0.32071992817858275,1.1029876530687868,0.24129432447062626,-1.9772199305956148,2.763746970340019,-0.261691666355491,0.21266602609608493,-0.5957898155483985,0.03601045455153053,0.30799843952222367,-0.4136080329344589,-2.0161695109053692,0.2993748352857172,1.0629174471232505,1.323529562092019,0.3172943991261486,-1.1187288517267742,1.5462540138234506,2.025746272632224,-0.22042781307697482,-2.496747646127679,2.0504029830386887,0.1612331582302855,0.14124470456769073,-0.956849023256877,1.031460076923086,-0.12035463484368117,0.05468575613935616,-1.0721253319798065,-1.1660522091241032,-0.36314075717902944,1.4712214435439475,0.1385776283464647,-0.3510074994032629,0.7463209125812827,1.0405884014443223,-1.0802303636728918,0.6303622509623764,2.245085571096071,-0.11700195547678413,-0.3519026410418887,-0.5602901020361977,-0.28261441952600586,0.8535720790130672,-0.5784512360939708,0.6558360229797274,0.5018158267332251
GLRHD0711,14.054244819539921,4.041226409959446,1.592365509303407,4.222950516310076,-1.4190202391801474,0.8996855123608882,5.232654642371391,1.3685574643882483,0.3771436504232818,-0.19053028396431368,1.0003089471867554,2.6080724674289844,0.7286446668821575,1.4293901204810422,-2.80624171887629,4.474410756248486,-1.8811935704873273,1.12607872680406,-0.28551052482572725,4.08116519305911,-4.036266405275383,0.5481411834121873,-2.078190320519076,1.9976745195588643,3.574122258022444,-4.529376870036139,-0.584812085367282,1.2308975823272432,1.696856073695411,3.054412559624478,-1.4800516391715908,4.402747295534709,0.16591877746045558,-0.5564733465178022,-1.0444858195301912,-2.9620871020711372,3.2804707411531835,-0.4473872042248709,-0.9903311711385904,-2.757358700642827,1.36636050784593,-2.3360495055068196,-2.803566718520912,-2.4318350065415477,-1.8762421498802708,-2.7316638491946845,1.6396727541130887,-5.573245669745761,0.4180688375217954,-2.3513610798402262
GLRHD0743,6.128378843361559,-2.442278088326445,-1.5806685305387345,3.4275508948641393,-2.7245189080761096,2.1407396338716023,3.8074312396542385,0.15061895095560102,-0.71570768090325,-2.5323852191358722,1.9966859095304925,1.1900454147302688,-0.18807422060304504,1.4935610163604018,0.7143780526338517,-1.0497527884586055,-2.7693290460732167,-1.4088942169902214,-0.749102730636168,0.6439520081234646,1.6579195781819653,-0.8236164095041919,-0.2481774176495801,-1.8448220914377014,4.708300608745891,1.248350999996701,-4.230770497928245,0.8129764045635802,2.274715265866139,-1.2045995703046897,-2.978010208228602,1.3878570515761761,1.2270492305889673,0.021131180258911256,-0.20069096675471715,1.2485312919157225,0.3564954232623562,1.5421386826014034,2.301152418631779,3.5544435721184744,1.7150247229354414,-1.734545265108113,2.065656363282674,-3.6810565983403944,-0.14568117285867055,1.3962291767041444,-1.6708839110794091,-4.924594520950624,2.4796968765836924,1.8464225182613154
GLRGC0230,-4.692336888510154,-3.8558556532024184,-1.185619906105245,-1.5683814032247425,-1.2256747749584775,1.763659873526578,0.10791519181331116,-0.3362929284813102,2.000846710414323,2.0090032647873013,-2.8564845388054994,-2.074729469128855,-0.3364417491139552,0.8846602286987166,-0.7869344488935387,0.2616235530097282,1.152079788668782,0.9960074315242947,-0.22803334052595436,0.3189245694483321,-0.03586564747944671,0.5421465980423633,0.535839881385072,1.902939114020268,-0.4525305367119018,0.3976216655025677,1.7050113912588964,0.2876510883230341,0.3808332605182472,-1.4437291008646487,0.018483881973158787,1.028120126219512,-0.2660371177568675,1.1543904184801437,-0.01961839332530966,-1.574603361579465,0.0919108264493202,-0.7080815168915525,0.05116960031159349,-0.27025907000837895,-0.27240013981430905,0.9602860895467259,-0.6237196281829528,-0.22341822528917185,-1.5984103661178433,1.307333292383177,0.6432019628200316,-0.8958863837730661,-0.6543837877495405,0.045688178828633096
GLRGC0183,-6.801864484878119,-7.2674421067925845,-6.217984233243426,-4.2935422171976985,1.2968342955707615,0.04245607073869871,1.609703019672151,-0.04817115074101278,-2.700025824842214,-0.930249780659789,2.141839603390247,1.0744754975446948,-2.0889626666957626,0.3691247665477654,-1.0612359354756302,-4.746698865561651,-1.4855931486414033,2.8059508761270147,2.640695767939233,0.6100540664394358,-0.6995507143883056,0.6095949912941826,0.6361019192773038,-3.219919722090893,2.1656928439714167,1.8193626554819862,1.7596692745678446,-0.3464182092781441,1.9540882559697008,0.29496568331995826,0.20916793897608246,-2.149086736944922,-0.17906849664865426,0.6294025406735823,-1.0581477057440174,0.8831695257211398,-1.676994171168769,3.3132031757750466,0.3703115387969865,-3.1361121561588385,0.15113754487447473,-1.2573693579981993,0.7814001126069211,-4.465272725335627,1.1044698865955553,5.265471023338909,1.7876282552617189,-2.565071043789905,-1.3150523939661627,5.431774630289133
GLRHD0637,-7.545752975834504,-7.8853158584067,5.7632768150923654,-2.207020071351513,-3.9284812100347337,3.3576908574040134,-2.162635395543977,0.10568566523508127,1.9445178494756827,4.067375875616451,-0.15627878778700666,0.055658724509245215,-1.0804523886374222,1.1868342259537825,-2.237369203915553,0.4777403671919163,0.042704519164006076,-0.2227522518944368,-0.9609344874399642,1.248036972743309,0.8022657925745034,0.6555099892687534,0.5120686874440189,0.0984108338847981,1.4328068599185282,-0.9189518715834146,0.025161526221292505,0.7091633348485198,-1.7969938913473027,-0.800084394760953,0.035045045144951804,1.061044477734298,-0.43600759692025665,0.3470821195972911,-1.3396076996570248,-1.0189745288116774,0.8602665956459714,-0.30903652488270195,-0.9266723461744449,0.061182651794452245,-0.4519704304462285,1.5989688109576963,-1.2741588331936653,-0.6471205547949694,-1.575466040888434,0.5435532416458141,0.5835365440417025,-0.17549455628179064,-1.4624642408909394,0.23357093471604115
GLRGC0205,-21.50922981483804,-10.468583154311133,-4.707742500375784,-5.569038325105759,2.1480118923372316,3.2900010724052615,2.506249180512725,2.0384563305585,-0.2435512714117658,-1.4280859150585166,2.166440593463521,1.2622160102341662,-1.3911391781902909,0.3086002373509758,2.089920178179237,1.823308205457842,-1.436146068519433,-1.5393389568419604,-3.3588928399657156,2.093065779262446,1.8006766269256045,-1.6269673122041748,-0.7501017319356343,-0.07481589354491733,-0.7470850410045651,1.3542123235322048,0.3920102834285047,-1.0365291926624958,-0.03901746012403756,-1.7795453050321877,-0.6739651742509604,-0.16285776140849484,-2.436210363895759,0.35023233662425163,-1.5257390186404154,0.8991564859395227,-1.4890228107520218,-1.4010220433062552,0.20972952981809267,-0.23561978597478414,0.986901693342582,1.8087031188191183,0.09169879545454425,-3.2275422415140134,0.2149089127358646,2.5759010599765477,-2.0064674120528965,1.98861085690376,-1.5969448264730628,-0.9374736310658401
GLRGC0241,5.674831207288764,-4.885694007038114,-3.4230253455921975,2.3066675685337907,3.2339817520582,-7.553541411310995,-5.835635745689883,0.6260697918239254,-4.661097415526829,1.5609536334160263,4.026281889476619,-0.5280512217744311,-4.062052291115284,-4.508221322670627,-2.149053042631369,3.5337472482135146,2.4072883199838975,-4.746672457741303,1.2381297175296568,3.8346544393483426,6.828834830251437,6.724133418842828,-1.024639077007679,-6.068585700982623,-1.8377414012645663,-1.5467480799621889,-0.25293347298128027,2.180797007557118,3.9871284585800946,-2.5982236915849892,1.3082693204979736,-2.1175240774852635,3.266444521074756,2.255398763105337,-4.300508746351588,5.010115856529427,-3.819874375228688,0.11666730528414503,-0.19020087901240892,-2.801513283483781,2.163834973798607,-2.7788562687634095,5.601103947543023,-1.0391951314686205,2.355514548220917,-1.513990015956263,0.5132717513398517,2.774981573718769,0.02765378323744799,-1.4559817613063122
GLRHD0667,3.6313139753490553,1.1707494116946895,-1.0934233770587725,1.5582049006805425,-2.2767412862912866,-3.2625049037670744,-4.9096262360460345,-1.0396616894080022,-1.9942506031576959,-0.03984766770271614,-1.2328246214748722,1.0898496889777285,2.603742200326033,3.424328663817674,-1.0541628738863082,0.6843782377087176,0.7746098994687236,-1.7196946648409104,-0.22626929653743225,2.0733446680895686,0.8555379711477681,2.201787315311395,-0.06486206815985432,0.15024684633700253,-4.664556720675885,-0.7845157626606167,2.4055333307037574,-2.3450353909283934,1.3486901086217908,-1.660475686665192,2.0295299241751263,0.41229096594275644,0.19091241450953664,-0.575251192364854,1.3817294607851933,0.7995373813430031,0.08886978805870045,-1.10507420459555,-4.771625004873023,-1.5797513077883354,-0.22584753977705635,-1.5680610678062659,-0.8248490346516548,1.562931052584908,-2.9693236803696847,0.2154165431567121,1.5418735444989098,-2.0992654554199364,1.161941313929015,1.7591294206168886
GLRHD0645,-25.286060988543618,-1.4811221305563211,8.595740092704348,4.121102175545471,1.5862189872113397,0.6341431545903045,-0.07990530335179152,0.86583662713896,-2.2075747000163553,-4.960343135274797,-1.6935474006447324,0.9539898543781138,-0.8017707182168073,-0.5763970814631761,0.6073416505346464,0.42803765771756597,-1.312528925989283,2.179060401363397,-0.3772320968071446,-2.1448519171133853,-2.2172940820408193,-0.9055104766365369,-1.4214862674287436,-0.795338309745892,-1.4523229230469197,-0.7230619632146938,-0.441240128074614,-0.020345593289064105,0.0964859497054991,-0.6475438337342627,-0.854973782654898,-1.4117894261744741,-0.9606490812417976,1.306000738911368,-0.6659194398112481,0.48478094036001873,-2.277000217061882,-1.3418761486273134,-0.7647720565238676,-0.7206044300686051,0.39667155360977224,1.3082515609805385,0.1521569684956231,0.46977367378978907,0.11939731349217259,-0.9523024321380313,0.00492067492347136,-0.47265356820581667,1.905660120468057,-1.2399919443345035
GLRHD0647,19.11195371835629,3.9511897553954447,-0.5554246158184315,-2.598419547204976,-3.0466471100541272,1.5026576024740883,-0.5635987593856928,-6.649403046738462,1.5708118064953878,-3.229763854931679,-2.0119779400497273,1.8414748143785447,-0.7580441079855722,-0.637393747172259,3.2621305709959456,-2.861321781067927,-1.3964456132258432,2.165783195311872,2.5507620328402862,-1.0316161697122919,0.12514928305570017,1.7143684264028727,0.029417510477691096,-2.1854010122724987,-1.0163330774273474,-1.733109596673221,-0.09678233780092757,-2.44982167610308,-1.8603221090529334,0.747629577362198,-1.16872557913939,-2.0567951603154886,2.9050016138915162,1.67320724923042,-0.29940343716772283,-0.5109727693853325,-1.1890253767364392,0.8509881448511567,1.1676776082025926,2.567864803052199,-3.7170797229760066,0.792076542199333,-1.030034259287525,1.4211113458896998,-0.7321819618145002,-3.4121938902036497,0.7689580925611315,0.2730272323232242,-0.9420066184573369,-0.8011720338497089
GLRHD0729,2.4130435028505204,4.14340963738967,5.14267429099909,-2.391294650321184,-3.4655012365246276,-1.2318888974942286,-3.752606775235908,1.6736455954601088,1.4878482880364958,4.371180886986237,-0.542077047960167,0.4092063175907132,2.665957070891155,2.683700677858073,-0.8058096593862505,1.914482890616974,-3.4623251314472925,0.6841248922464512,-2.0413075484022127,0.7463654260731942,-0.04016837496212388,-1.2556693745314185,2.522008045679498,-3.179733830906926,-0.6841680382871719,1.0255187845105525,1.1397993841352818,0.4744934773761385,1.9726783273805726,3.5096815359487814,2.188321292224461,-1.8022612009334986,-3.545287435841567,-2.5633509670518504,-1.6360781971700564,-1.763235645592282,-0.4715972315828356,0.8719455008721049,-2.7351778006500727,-0.03693831220636588,-1.4954875989388123,-0.43744938575284315,1.1022838105232617,-0.781377403391339,2.0904738896988104,1.1743481292725153,-0.6050123661891064,-3.2910837805368915,-2.1834542482507566,0.8626753889039153
GLRGC0252,-18.64423783594024,-0.07911765146323302,2.411898088427603,-0.6560049807115185,-1.2042056589051449,0.7535411080555123,0.8186308778611999,0.2942509334463572,-1.397290646161175,-1.5984289887189163,0.08907113838045314,-0.18783080508112035,-2.9359567069694807,-2.1752843006175704,1.4505681242090522,-2.442267622116675,0.09894607992125667,0.5781634004107479,1.9994966095419615,1.1384214698270305,1.0209284383891024,-0.1936140223602711,-1.4002843453605407,-1.4545502996287336,1.192496211536668,0.8063204915613936,1.4996700283826956,0.18405243266075164,-2.7549572720565796,1.1672979842925506,-0.45787446249055475,-0.46699406076078803,-2.219581602672845,-0.9795863841118039,-0.2257493156563099,0.7103710233900173,-0.519164373912842,1.3200762849995225,-0.5618437704892875,0.8290001507785709,0.04176948197560481,-0.7055019790565282,0.025013619608116752,0.9692205015284239,0.28469062934942324,0.9502029032669006,-3.823896413314209,-1.740038804622124,1.008120711665183,-0.7475477849710725
GLRHD0801,-6.433577332534974,-3.256983559071855,-1.4530260057611326,4.889516754866891,-1.19264800614789,-4.700851919878586,-1.9547864270776372,3.709404276741239,-1.2110785612887525,-1.063818314337581,3.5360366838568873,2.1983299463703494,-1.1735618030947756,0.5658485542794387,0.09108683120260319,0.9948218834840877,0.4083215564101951,-1.779425780809701,-1.198123834354801,-3.519454558567727,-0.4729005109764824,-0.3298303381541429,-1.1150731674651537,-1.0943559866341002,3.8438063078235487,-1.7304483193362556,0.3351911833465372,-0.03592004237821766,-0.3707425406457558,1.8809682208955796,0.09923095744163536,0.3018175117766276,-2.958798263194503,-1.1593053900740506,1.1512166636879593,-0.5722651833932938,-0.6709325870655738,1.0957824865184738,1.2983441774938953,0.49023165309352507,-0.29679797984791645,0.7078287538520851,-0.678366281745862,-0.4574721746046879,0.2934884486619524,-0.738923236783198,2.553583901061145,-0.05185982609428761,-0.7658294905660957,-0.9405429365229111
GLRGC0318,4.805800648459104,-5.070617005880022,2.0447665834112723,5.229908372884661,-7.059816602632138,3.6503421588820326,-2.771063678049128,0.48666478223791343,-0.28329327449764236,2.140121091603602,0.18747463971895664,1.970127373642538,1.9503440353415513,0.6634928575820411,-0.2334451905751137,0.08717208592262571,-1.7830980208956433,-1.0817395880319867,-1.9246364192739776,1.818716223196509,1.5811619797378427,-0.4573666866875555,-1.0071431614767838,-2.4221850292362808,0.3586440864195793,0.4406848531400161,-0.6638108414163841,-0.19612148506049998,-1.8698435895376988,0.38897902029511755,0.08659921060027989,0.20017110697033275,0.526270872299545,0.48944678756874627,1.486534366667994,-1.5917392486195086,0.06613272474778507,0.7967741566062507,-2.650246110396043,-0.10561682653153447,0.5468860680707969,0.7951113995661885,0.8393710360148734,-0.3597488746622646,-0.12060852957493991,0.9371126755389182,-1.4843337165147683,-2.0959054179875736,0.01965435556304479,1.0425241487276078
GLRHD0740,0.6575225275872209,-2.845343843714765,4.770063644324309,6.6989303942133205,1.6980583829674087,7.658493198083733,-1.2633801434039422,0.02622005891119444,-14.111314044391115,1.4947059778370355,-9.136518449338912,7.552128047969047,10.278609526200546,-3.2301754128939177,8.36534597866291,-4.776021226081395,2.8428253295774297,-11.15483958145289,7.262909809276513,-3.0720298534529986,-6.178283658764039,-3.590422147395628,7.211006219905522,-4.932117269184378,1.1499508293253737,2.1060618798827093,-8.076026291640243,-2.5906629753071386,-1.4436905552750134,-1.02720438753645,1.156972262985971,-0.9030685360390366,3.4994937072757137,-1.72855927696713,4.312194410720532,2.5657727784770326,6.287806361239152,0.7400409054200461,2.975177480605256,-3.388758053042558,-1.4489044837338318,-1.1715943727213807,1.8812027408168535,-3.212198666664313,0.7128378633275392,-6.098270955815458,1.112957578545936,-3.009859359292122,0.7893797283999332,-0.7621002690439652
GLRHD0618,29.098334226404813,-9.425646993593865,-1.8587805362051975,7.622806060526212,5.816265990510368,5.140240466815529,-4.332051015772992,0.9498975543558295,-3.696074080924027,-0.6596139235881427,1.9116876061664472,-3.338324524370852,2.5526451524719147,-3.248081044478386,-2.158982927840689,-3.1307810600805985,-0.6523300457001454,1.483100783249206,-3.077212734320407,-5.186377518838226,-0.8709700982444286,0.11781348211284885,5.822104981665179,3.574010894574102,2.1728196956835357,-1.1340856336686653,2.530806222522232,-0.7142194710177541,1.8036037371782603,-2.852935114981986,-2.0679605407605526,2.286612655117582,4.509474896221999,0.03400198924835356,1.3263077590698154,-1.3065661820462706,0.23773533367616473,-0.2825531170475441,-0.38130353469895956,-3.975852577007188,-2.396207680027832,-0.1926787488615625,-1.6340060918655672,0.7874847899143059,3.9922080974815657,1.2984044715286522,2.607839000107245,2.974330422032712,-1.4915774338650094,4.392428332441599
GLRHD0640,1.5288366245034497,3.2913850326723266,0.6827504359538855,0.40224581574386287,0.402179254881116,4.451909705022501,0.5926824118643967,0.5263332526382531,1.0233138977156808,1.0164122830292617,-0.5638391953642768,-1.2641182647394527,-0.24163857224858726,-2.5430504526645743,2.704437418202698,2.0011940840954066,-2.2094667646210255,1.2677498903067774,-0.99432755703378,-3.200900186550494,2.754151878070591,1.0312884472858648,0.3750640027524502,-1.8548163545484542,-2.9877324207313367,1.7069270340691356,0.23147773140771538,-0.20221762237452273,2.6912888691460086,-0.9756931561790522,1.1270695289751518,2.0353992955750946,-0.8261947618068866,-2.8778709520389323,-2.28360803930298,1.0538280805406741,1.9698827796150342,-0.14303297096844855,-1.9952144232218259,0.5179227322632888,-0.6954614734521046,0.37488314079567836,-0.6546263655138616,-1.5571912502781942,-0.8279489307480707,3.267098890100531,1.06195513284911,0.5349035569403999,0.25391520648808785,-0.17613474181311473
GLRGC0276,-5.906690004227084,-2.6446598739775276,0.8339560789842737,2.0288585467757803,-1.4790497812651195,-0.7265332535121064,-1.9758495149142845,-0.127120403717508,1.042223244818736,0.939024270176224,-2.2834892416657437,-0.18486806393644914,0.6540461715375615,1.0451632313699466,-0.866855654228585,0.026209920141650273,0.15833703832042798,-0.24344093806340528,0.3751436831565902,0.008044319679420972,0.03542626330666452,0.24480705520308113,2.3275472070007552,-0.05298020571029444,-0.010501421680616633,-1.002098192785631,0.28064483570121773,0.8068544048343177,-0.9998640636055358,0.6437148706953888,-0.9768180020008843,1.6481554409786958,2.0258151640486,0.9961991377987881,1.07542096286871,0.8766511619792196,-0.722157704843589,-1.6312107269985516,0.7110826824892242,-0.9423508440664082,-0.7103066495963408,0.10871220072999453,-0.24410189379188002,0.7027267686448379,0.5507040947094121,-0.4142170929133411,-1.340282344873077,0.00763300938765014,1.43294874424528,0.16185559917332115
GLRGC0221,6.700483724501627,-0.25279005765387413,3.546140267929003,-2.278899614192042,-1.2829400279327392,0.8591363603556963,0.08659894442045271,-2.6038426340593848,1.0379259435300767,0.5726081777906848,-1.4345747013049241,0.3053882321134722,-0.38827409244773614,1.0669125382570996,0.6729820376235758,-0.8686646780603096,-0.8999009279712156,-0.4043586010781564,0.24596302435470718,1.3473420002064236,-0.8318412949659566,-0.39652310243872174,-0.9225701863190805,-1.9173776254354928,-1.431828206018889,1.8706378328727855,0.5869018247306637,0.05797905903390085,0.3584163502738692,0.8399841753089337,-0.23528370866272807,-0.37882691716697386,0.5632930149042684,0.2942129099680904,0.0068009861663391215,-0.9587512255498307,-1.0360477955813023,0.029918409875015928,0.6739044817310298,0.5226221143506444,-0.8804110228902956,0.205049655728036,-0.583367656094945,-0.5227041679825137,0.3037270495396447,0.5946730958892115,0.5444132958535394,1.0491233934425463,0.38175443671989506,-1.7409109973938408
GLRHD0714,-5.236327413094939,3.937625345958612,3.819888741930063,-0.4348878325023579,-0.9561972610181675,2.426222764286576,4.326669290758065,1.7451908416644468,0.35568034504382423,-3.592230553731374,-0.3782363263339307,-1.6698079998831215,1.5583324697109946,-1.2072902957651677,-1.694440055008882,-1.9485374819560248,1.1523555919157427,-3.664377791684317,-0.7295644790879334,-5.386386939494653,-0.39786941237196044,0.6874196587106424,-1.2599646967459643,-0.06726021205118744,-1.0853555190571693,-0.3487549530164991,0.2690618019837375,-1.0477547945326458,-0.22741468101072934,-1.0100143793638277,-0.8857276721531318,1.9642029334118778,-1.0652647779854771,0.2861944430040458,1.572579232471824,0.8661844681379878,0.1468001473307069,-0.7829056360527353,-2.6748668114417793,-1.9838496615198526,-1.2513036255391852,-0.16966092266358884,-1.4034924193042442,1.9683747882236675,0.21529674397753956,-0.09355757536548791,1.9537976278168925,0.6884547402456893,-1.0565880722621148,1.0126113378286061
GLRHD0691,-4.192483611762285,-4.301561831792719,1.5021847872001668,5.6968660084642195,6.7207172687278565,0.9596869297152848,4.445649034208621,-2.913113933127138,-0.9690408588196884,3.3185731738570445,-1.9190613633569973,-2.2979570223729215,1.8417936036354536,-1.6970246277849808,-1.460784402673387,-1.3277872991466368,-5.282588283773319,-4.553155725832983,0.5561194095799775,1.4568724800113755,3.6544054156758996,-0.11310965230491803,0.45407519260474594,1.5367622909083418,0.8329756570756495,-0.8801158458883006,1.3381583721391093,0.04722897026316097,-1.809030949167359,4.2893011626944615,-2.412279650598703,-1.1422577608320643,2.9277896957264473,2.316872214028876,-3.417324083112422,7.214489997101274,3.782608506907712,4.163582073439149,-3.3523063569604634,0.6670005723010969,-7.363794160482423,-0.364924013537835,-4.703260304208047,3.1822886723354493,7.278683625319733,3.6808422864578096,1.2179181411880289,-0.3251372640140383,2.427843394604094,-2.9752330121460746
GLRHD0613,-0.48256060717612415,-6.713275865661215,-3.1339956689247477,-0.9484893597812631,-5.076024526314743,0.848145032071217,2.746936407154314,1.4270065879196236,1.2891316365815306,1.1694516033161184,-0.7532142761472316,-2.074090927389275,-0.18220650469010397,0.20108980953154368,0.965765719589406,-0.3709786313266685,-0.3448592122683925,-0.6870842144903695,-3.307281720778605,-1.0160834866554163,1.0957057312103802,-0.19944219696735088,-1.630891878721132,-0.1700165743003912,-1.080063038931118,0.16661344785748822,-0.5218805143220431,0.9306761231652714,-0.27901386784708926,-1.3066567666521283,1.465903160087402,1.9507586633784348,-3.226546039882838,-0.31908461114642367,0.6062336557950041,-1.236441695043246,0.5537754872295503,-0.6593438066407308,-0.9819123820283918,-1.112043924388755,-0.5529051627978256,-4.278306044355498,-2.4530088735413504,-2.5310934158782383,-0.6147976932985734,2.115166397694817,-0.026009981787067378,-4.1554276732878135,-1.5145893680402962,0.42663044016081014
GLRGC0156,-9.946270025012105,1.2170149146461902,-3.6254751944129784,2.546409039587166,-1.8573029164652202,-2.241486103820805,-1.210598362912869,-1.9802415189394524,-0.5664952963416997,-0.5963163511980754,1.7996829801804453,-0.8468280050142254,-2.2116160614895306,-0.1152993884533073,2.314838942783986,-0.37349726037713504,0.019264716702601038,-0.6044354165338037,0.6252760103975101,1.350324905592335,1.278150000640277,-0.8579576197222759,0.17282983608427446,-1.2244766815033,0.5741876314847133,-0.35850261206845047,0.03662059448058375,0.27033980156964393,-1.0051432812305159,0.861611291683771,0.3640210929676992,0.19463093227044603,-0.3329703318948118,-0.029916257008464113,2.1249247155930635,-0.1940866476459372,-1.268194463864663,-0.35762814036193347,2.1489333714274874,0.5573496518250575,-0.6080563423346544,-2.2056710193125175,-0.1061945803220339,0.3782408508673575,0.1319860424351095,0.6036848887140241,-0.2026258558721968,-0.2969011189740671,-0.8166370056572446,1.1479699331084507
GLRHD0777,-3.406695536485232,-2.6694198676988647,-7.382293623635604,-0.26127747561635156,1.037179485841304,-0.9174640102548174,0.9690679355799161,-3.15725679192057,-0.7124350586241611,1.2417567093433584,1.8469576897210944,-1.5261278222520993,0.2107066127543917,0.07566832929317104,0.2575510044865412,-0.7615654574945003,1.0583816555715515,0.054165458552057136,-0.7880310358303131,-1.5862814277430413,1.3161308529795837,-0.23872467355459548,1.6253255443512404,-0.5519129995154262,-1.1234517595689983,0.9717075231680852,1.4098640653114098,-1.1106715175527284,-2.18135285505963,0.8837572511399371,0.5915264793346431,-1.6203617629867861,-1.0965844226230048,0.28901299007345993,1.1484400614824293,-3.7521224463030225,0.5266139441532619,-0.1504288791021808,0.3946281146664127,1.8558168381447946,-0.13373938778467484,0.9361614960015155,0.2989744802338056,0.029746814509267396,0.12195605503927273,-0.9088105589206126,0.18888708161365764,1.1916227012779597,0.014050238460754722,1.1587294907559351
GLRGC0380,-3.59011651547656,-3.6031458722894203,-2.5902762221676103,-2.126056384999123,0.7824947624679147,3.1566591410652967,0.8693228098126821,1.4730539776482474,0.38242556298351676,-2.5242669177298116,0.23942245949564445,2.5855966132671706,1.5367125142296922,2.5774543607357865,-1.2395281082535137,2.5632264562679876,5.38379954630731,-0.8217999468746124,-1.9203275305734901,-3.548675802855684,-0.17311814989637786,-1.5048816375994871,-2.3624169586373487,-4.486314153209371,1.1730571649065056,0.37107553440564855,0.8469237675035838,0.13925344083322305,-3.1061490764190154,-3.334964297949809,1.9949228397194287,-0.06654827569574738,-0.5811292854170984,-0.34296593410429854,-0.6921355956086009,0.8550003648709577,2.6484011030100216,1.185665025159565,-0.9875098535496605,0.4723626945419038,-2.3839152656721874,1.398176380868444,-4.975887377086293,0.7850902707529913,-3.9965138589762774,-2.606113207275474,3.173745590599237,1.6943561782527918,-1.0128108302048637,3.139064691084378
GLRGC0196,-6.5001952301703545,1.7281513049705284,-4.838327294493961,-0.8303129302381181,0.3814700247526365,1.9099784004185338,-0.35008485696059455,0.9676874257615737,1.3530603216078647,0.9194213659674173,-2.0257107030008936,-0.5590548844896908,-0.7834385859487721,1.7643717059297919,0.5352461844755914,0.877780369219137,-0.8465040911684579,-0.12814874836645265,-0.812370447887772,-0.29910737260407283,0.8076718268683957,1.627690119036476,-0.9955386606234086,0.5564181273410753,-0.3060264912985876,0.39495822488742877,-1.2515459783298695,0.14671333969300707,-0.9574113804504383,0.7480090932190928,-1.2878869187298172,0.10457600471209882,-1.8173131823032367,-0.6019313258577491,0.7573101578712255,-1.2389715838524549,-0.0027905532109234964,0.0845495548985624,0.3719699436479088,-0.32607428750671813,0.24646574962455284,1.7449263580534844,0.056730228998958264,-2.331865283807988,-2.0695718740207507,0.2686188654915697,-2.3314737789620663,0.9335865989288371,0.6408734729972926,1.6194951887732865
GLRHD0495,-11.279579233900472,-3.5261787433214242,7.731346697470022,-2.3935933382442443,-1.818555729950213,0.5274455341534035,2.019296950023551,-2.1963313090708985,2.667638617093371,1.4955359719477113,-2.5674577081536203,0.5069652034131117,1.9209915358977103,-2.653941957446471,-0.1984609895646393,0.27212675142024295,0.15732486649158464,-1.39675858531663,-0.2514962103110099,-1.5711016346825621,0.4095118265680412,-0.7837049965101986,1.4532441890674768,-0.07838548751995461,-3.4224324453908723,1.4961383097726026,1.7691116737631152,-0.5899981615700304,-1.236058671148427,-0.3139219708682048,-0.4685732848210247,1.9096845238174434,0.6876212779743271,5.123727273153024,-1.4036306475466644,-1.3153674806806854,-0.9542394790814377,0.2686891541659991,0.9882781593765737,-0.2338624712742909,-1.8547912389866266,0.08449405303020835,-1.209414883371506,0.13489622435058832,-0.5989493401365888,1.258196875574543,0.3562854501808525,-2.951846161268356,0.49486894831089345,1.6636562278982223
GLRHD0727,7.463003946316452,-15.825631924870626,2.207612345138603,-5.240796452603199,5.560371324347989,1.6217324809772409,0.9059464807565514,2.551669694522263,1.2497087027636138,-2.007525613375702,-0.4370995496575615,-0.7348353976454193,3.797269766543101,-0.23142033949187166,2.478444419561983,-0.40733477861003786,0.8655065423112065,2.318515101990276,-1.612782286387382,-1.6430980306818304,-0.87744335412184,1.8726207467808929,1.0755018099685079,1.7754774398082669,-0.5942188155712592,2.2471977503365235,-0.5458192829595051,-2.688905983726199,-2.559819785976009,0.5933140241344064,2.8977526048724758,0.7764300544258819,4.087405271674614,1.3364311766710526,0.2786394802652172,-0.5830368858007604,-1.2014942378227387,-1.7352191460918842,1.5837937727886326,0.01630843488638663,-0.6784514475653495,1.8181346082232814,-1.8468124518128906,0.7143005000636056,1.8467933657981037,1.4817465164110637,-0.6562711071693381,1.4816480183771104,0.9605702822068091,-1.115374650104421
GLRHD0749,-14.626660184760592,0.4823179672550964,3.5919784979359486,-3.6233815643823393,-0.7381576684725032,1.3773172240925973,-0.5241917234606943,1.4318128295156902,0.03532160909552639,-3.6232560396807814,-0.9645561325326449,-0.9766574918096433,1.776323313995521,1.2501810304773648,0.7233769949321084,-1.2142884644160103,-1.2962404454616339,-1.0450801010521682,0.29059633679030517,-1.0456477284835868,2.2504169226735677,1.7954723334717133,-1.8624495432718629,1.9301262711904168,0.5041684814702201,-0.6912249630693963,-1.2413456157929867,-1.863522504789827,-0.44249582534827453,-1.7847816323041037,-1.95201336874164,-1.5223831679988995,0.6835027283830545,-1.2857324984547631,1.1409975164743338,-0.4059436754546222,1.3713217955102202,0.4349884681255668,-1.1645932815905657,-1.7687485655219763,-0.5293258552461512,-0.012524537097833048,2.2936472251588125,1.6335390251471702,-1.2806657342363337,-0.5920227824039961,0.09313110581325472,-1.4492597071655902,2.122814441447396,0.41500976415577623
GLRHD0632,-0.07119709455737266,1.8537307718072598,1.6827688724770467,-3.9527632490788536,3.581891524151456,-3.594236639920815,-2.3484806821216164,-3.7109691427072735,-1.8067732353362107,-3.4814431768623275,-1.2193340525200544,-2.2231003707140307,-2.8629408857126863,-0.007289427268184204,0.31619130997994443,-1.5729086787842783,-0.45402951317798323,-0.9755277800155977,-0.1273884413864211,-1.1094172241497382,-1.8557574931099918,1.529921166012884,0.7668025238067606,-2.253757172794994,-0.8234773146227967,0.6790798231536372,0.6936434952351276,0.14248957069844034,0.2506635445174913,-0.689292997363431,-1.4319160633797023,-2.232843035903691,0.027277922659322263,-0.7689984444625826,1.1109774069467455,-0.11949524146639835,-2.2654408612620855,1.2221003745370957,0.33237340148043615,0.7809971902103283,0.4073152750606132,-0.30464308094700593,-4.039809960899839,0.09360439382377511,-2.4387111683038527,0.10755128323694751,0.3508080823306967,-0.24731404898037596,2.3868036168899236,-0.08131428875876202
GLRGC0143,-8.037639179972754,-5.427452516588194,-8.441086730361523,0.46151606476027157,5.319670306169061,3.8698745674377983,-3.9066157018888936,2.073015745489846,-0.05379565176686449,1.0252464226819713,0.12984718307205387,1.3892193934581956,1.4440949377350025,-0.6798611289541031,0.3826751237280037,2.5441210907906515,2.347087365424779,0.41403076884357537,0.873745838172412,-0.16576686735479804,-2.273137214707448,-1.7434405210885178,2.1518263436848413,1.7562864872921777,1.744525845513115,-3.348856418171527,1.508839829836213,-2.303677118057141,0.10797202058865159,2.1324308333657873,-0.338404784170091,-0.45869074876960575,-1.4705775470414755,0.29430057188104863,1.2865937494804505,2.202771678016042,1.1015475590942385,-2.1923671013248303,-0.09952279077648653,-0.6995017945269248,-0.3127998698843967,2.297744727918687,-1.7411137033242914,2.521022337462717,1.9173914918002708,1.1753654796285442,2.8408526693548124,-0.34760143882922573,0.8853690474955417,-1.3586709917136486
GLRHD0811,-12.582900005435294,-5.370325051284921,-1.9157538122537674,-1.8608664648563655,-1.929148006997605,1.6591629450135361,0.427624790451238,-0.7889223812199776,0.6085029758660726,-1.8426633228823275,-0.4822529586816593,1.0068923686750373,2.3043154146756706,0.10654180150128718,1.3185165900072517,-0.9996269286893312,-1.0149286142520095,0.5804821583485301,0.3265348893466977,-0.0422763863230367,-0.4429406133761582,0.8709817795230966,1.1952999973164162,-1.8430808148083262,-1.1134453293688644,3.313075889420154,2.7021424613447316,1.3555703362712068,0.39463828492163733,0.6522110086584312,-1.123585620620052,-0.2024968456600514,2.634306527795787,-0.08705586346677108,0.4870173463467727,-1.1308159889848612,0.2849956211039857,2.3515583262919693,1.555433700676431,-2.319769472821883,2.4533874056174403,3.0663506831796257,1.6422215290132605,-1.8136922388679328,-3.391534494689598,0.9220245012081052,2.3042641190967013,-0.059110324041022386,-0.31720351260182894,0.06679810573427701
GLRGC0195,23.087046133267815,-3.602041985709007,3.185633489463384,0.07382142921349552,0.5165171892688349,0.008288397134953994,0.5541951145742116,-1.7507068386193567,1.5044118465011127,0.05452379027974213,-2.911111854475952,-1.8892737613241797,1.436870142589374,-0.44948262150763296,0.2353288353885929,0.1679532269687015,2.0621383244078255,0.32869160714330997,-0.021321714298446016,1.8892335687193191,1.168390446427559,-0.8235328809589467,-0.7782425053739215,1.1285518704337911,-1.3752871306773236,0.20765156310945745,-1.2640484141776192,1.3672396300688074,0.5044878014190844,-0.5307553283521416,0.1436941336204208,-0.6537754550587438,-0.04835040256187235,0.005563933233667941,0.7682831888428733,-1.9678767289084877,-0.2932763753697044,-0.7895598152330001,-0.22947648844352578,-0.2854158933659236,-0.3323928087461991,-1.2470324806785837,-0.6800771702221806,0.9228835214710099,-3.3973582114318166,2.335249175339906,0.8837956786766359,-2.0518173089941056,-1.6936137950438361,-0.8841046614896778
GLRHD0785,1.3359821985627371,-3.2256113381112708,-0.6142944712335575,-3.208159024884553,-0.28339486560516514,0.40334391824185417,0.5200398184004359,0.9402894380402044,-0.562128715264287,-0.5038193551898261,-1.1898968045305083,-1.1396154647664456,1.4928981327084807,0.02337920575116575,-0.0517071061607303,-1.1577462679667172,3.061956203890555,3.356855354159168,-0.9582758334478094,0.16562358217331502,0.010161943808054791,-2.3238829649890413,0.07076895187775685,-3.741385352592442,1.3747145323300292,-0.5397297882966945,1.3211732359904498,-1.8671784627674701,2.2259890201526997,0.09532544013776567,2.766599415524398,-0.3099309306689832,2.031789137644227,-2.2389869438395626,-0.7845851377997758,0.20985239494765975,-0.8242925880174501,3.0070841603191845,1.6932026889913598,-0.2199512107477966,-0.14967350400712867,0.7376790792192953,-0.5415585803950723,-3.5091007606249756,-1.9673561945930211,0.49372577341735224,1.4676480206008098,-0.4274432220629047,-0.5088935152068315,0.748351853354108
GLRGC0140,16.95537838457587,7.072558455633178,-7.279987918488419,1.8256586317342434,-1.7985917564330023,-0.3262584476715545,0.1663601000182606,2.9183004701452937,-2.971862191949098,2.4105558935214897,-0.7883450022209997,1.7854424575392582,1.2540807272335037,-1.0446682409239691,-0.7700316421744391,0.26277022377871007,1.6726006915596927,-2.5945018669846127,3.92757307124904,3.1433060715561587,-2.169126550178516,1.3958828561330152,0.47563025806679393,0.6423529598827257,0.16357707534171823,-0.8208001730877226,7.231748238252886,-5.842188854254585,-0.07106317854454652,0.7943262055740905,0.009761524213948866,1.2721671863378816,-3.7044318247416315,0.09955943209989325,1.0942588237789794,-6.004006511171605,-2.572561611605116,0.11408264839615356,1.8279629521505611,-2.761593546743816,1.1048181698348736,-2.6035339817284164,2.225217184080259,1.5072671517110525,-0.545880991722162,-2.706011946196378,-3.207636184536493,-2.1762858958351754,-0.15351314052738255,-0.17274287231816374
GLRGC0227,-6.549254891992063,5.037366712227916,-8.79147152262291,-1.543685605175345,0.7284036460333838,0.0965923886555446,-5.865039597232052,-2.975785771939389,-2.849549913696693,-0.27242774874042625,2.96299044009239,-2.297413524546369,-2.246553762887484,-0.09546580169602771,3.33861458085583,3.994447103664192,-3.379468521215465,-0.15722611792762334,-4.24925958783027,-0.6590128214291747,2.4252550885699877,-1.054042919807494,-0.8697842677956942,-2.157402259344288,-0.9216451683515233,1.8599732555140245,-0.1323309974342993,-0.7308263601680122,-1.9216161634117954,-0.4851514533751828,-0.0665110262531713,1.4626837176322125,-1.458806809972908,-1.3639002600153551,1.5338939211761111,-0.9308199065619546,3.7673191892549602,-0.26197696973431944,0.555877080332605,3.396377339728875,0.7696615191318832,3.346118877446595,0.6903948387163382,-1.9169745543958954,1.1410836863830969,-4.543694850956823,-4.306750498301826,-2.7807635968131246,3.8692910787690056,1.0823679643424546
GLRHD0814,1.8986259746730603,8.376250413063266,2.2232213695439795,-1.9236656918194974,-2.7782335377635055,0.22107198904293948,5.454075160445763,1.1767243583948404,0.4615793623233038,-0.2572677885195395,3.3203204888631226,-0.062369154195885505,1.1226172898776468,-1.6458736556622964,-1.905010133913316,-0.20954963083334505,2.8352831816590083,2.14795875034794,0.7827260743721787,1.1980119876984894,0.5431402141676325,-0.3837548793144013,1.5337449098918379,-0.8952847690983413,0.6334377652676707,-0.8536339746294219,-0.6735451505972988,-1.4889506160420412,-0.47460407189404025,-0.01965950768951986,-0.7266896176487951,-1.6761071700624166,0.7266159938479012,2.621361132237858,0.9638911280115176,0.6778143372603539,0.03348688991286113,-1.1266166021656296,-0.5740472067736766,-1.1162752908654983,-3.533971243847154,-1.1273606920092534,0.370489342452026,1.0438836719192592,-0.3882484148579545,0.07367002701046807,0.03575838672954748,1.5491447886638992,0.28663016741593006,-1.7092308703891106
GLRGC0277,17.745367472661314,-4.838861768664731,-0.20067461471701956,3.277585075451605,2.8440492080651127,5.0954850466259165,0.1232208223228424,0.20397239347744386,-1.129371849467486,0.9471157537566965,-0.7543498875943705,-0.3396458393133224,0.18658602478081812,-0.9567995390829886,-1.5466755186082766,-1.3614187840066574,-1.3665491929243143,0.5195522801080574,-0.48274572405314986,0.6676998931779586,-1.3874245827813603,-0.11692865329683644,0.7692409717541302,0.32216146697760567,0.19180315344870144,-0.6847213336247093,0.9099650668142636,-0.0637548011355147,1.0087029531421108,-0.12428669038380419,-0.773236496537444,-0.2542189448748999,-1.1300716587404303,1.544920660487349,1.3175731471048744,0.41030334831123716,0.20068280379283232,0.7380728675833034,-1.3748219419269179,-0.8132990357642373,-0.7695218345537077,0.3915065638596199,1.7610001115666951,-0.42971532894538533,0.8697520032830162,-0.9345255744007327,-1.8403325224550047,-1.2607813951306983,0.04899372378826724,-0.9416602892093815
GLRHD0635,7.202784884446859,-2.4609182328322032,-2.6778620189556657,-0.9802923923927376,-0.3700686663681368,-4.610834349644672,-1.6649913351160643,4.459979859190592,0.9109183413523314,0.9853919050310085,0.43613496062483287,-1.3718384120649172,1.2031540908833689,2.3884641044763115,-1.3058566250287187,-1.3331168192435618,-0.3480262724721662,0.5362358483136868,3.20365548083851,-2.6765432405430025,1.577894022078622,-0.17782834378784507,-1.7063841088566125,-0.5642567541174907,2.9191095866084993,-1.8495398747779779,-1.5648637305453643,-1.8565459464839844,0.6816991507753799,0.9815230744754853,1.6057422673369808,0.63169703953284,1.0076690912011739,-0.6380375729542691,0.13107415393029914,1.6082507338692251,0.5056598080067393,1.128038988800338,-0.3334124491279609,-0.7148685844848757,-1.802581262319355,-0.2623983069032094,-3.375238828336736,-1.5241887757112742,1.3468316716703048,4.590798140206146,-0.6264428865181854,1.8043080374714486,-0.9892634485343849,-0.7108220336711158
GLRGC0216,22.9926454176723,4.253555699925857,4.006166469732912,-2.245558935663431,3.3086566319087183,-1.5789553397912044,4.190766859959608,2.138699567334085,-0.04565553559744852,-1.8871918229023334,0.4878164035405972,0.7893767118066735,0.5302549031176714,-1.2218772395766133,0.14329877513568606,1.2983521795234996,-1.0828554892118691,-1.6187760967997973,-2.1843602640302184,-0.6249959518682746,0.6456447649661035,-0.35882305196759323,0.4973466818288014,-0.3929574510046831,3.3158970809856503,-0.9971333434934841,-1.0592176645866886,-0.8902296428392416,-0.2636479599927708,0.1723028802345104,0.5196721406365138,-1.0915810339385743,1.6762156758884033,0.6408957475009761,0.4619854960052182,0.6671692420776497,-0.9342172569510457,0.35443681412371775,1.2768692677327855,0.7675791374803633,-1.4222272293525862,-1.8394160656999443,-1.8551402148165914,1.248285100292115,-0.6052802630622087,1.6784952637625032,0.32290178124156355,-2.901366242387757,0.14948948002226567,-1.6776946267895834
GLRGC0290,-7.958901915526958,-2.153959190472315,0.978696092843519,-2.6070001907679936,-4.445747189402834,3.343969470439713,-3.836536734317124,0.3912174883930908,1.5391521192175335,-1.8643155485997058,-1.0669257330891886,-0.4910144548444919,0.7467028284920115,-3.0726560234708047,-3.376467033641539,0.36058610624235554,-1.1661230664127609,-1.2203551261129777,4.570388150611767,-4.301715119042731,-2.4298378392956024,1.114504280868105,2.707103200840954,4.684326790413102,-0.9613935690726485,-2.050601490877152,0.441640852919789,-3.3942565698082166,4.680471100699689,0.5581510968270644,2.1683350869746616,-0.22994515197375284,0.6403097028565705,-6.4304948105150626,2.603596847489017,-1.5689384605551282,-1.7966025076009664,9.179162880660135,-1.4559117471654943,6.328406854129516,-0.16675812312151653,1.1401808302956076,0.35339125070588867,3.051614078499242,0.7518672326580033,-0.23316876768759545,0.29682380726818725,-1.4860483202167956,0.12605943897107577,-1.0303203493484046
GLRHD0805,6.659384378280839,-8.487319866469306,-6.525704251910269,-2.552892922052761,6.260127749156258,1.9706023619449813,3.5423985741845865,1.4438540276340677,-0.816384993536089,0.014457962255636938,-2.787880361549116,-2.4153961845098064,-1.762863571258151,0.06229220765538385,-0.702534745861972,0.20915933584466143,-0.05600563733642598,-0.6764796608268875,-0.4255952045282611,0.6906304840649723,-0.4518060744101262,-4.470996206638885,2.2492689283757468,4.816485465608278,2.2357512194128,1.8549255248197665,2.2238844069541575,2.079331664242331,1.6920749914094093,-3.0161893129340047,-0.42425690527390214,2.5689751039413316,-0.4426288892254345,-3.901949813718954,-0.09869152094246876,1.5593335585916988,-3.4483850226261814,-0.7807893774807787,-0.7089659949099953,-2.1036477731234435,-2.6295318987308702,5.256410001602132,-0.029873253284510588,-0.8254568424988893,1.4466964918587075,-6.445846059261408,0.32862203232529125,-0.5164541229479342,-1.3010345275034128,0.8643349538486675
GLRHD0519,-32.422944983009884,4.62368019874052,-0.7889252158466494,0.0027480329596354046,-2.0533801491540467,-0.6990044202746908,0.19122877034756275,-1.8270066106711857,1.2537163442930908,2.6094509212982877,0.1622090746323387,-2.3898061595647437,0.4671415636815954,1.4684081395385604,-0.2090907897120735,-0.7956813006493075,1.372853348869997,-0.023402207764450803,-0.09196500610256421,0.20560391795879415,-0.4050543641293286,0.3738016739193401,1.4984881988135352,-0.7761262499448608,1.6061229597933329,-1.7472494608426061,-1.6831546761308012,-0.7995985898532676,-0.727032664085617,0.7678679458075153,0.9377790997973293,-2.2587545687683206,0.6031927910076825,-0.8558559939661639,1.632488222534296,-0.7715285506777662,0.5404510032613862,-1.3069650673142788,-0.5721006887804047,-1.3627426089472137,1.2904795454778397,-0.8303063253718145,0.4796830484047055,-0.9549524332392852,0.976741581996044,1.1969576916908855,-0.6289228355670257,1.7739179255068573,-0.6774560948818626,-1.3090321686425685
GLRHD0812,30.939413177132657,5.839678159568823,-2.9383223475768916,1.4995792942867776,2.393883598922765,-4.994489337095725,0.6734908765683874,-1.5115265503768065,1.7653868330206386,-1.7310658313104794,-4.144800625306939,0.7325910581489773,-3.858876335806602,2.795486188672071,2.228040113475316,-1.7858901918290782,2.0320519857591144,0.12052231538412382,3.473245603805064,-1.2779463004178968,0.7218702449334462,3.504178941203737,7.065442553948381,0.7852177074281286,4.22987201997564,-1.1609894832595429,-1.6316917379702647,-3.1539989663995733,-2.997842564203892,0.520752359913785,-1.9640050349149596,0.8452429726994786,-3.1775186995038203,2.060665984209707,-2.9338973047060946,-0.5305460117864721,0.8608481017952969,-4.2303258579165215,2.559472463101499,-0.4478349862797525,-1.0286059733073047,2.883790846055162,-0.6474207347937798,-3.6843270536256605,0.38160065378723534,-1.293986831772827,4.03542191462232,-2.101958025891463,-3.891055344096112,-3.564410196735877
GLRHD0793,5.607288641150087,-10.62102592951701,2.9554403433493883,-6.101727110040264,7.215418286307091,-2.442877310908874,0.7718768622308197,-6.898618239949279,-2.214967899879206,-0.6438902927000504,-2.195261500663537,3.5723952178441944,4.835719996341744,-1.675691369008271,7.949347714574384,6.806939713175393,-1.8441031471901246,-3.5329701073951063,-1.3032057430472868,3.94144080373273,1.8422161268191974,4.391770515446634,-3.8182393931085947,-2.092903730432128,-1.2610268455735694,-6.123514445671824,2.973012264338839,-2.2104824177143145,1.70455958141089,-0.17280900923067702,-2.242207828584973,-1.6362589995475145,-2.9429360974408203,4.716764909068412,3.785104818498592,-5.948761925182304,0.8125867180094293,3.136223892677069,-2.2246929676389615,-2.9158213024331925,0.7706909122548584,0.982948617088129,3.2782092331891577,5.002350409971861,-0.6686054824436014,2.6943026097325893,1.1357387426608831,-0.927472986326112,0.8886113142709964,2.7073041089544017
GLRHD0651,7.243339453916526,-7.412129109720607,12.527994334373604,1.0125180737579371,-3.8940324416109884,-5.541442196403349,2.201608779941015,-4.868196204424483,2.5766914934545393,2.8602159163947625,-1.7458209141663543,2.156437643415947,-1.8379472563752637,-0.43582875654573094,3.4015278955327264,1.1583448466224113,3.8098151351503864,-0.864816222137745,0.4110469626487733,1.1891328803417758,-4.432917753270216,-3.6415727819302393,-3.293974938098634,2.205378362993148,0.3844914971859588,-1.899333392340422,3.2651670152086787,-1.208397762894561,-4.021308838803991,-2.513414535220344,1.18593976418769,-2.2110895317082666,-2.6849602670944646,-6.1350508051179355,-1.4175315036580955,-0.060248579898614686,-0.08913190130561142,1.2270520628464496,3.782972638979006,0.922062006994799,2.0238516400003066,1.8687938035882654,-1.4782796871290218,-1.5000816161828328,-2.876204619843893,-7.3410097236358185,-3.370452831831357,3.482441093729685,0.38394224239807484,-3.9675359434148536
GLRHD0157,14.1614556027104,1.6585586551250489,-1.970462740422434,-0.9415448428451879,-2.2619439700255737,3.3714571827636983,-1.0698125173319366,1.6702910258653136,-4.930015683695639,0.11815713381107033,-1.5482874187735918,-0.39491025061495033,0.6761297975264776,1.0449606452862492,0.5421830361970194,0.8340159013143198,-1.6814249462991495,-3.416284912704934,1.4722874922135623,1.0346966282621415,-0.9583263634437543,-0.14514782062994785,-0.08913771139161747,-0.48430103525741497,1.6942419555084527,-0.8117741790637548,-2.7231450158768102,-2.131644351523267,2.0650752763722124,1.616309297874669,0.23870019493461142,-0.3637655113420016,-3.3649282969689827,1.344443843841351,0.037627586386690955,1.7287560129764505,0.13872990775368985,2.2472815410379345,-1.5857142570266793,-3.861967890870225,-0.778209278909536,-1.1138603541922487,-2.9276899854339598,-3.7837955037166666,-1.7532550341003856,1.7024291760439108,1.505262338943181,0.4380099821286083,0.1651596450320619,-0.7356371949134315
GLRGC0163,21.771088763166343,-1.7383723421779012,0.6052740097494577,-0.4740605303327911,1.801231033713685,-4.456379989334607,-1.3970207300135429,-1.410605168766527,-1.9492443372672141,-3.926362640538487,-0.13204897306720167,1.2371266270881542,-1.3865633015734882,0.9598902561455207,2.5806173468619877,-1.0199412926083467,1.2929041274290451,-4.166379450061568,-2.907095293211561,0.5493487996651331,-2.2761442595296644,4.572550414223624,1.9943237454837774,3.4786823213560307,-3.980372065331524,5.457625778159579,3.646829600419581,3.3890771532425754,0.05420829729787204,1.2950515997096592,-3.116868547370807,0.7367527177355645,0.36329738985260496,-1.453526894856015,-1.5921796713930556,-0.42269289530891585,-1.7233432307957801,-0.20200212850251054,-1.1864906330257543,2.2732432574546437,-3.0966835071371412,-4.590055276770099,-1.480883287259624,-0.8775618697694166,1.2756972172123915,-2.8465661428405262,-3.180676441993465,0.30533851595318234,3.0908042867804166,-1.0169583869533638
GLRGC0236,11.060249862561509,5.209007251302728,-6.377882573620047,4.962401354986597,-2.4782917651312935,-0.3216672252669066,-1.2906075542874942,-0.8880887327125592,-0.8219770293024662,-0.4274476907656398,1.6406707347806115,1.7416311537408624,-0.609881157027485,0.31806332702157913,1.3032409922108832,-0.16812349354960104,-1.1933467296944251,-1.0229005172079497,-0.25393185409772373,0.687018832405554,2.08862459634298,1.8295256262573785,-0.9668917037736919,-1.2848625592964542,-1.5342286133291874,0.13093780325507406,1.5421224763254013,2.0992819472915873,-0.41943601690648386,-2.1833936836880707,-1.7170786246786776,1.0852850099353115,-0.44355583008895066,1.515716830968648,0.9322135824392324,0.558980771904833,-1.5214331431311139,-0.0722208830022496,-2.4734434291249707,-1.22252599097429,0.9961493991613611,-0.657369718599811,0.07917572125949374,1.2972445950500502,0.4995787200078692,-0.4081967604190041,0.783449673132631,-0.9021898906533645,3.9348033904832795,-1.5924050241370469
GLRHD0391,22.183608687700236,1.8322156954428481,-0.7726621635735627,-0.42296417883546766,-0.5695069981165538,-0.06800629046566332,-3.9108590293283934,-1.3112893216597654,2.529563945090467,-1.2670253228955302,-0.34314555469995445,0.16959424069149096,-0.10318684069691313,-1.1986307149197362,1.1974014828662733,-2.4465140568202264,3.1916231288523065,-1.1248879129714333,2.367149561676739,2.1176908284573117,0.5989100504231462,-3.3245204110731335,-1.951061315219741,-4.063771461269622,2.128964536389839,2.823000531001782,1.1769507919550197,2.5735125215850263,2.5084757196326812,1.8353324710837624,3.284846943692491,2.139250182133993,-1.8749384380902305,-0.6806107940017433,0.7536409131372068,2.3557054906803754,-4.108545079912654,1.085835357853703,2.9746305775830906,-1.5059074797159697,8.879496302088013,-1.43273385561488,-1.190357380792537,4.11888583652468,2.130271941174451,3.8251046792650794,0.05878697027458638,1.255362022745823,3.642794580840775,0.6047464051455443
GLRHD0411,-7.010245521265054,1.9141897030032953,2.747569106076914,-1.6083943997569201,-3.018137878079998,3.1163514548884406,-1.3210205135509334,2.781767946657053,2.2610842626967007,-2.450923517890302,-2.1220906308746645,-2.186723026267805,0.2794623181187948,-0.44186487368049276,0.9290102026683703,0.25423963869232663,-0.5358734124462385,0.7509270532723566,3.0484492812529993,-1.3422519468587084,-0.5655825153807381,-2.465871273866862,-0.05617231260499509,-1.4895443316708117,-0.2488247793401869,2.0532034357424456,-0.4085297252197229,-0.8909558009116161,0.8478441075789125,0.2810186572865266,0.08989143775995764,-0.34849483713741564,0.2071016766742868,1.0301627604358528,-0.6658312585493111,-2.035583285836978,-0.33081072387076293,1.4683367384708197,0.3337398854004917,0.17589059155405443,0.9023147711033572,0.6121814689477982,2.3105464107989,-0.5510440311935213,1.4281735932443294,-0.07067858878477434,-1.7293891243947097,-0.7125862129447581,-2.0598051607967647,-0.22214852588290737
GLRGC0224,-5.5265978102550095,3.6014597926829426,-1.8382998038770035,-0.7477969169799182,3.0140223571944054,1.9009717014748975,4.140953207734603,-2.7396446819978078,3.500549494565361,4.1366865809643025,-1.2327682105277489,-3.9221178564457526,1.7555531500342727,-4.070655332006659,4.799141493032232,-1.4901326188627282,-0.7795036546698938,-1.5772918380187857,-4.770801234284419,7.325563250595856,-0.7927635117183839,2.269351939193827,-0.7126036991990475,0.6635456298768297,3.285279301555868,3.082256158911461,-4.613319434138502,4.62968590539493,0.4822514897653187,4.624252710539929,-2.8149781499212754,3.391108929741864,-0.7610728725358827,1.8812743680078143,0.2971147475144793,-1.9133472248450283,0.33116469086402034,3.8674897630937632,3.365184690539727,-2.1366870476810966,0.6284415306601755,-3.927837394554908,-4.183088051172581,1.2463441211753523,1.6128354359828942,-2.6413358909277935,1.5985216292129818,2.2977723606257325,-0.6368032007183727,-1.213768514627709
GLRHD0088,2.883382413095599,0.06277400947819839,-7.7999120175968235,2.3035350133372,-2.614576720814447,4.009264202275861,3.906691447729064,2.3406617008810042,-1.6265189021726851,-0.40133844680882097,3.414266724640915,3.306757245788138,-0.281049174985852,-5.2326007313655785,-0.008588939071663153,-2.20140115515581,1.8663968673621447,-2.8818348444534667,-0.5939840451482626,0.8225962769007712,-1.8162131492427211,-3.777221183958731,-1.7682236865912748,1.4022859401820718,0.7680221826024008,2.428829243792818,1.7443806084683504,0.2830886435431643,-3.9979542262474466,2.1908121656024884,2.1541676278948225,2.422937612407449,0.7175201965613444,0.08598670414162482,-3.2246494451166496,-0.7236410110879022,0.49069807930405024,-1.2280745126136081,-6.496799343903702,-2.5382281784537892,-1.213887465035266,0.152878979373707,-1.4226004756154904,-1.226069375155645,1.3058002835736244,1.269997877745122,1.998732586833223,1.9033471493418033,-3.0132208644767204,2.681187242611382
GLRGC0050,-30.465683506184483,-0.7673363989976684,1.5797259408766136,-1.5528548883584117,-0.9957068654972928,2.1583528462848127,0.5816230175572314,2.183865602595029,0.00889985928931138,0.25348491415656327,2.2292458656879433,0.603328832553357,-0.11662320966143806,1.1172282502545188,-0.5032382711188694,1.4461188083867074,-0.33751014795220835,1.059831176894359,-2.0262735333854796,2.532269646231987,-0.5045411891319357,-1.2154127163292217,0.10671294207895443,-0.5079575298490016,-0.38151450268509096,1.4610284500231208,1.3921913613263592,0.16357010715401168,0.8064673292384207,1.2251859978591404,1.4610259602072144,2.65831370787438,1.1201156713341927,2.1042048054693723,0.11434413086460124,0.2924002932569487,-1.1447427310953293,2.648537961693211,0.769000659091277,0.8184917060032445,-0.31275008169342094,-0.21877051305342157,1.150314294823813,-3.2338185198292186,0.31466335327547285,0.8452121369154294,0.257667632123185,-2.168707159402106,-1.2818809490135703,-0.9348324587036702
GLRHD0713,-0.7015305626992202,1.564764693741488,-3.465625569030598,-1.515920780786205,0.9648749588030423,3.8662965022997873,0.41562968251694893,2.4293404129293648,-1.560840688703198,0.022225917959473932,0.9939389027738234,-1.2160656469029785,-0.35869985356628914,0.22445518058931324,-0.38529551242112287,-0.9327861152077821,-3.1739981202182244,1.0987118393324393,0.9276577180108116,-0.6790253377212482,-2.148299293798398,-1.983057488209419,-1.9698437837271632,0.7435132170141745,0.24845639160406488,0.9556058605033844,-0.13933521904164664,-1.027098435105942,-0.006645009140375746,3.304998962950573,-0.3524011640166092,-0.2585047129501078,1.145333597075716,2.921967720575032,2.899505370078823,1.5155876364654115,-0.9944278693397668,2.324016971196984,1.318025542229309,1.104818292637282,-2.8583346891751527,-1.0463889102217643,0.06293787777999398,-0.9584880700761594,0.9602977754131329,0.8321429554453554,0.33672826467119127,-1.0668239757452878,-0.7986005721090226,0.1006481818746561
GLRGC0184,-8.273605404341067,0.8832559284758389,-3.7698091671986673,0.9258305659094791,-0.9528203440844734,0.6020002035781409,0.11292842291729373,-0.09216102630478495,0.19491434593743578,0.31951757880727316,-0.16788452302077428,-1.7888728091158335,-0.26906520886392177,-0.5920655222417018,0.39597463900751295,0.5291991400741898,3.6030855839422715,-0.09599107463628218,-0.919095777330905,-1.7150534022435777,0.1874736404677725,-2.5678797482904114,-1.323837939580411,-3.1061907133315816,-0.5892781769500919,0.3449500257545973,-2.61306970044485,-0.20072095539280876,0.08101089891066948,-2.5258195142600357,0.5740572289990844,-2.840504347985059,-0.9332563612774499,0.39901636776646554,2.2792063924491277,1.3944937095977727,0.027838010716620815,2.521628272564564,-2.1229087675640557,-0.806600484901981,0.514013751123133,1.088201675657541,0.6097240823751524,1.1575272147739748,0.12638455761601886,0.2334469511679913,-0.1191707180557089,1.2186624220570426,-0.4788742542220559,1.9975291681795118
GLRGC0223,-16.18563305196782,-6.594779572778095,-0.6404049460976315,-3.213469922668752,4.63524826238963,-3.398914479069361,-2.3011669547437092,1.62835025702895,-0.9358954598143441,-1.0353545646802627,1.3201412956469114,0.41767312179834726,-1.3236815563141817,0.05468820949331319,3.072098936674628,-1.2285120412113364,1.4354292257574166,-2.054971953289359,-0.028416174598712304,0.8636640954182419,-0.46646834894290506,-1.374423461459263,1.843459149685343,0.4641663352959094,1.0362526416967737,-0.5854630973485012,0.8966648067773072,1.5484339994344307,1.0163297384174845,-0.49949852015323054,-0.708013289747449,-0.16581452113541467,-2.162038172481272,-0.2608313537020616,-1.3327973801485349,-2.010313665798472,2.738191767788447,0.8275223514380622,-1.1370050114882582,-2.2818757360748876,-0.49500940324770865,0.7129639788777067,0.5411720127970088,-1.045458991923169,-0.6374732837191194,-1.8364559041799464,-0.29262814135060405,1.5642168884316094,-1.905117901783341,1.0316776272104875
