seqID,PC1,PC2,PC3,PC4,PC5,PC6,PC7,PC8,PC9,PC10,PC11,PC12,PC13,PC14,PC15,PC16,PC17,PC18,PC19,PC20,PC21,PC22,PC23,PC24,PC25,PC26,PC27,PC28,PC29,PC30,PC31,PC32,PC33,PC34,PC35,PC36,PC37,PC38,PC39,PC40,PC41,PC42,PC43,PC44,PC45,PC46,PC47,PC48,PC49,PC50
GLRGC0012,-30.217299842135613,-4.951564928248272,-5.780141685476522,1.0210171861624104,-3.782874952055749,1.759558852336419,-0.0017744781066035464,-0.6062426951512528,-1.4783849612201225,2.702409757411436,1.6292191205961128,-2.8766269170071386,1.420125306393955,-3.916480158976037,0.33278535054077907,-0.9742058309214793,-0.45316165761534577,1.8124834104724015,-2.3784748957965283,-2.618877656541725,-2.389277633111305,-2.726895425234161,-1.2639686665092722,2.747161004061427,-1.1042842590453772,2.757959614310642,1.4240437112031799,-0.2725418979343861,-3.949607795409907,-0.878719611805604,2.8867459026451168,-2.469551191229628,-0.38288427968889016,0.31422607457803886,-3.2790349324041776,-0.24524429379784582,0.4360911113360074,3.102357028352966,-6.855729091063806,-4.474036420033895,7.0467706199338105,1.1886858197806527,-1.25074426632338,-0.21319493351860871,-3.956177724875878,2.254133119639624,2.5431522801481643,-2.851241421368148,0.6641716330920024,2.443379350858993
GLRGC0034,-31.083114151451884,-0.600793976142491,-3.6123452063214128,-0.27153686331631927,-1.4837556624193304,1.9941138596616732,-1.338577316392396,-3.050867798488104,0.3536038350023065,0.9314023898175354,0.4898011105553382,-1.2420182682688579,-1.3519361703001416,-2.9001780156479535,-3.783310232363261,-1.1078236757190385,-0.0039400936120712726,-2.539248965461238,-0.48806052727023647,3.194667174326372,-3.1572298446652622,0.02506578961952743,-8.829621356614707,1.4951324084114692,-4.08439001463362,-1.6761643617369295,4.511966457321369,4.792034866435973,-1.7547182717403176,3.379874334780174,-2.086049442507057,-0.18239728783924128,-0.1226842427081023,-4.578158738078687,0.26387355091945536,1.1332306875918066,2.1337258980660265,-2.8306518846036863,3.8165789997396393,-2.2311612743633984,-3.189702406648784,-0.45943467433906454,4.048313551214425,-6.4366984211047,-2.249310218187869,-3.521596550936311,-3.6152417555296394,2.3747280123364534,-6.245668429372098,-0.09060944473097987
GLRGC0049,-4.555051404878341,1.7914522637079966,1.5372522856909983,6.598160010744092,-3.74858731084254,3.085084363851018,-1.1623479845978666,4.113387864053094,-1.4931326207550524,-5.165286187139431,-2.9033069754176513,-3.02542778043624,0.7861431811544423,3.3582184882943524,0.3949412081415136,1.4478930841927333,0.16345414819069454,-0.4659809999490503,-1.9052811978830257,-1.1743383893209987,1.5268864897685086,-0.13845353989332027,-2.4780119833599503,-1.1542920810025816,0.5524619316099957,-0.016493551514620976,3.2267337429542318,-1.361380329665435,-2.2317688871290833,6.3545545801286,0.6211114054485694,-1.674246066397475,1.4349584070222325,3.548434458278658,-0.2450042741254035,-4.703672001105664,-0.360187912128279,1.4937587211947176,0.8129410141580307,-1.0142533204000361,-3.4975842330427294,6.892251937847579,0.5449891960836883,-1.6481657321613166,-1.1896609814738495,1.0585940901526663,-2.6097777051701425,-0.6697467353329778,-6.276065497382872,2.910386345582612
GLRGC0062,-17.117336189462176,7.921347170310858,-0.9741527420391628,-5.973101348931724,5.693688555629189,-3.055032992509788,-2.692346334988176,-1.5524618603450033,0.8889466075746725,2.3703950777727134,-0.16316997683586898,-1.1845853479163713,-5.5856827706972645,4.8740530426443645,-1.8288001139171617,0.5101044976458362,-2.341109052189855,-0.03128814140042846,-0.9654529838946916,-0.17426928361783978,-0.3647128891263179,-4.257912004596005,0.2966235048469005,1.3768818320841216,2.5954961348741112,-2.7980120821513275,0.18583495913247636,1.497222627101385,-0.5018766400980005,0.13553126589648332,2.6926632291422528,1.6744514333441811,-0.05933530111901023,-2.583457772191338,-1.1657201134100728,-1.0676277284725766,0.060317350845782616,-1.5336176837057076,0.8276079180170557,-3.891250216330595,-3.205105935319504,1.5060187571083645,-5.162694377492205,0.9296539517808726,-1.8681384556167089,-0.3862614748581356,-0.4960948725847385,0.18133289275880476,2.095168882951993,2.9670373236521526
GLRGC0082,-6.893384241739336,4.311201194190729,0.4617002420876038,1.3558332345125066,1.9743248505003292,-0.5876507094170753,-1.6002202983883862,-1.0315328701279922,-1.9123126859014732,6.407669422104436,-0.3070809772352954,0.2900295770215833,-0.08628005500923278,-0.20959587126330528,0.7206078224832093,-2.3882427173998675,0.2574154369279436,1.0592741058633177,3.568564606248012,-1.4154359016773101,-0.0670560974190979,-1.5740646169096606,4.463681453597308,-1.8759791454557602,-1.174521418503629,1.9860443131218215,1.4706125839310935,0.5659170509485993,1.5335475653156032,-4.594946461037317,1.2792258187560752,-1.4510182784091061,-0.6105218568290678,2.4244399668649805,1.0905889426728044,6.7393097049238415,4.728524144617692,1.4388886704110955,0.36843320166333127,0.5838953866656985,0.8689661684842155,0.40090980402129045,-2.8733903839118855,6.286410376825764,5.978496623378668,-4.186644357234296,-3.4193458471103564,-1.095015506684421,0.8772694528825368,3.140844051313441
GLRGC0094,-6.085137825885503,0.062133427661751284,-3.208419088662232,-7.220579186320703,-5.931300310345159,-0.25533239054296053,-4.0657469965780555,2.4270930668971005,-4.044662253087678,-4.315366418662599,-3.3064056127098187,-1.548476357601465,2.7301105806833657,-1.2719347461170156,-0.5232690235501479,3.2449334665740803,-1.5662883985994622,-2.2191563124857043,0.21578944217647186,5.471700691728211,-1.6034819293245222,-0.3928760783749856,1.508245541081347,-1.1090201636223314,0.09827202446630834,-1.977437973670132,-6.794848112555448,6.444481872408703,1.5310612044102732,4.669971170929811,5.94222279178346,-4.834170219815367,-3.9881240977161556,8.261605602506226,-1.3083300176379873,-3.120704780884795,6.400284693647159,0.600415729073807,0.5374365986821182,2.0216531555697954,-0.1446136455648404,-0.6542817073741566,-5.57898710909716,0.40607817933282914,3.904061643549052,-1.03468949486417,1.9560584184826584,1.8928971373346648,-0.8642661699870292,-0.6352519992380578
GLRGC0099,9.241179776560497,22.024331414671387,-4.493529684692356,14.893231540395263,0.9329721579523327,0.8498100725428425,8.628175318124825,3.6859018575193603,0.20508563628911028,-3.223987598681063,2.539095309095004,-0.02403815606246233,-1.5242190058777585,1.1124630521021648,-2.0752510322732687,-2.6630158702333753,5.477940594188052,-3.1999681193593528,1.702883775660107,2.998975822899935,5.89565376102395,-3.0187054494405547,4.424101518907315,-0.08774590090924757,-3.6991429103477116,2.4374594100703404,-0.23976730210631333,2.1644027038477542,-5.0067340483836125,-0.3942271411631861,3.0229422923781963,4.942949554881459,-2.2139418218006353,-0.9711898374712868,5.323473687904537,2.3387799510860376,5.236792568946149,-7.428523342578842,1.1683208972480625,1.1701901354857767,-0.2865909019205666,2.5098919985858474,-4.509487194464191,1.1357710336849034,2.0760153275361546,2.337713489605613,-1.6700628619168139,-4.023136817816402,-1.6205766198226128,0.4469567699274551
GLRGC0104,17.02896209310413,11.018502653384752,-1.7924194415908494,11.005103860398977,1.9201664283071678,4.403470404749799,-0.3783252450710922,-0.6971984148183284,-3.2055226638937526,-2.705600862245917,5.9320349623636455,3.2836542128198314,-4.516446145724925,-8.009479965975432,-5.3064155551138255,-1.9923375483236374,5.099109978324234,1.0810235347866213,10.96235793126538,1.492232006309112,-3.721544576370874,0.7733963322857942,-0.04597787208882143,5.5837103283075145,0.1092397238550964,-9.01874088292695,1.8542702085394263,-1.5249562129293845,3.2930946863063473,-3.384553281709697,3.2590188122517856,-1.6490211591454613,-3.243707066557722,1.410773962631659,-0.182542568716627,-5.140712716546074,-4.260236868525086,-1.2620347649496342,3.0713314422146567,-3.347680986932106,-1.91845065252789,-4.843331515448329,-0.10123872843211117,4.011386683184696,-2.8078444622232674,-4.575249606560369,2.264125351576202,0.5033995135641004,1.6584635588787882,-0.8537657651075419
GLRGC0106,-23.388502770503845,4.362143216688498,0.7355484731920925,11.1249696708849,-3.9561755101228884,2.160607858174227,0.17335535295176152,7.242549410613083,-6.575572770489236,-7.558548341915804,0.20353567945681536,1.771005424709957,-1.6263109034947507,-3.1966873461508105,-5.856696688123622,-1.6638322680445432,5.419321711269873,3.2503146304991843,-0.3673472085653566,-1.8496271866771365,-1.3460957907559432,-4.942386386863987,5.336689127523364,-1.7551520412506585,0.5189889660159026,6.494252962271203,-3.1605777116133287,1.1437745131975292,0.4647139425843369,-5.284424198518905,2.3410835378454857,4.618568985266397,2.8129219858441865,-1.8077223811656593,-3.37428816023672,2.413352246718444,-2.199298190467879,7.502517642813303,2.0525815133287684,-1.4903052379862942,-2.126691619568085,-2.039350831496738,0.032691769481667604,-1.5940670973245152,-2.3913639225299637,1.9473355867239657,0.4565785719142361,1.0354640200730159,-2.112663705392648,-1.4452009948376117
GLRGC0115,-9.806588383656699,-3.0413102707844932,-3.8023894820979445,-1.8933747331773583,0.9114795127088248,-0.8448392223710641,-1.2118378964488103,-2.3877065756900584,0.08183362632300176,1.8822244745142052,0.8080361810720404,0.5855924818562185,-2.0979629790186487,1.1242250533311386,0.5760269279437177,-1.2579245305454574,-1.6289443036796656,-1.0738707638265936,0.4496433330374027,2.911056824453875,-1.5124768809985065,0.8821872963954583,-1.5007966948835583,-2.9432180270676978,0.20882216098951548,1.1598706624478181,-0.0978148809767241,3.2991292071593366,0.3923620650956285,2.5728922004331265,2.967263901925667,-2.3673148536042543,3.314536725142647,-0.9437127399480023,0.4886035654723619,1.2441382077131578,-0.2055005528284021,-3.6659636835305713,-0.2972644701708295,3.318032071726176,3.0757369708000635,-1.9558149392938717,-1.3680785222021066,-0.5797262813068006,-3.9962015816088208,-0.5150354418213116,4.5343439367800045,-0.7899753150911747,1.2655478478456723,1.6453538526889666
GLRGC0121,4.964417240389977,1.665445771229247,-3.349367438372864,-1.528234283291097,1.4671151551311878,2.965511450380009,-3.187551408780518,2.358299919323285,-1.6530042304337322,-2.289917311155975,3.339060025323446,0.7278679151318853,0.043908295767710215,2.0809575519065104,-0.17774158630950837,-0.885222325568377,0.4600449145313357,1.1567176887924449,-0.2623374295431424,-4.427678132119993,0.07234780542074824,-1.0264502203859618,2.664584968368791,0.1926744583779159,-0.4115069247812962,-4.558926141680969,-2.8569858672810495,2.656742776458774,3.7315589536025002,0.9967649515403386,0.7399744188058218,4.770483856208018,-1.3369144557399368,-0.9889692819995114,2.6577331975167646,3.9255867076771023,-2.4297717404750436,0.03063872868213072,3.671238410259107,-2.2452352090908234,-2.973001620360524,2.671246121011855,1.8842555670834822,-4.825480776471093,-0.2191644875388424,0.8785067024918063,1.9857297139929235,5.288156445383922,-0.5417035171249021,0.036118558620853544
GLRGC0137,4.844520080454399,15.170881438470825,-3.9467350918069806,-0.033875312921907354,-1.4769611536398277,-2.1471445147717647,-2.0862439323698507,-1.81977344319806,-4.7849956837857395,-0.9746535140479646,2.227734376125636,1.9661701516997039,-0.02794422912514374,1.6968797844099837,-1.2195629579960692,3.2711750435103535,-1.0343272208196919,1.5003363893065385,1.0604625502375984,2.5074231004667205,0.10531726275860438,-1.6209962259692328,-1.5863885563849474,-2.038494128796117,-0.15172495072503434,-0.4798883253719137,-4.40473026794829,-5.722669305480946,-2.1390295607008003,-0.628921331332456,1.4500049390278282,-1.3883941539774907,0.02305110085321989,1.3266506197978454,-3.597960352144473,1.4157520999634876,-3.0279375630918066,-1.3181026107883131,-2.735952479215689,-1.7188833185514183,2.341210837205967,0.9453751224081554,1.1395931801175894,-3.59967888289446,-2.963842179930505,-3.205912823103433,-7.800056213106292,-1.5195470805008757,-1.9343599224802774,3.274192815230048
GLRGC0141,-6.044820887312936,8.090076305739654,6.582002015641837,-3.201574919073367,1.2983392824324425,-0.9690519537472702,-3.3020235742709754,-3.626582476672034,-0.21956018205576525,2.1835690563332912,0.32131767729779026,-3.0935034133535706,5.641160844959028,-3.1294455106764674,-1.9353458312821732,2.101090698539247,-2.7569894433944215,-2.024555425584737,2.8776810991458275,-1.1978499119551556,1.5979773940476474,-1.8012618395279718,1.1606651449065322,-0.8937452302426074,-0.14467681011000397,-7.986168743265087,3.1347392376031724,4.087710411932627,0.7185445755487463,-0.6033232075648269,1.9524001296565308,0.4937212005164221,10.533880750189404,0.3097607763056069,-0.8458125124648757,3.761125365876527,6.744592796414035,-0.9396421566638135,-3.20905104360088,4.855231518375179,-4.200578592305853,-4.7868934857592205,-0.03871163350920897,-1.5505137036338363,-0.7554853623312149,-0.3768930061200234,-1.0340364068630479,-0.6856822187196203,-3.151010183844556,-1.2765724323569627
GLRGC0147,9.604659782545177,0.5277109345582143,12.762579272177351,2.3728799934854083,-0.7753629910359682,2.573220571273363,-7.308446510387671,-7.886447035671204,3.488849736402329,2.535903480309752,-1.552363209839355,5.39686284387117,-5.831187851595145,-2.0818674425261596,-1.9970893700955408,-5.7790506933516355,-5.655733800269582,-6.553542934037621,4.980564437151086,4.953063289752529,3.195051417417659,0.038500773297977936,-3.0168035814170207,-3.2897213967524785,-5.843815829258771,4.208988908325951,-3.488117882616031,-3.5224663708317054,-1.3535329943294612,-1.6233976837507331,-5.933522246319755,-2.299698947810507,-1.613702429098159,4.015207831499871,3.650118390408358,-3.9853025527598778,-1.865939186579197,3.549941401669364,-0.08961063411297815,0.968825840460207,-2.4563003162481083,6.315964480279568,-2.666576858196688,-2.2042720531810662,0.197441153710515,-3.2825657608603045,-0.021482773744421986,-0.26132748416649676,-3.688928172667295,-3.7751233320458053
GLRGC0169,-11.25960926207793,11.565095150913269,-3.5017431589729138,-11.728743889234304,0.23883193809412892,-6.914889619460613,-3.4148711354214547,-0.28575914896587695,-3.4618370916614145,-0.5606493914382069,-5.7504065921161915,2.3047696284428345,4.366779047510801,1.5414053027032044,-2.4018739803408318,4.173323300572466,2.5913974948784912,5.292897273125437,7.52290073622276,-4.971301024129288,3.4731528164154772,-7.524505575085694,10.387652729872705,-3.3799425154151512,-1.8874000040924703,0.16036608476223974,0.48159101997385795,-7.46980520996899,-5.742789274278586,9.316465729257711,-4.216817401674004,-0.47185716083478485,0.8898295022150986,-0.44902571131430274,2.7620048724242148,2.6932444720871316,-4.847938786919482,-4.598735755008711,-0.3860923452195693,-2.0551120408792127,1.5227120850570308,1.8550869639218706,3.4840199834027437,3.9652613373318726,-0.9168765356670086,-2.578137358390939,0.6522933216991695,-0.5895135715708036,2.723522235990223,-2.174221164503675
GLRGC0173,0.5398855391983192,5.414611881760125,-1.2630844343972776,-1.3845160996600958,0.08597056468908883,-1.2686020637074307,4.796350450020177,-8.25834140291592,4.7967460542129725,-0.5297512587104244,9.058636499402393,7.97888536610726,3.242579195559102,-9.22075045664101,1.2234441373787996,17.73524493768855,-4.965448022884858,10.240191170952018,-5.848308302278898,-4.760845325389679,6.372276871530824,0.15136432873682495,-0.1582001997460064,4.939282128986827,-6.6143447831758015,2.437954312961784,-0.0037443248406779464,3.0608230625795314,0.4870736349475713,1.0288716692234736,2.4511113599896377,-2.23625568843149,-0.40911975333187867,0.34450855740277236,2.4509603240252313,-1.5389242773654588,2.133750378543963,1.0488634805069899,5.017503900465531,0.07409976960684937,-0.6640637764745249,0.05027346437624088,0.09042862010923196,-1.3377428998314076,0.9779948405135758,0.8182446886499268,-1.2241878384987448,-2.5861678160165904,-0.5559145415511463,0.011997851007364587
GLRGC0176,-6.790948726827143,-4.166313305122042,4.0493947402304915,0.8293906591160206,-0.458065559714342,-5.2484867857486925,-0.6871098675036953,-1.4487803640487853,1.5858722189637358,0.00816530020720743,-2.7304603512037895,1.009252089994019,-0.10692992576574475,0.5865535128198531,-0.06486069798560769,-1.2872178383111033,3.1219973977526236,1.2010114241121124,-6.357111773805385,-5.211908767103261,-2.1075381796841723,-2.4825029160413177,1.547779743352934,-2.166285190427297,0.03689688078848654,-1.183014469575183,-7.161847844595562,2.8513814474000836,5.682022393712427,0.5032454009496488,1.5887963996961851,-0.9416429469093376,-1.8221008704472912,-3.6894430386864774,-0.7334966507743409,-6.812665046607479,-1.666403320347895,-6.353860479636735,-0.9926421178771588,1.4512967725268944,1.8347472121518866,2.5679743398976913,0.9274029336709003,0.8548465533593906,-1.844505282389384,-0.990377452248043,-1.2131741818925534,-2.301149130882743,-1.4395358226437067,-1.2406123208059072
GLRGC0179,-4.943788266486336,7.177760276022749,-4.481283130909284,0.6512009797613232,-1.7750536576470812,-5.387573486345661,-0.09726690667768552,-0.44345196706883033,0.5900247823051697,1.3787150131950496,-1.081368170628733,0.68798047100491,0.8020986220689467,3.127410408040408,0.6779795647418246,0.9889833171453508,2.0394248233497456,0.7119852374872018,-0.11768048788659617,0.6645591615173503,-2.1503790843967168,1.1092416554812943,-2.4644760501518856,2.127386647190134,1.42009274156931,-1.3478516512463796,-2.5039992037699057,0.9224458908047504,2.266065028679551,-2.0063017824255187,1.8347584579738458,-0.4861627574946785,0.7625033932983966,-3.329747978902715,0.6985228052945288,-3.4122957894963,-2.6894663726565042,0.6270144799802935,-1.8129753568207354,1.8687910606581934,2.0224273914280517,-0.19460084468447003,-3.768797926083714,0.905530601383683,4.419133125866728,1.4128368984999933,-1.355074417429403,0.581131446978201,-2.736820276599185,-1.3896268682521318
GLRGC0181,-22.441052910010217,0.8386045391446082,-1.649850574613044,1.7852660011370725,-2.9839653097506225,-0.011605213312227655,-2.9147011374517438,1.0891379141871687,-0.681273738970146,-0.16932565098344246,-1.4977505463968317,-0.04421574863746277,3.1490701751664294,-0.45148048506133226,2.2977016126207515,-0.7149225511291518,1.1094980716063714,1.6811626778466444,-2.5486661122255025,1.0583088106890692,0.3340921892827787,0.7539173080645659,0.5053192463858361,0.39298033893318296,1.8521149014074294,-0.19731844976496327,-0.3991699281570937,-0.0061328977225339875,-4.486244347896475,1.4422624468269991,1.847032733018145,-1.0269110198531493,1.352744540197107,1.065376882210318,0.5599319572211233,-1.223549396963039,-1.5672418274115616,-0.17438298549384368,-1.0120933874154237,-2.0797616982295777,2.5580693276791844,-0.17759786439018946,-2.2131093613970165,-0.43950965920137813,0.660966769095804,-0.39874505921708225,3.7771640873201946,0.35373345269198353,-0.7447783333755182,0.9177345478337574
GLRGC0182,-17.19015527220816,-6.7856130600204425,-1.0622841453540037,1.2408139833559453,1.8484207338234149,0.015109635042697037,0.9562411199583055,0.819726246042335,-0.13568829209161956,-0.861948049597335,0.9492158459461375,-2.0162102771565102,1.0522094747352118,-0.9166960352678036,3.449543700548525,2.1255474578274387,0.6763938008045124,1.9929757402246997,4.036770449425981,3.072698528419407,-3.3074035266484882,0.23613949887218283,-1.575553179402191,2.3772113450585572,3.843888013962484,2.3935232468824434,-0.8180005166904946,-0.4992413021232766,3.310413342044199,0.29579757355393865,0.9316904143381142,1.0594268317036404,1.4629062737771603,3.34189237689257,-1.0520199276411688,-4.973572806236539,-0.15081017074451072,-1.9267797910716236,-3.415188970082122,-4.425470021788362,1.5551208955411684,-2.0061991054250523,-0.46684445073163655,1.0762201677574907,0.8229526854712208,-0.5469419524605074,-2.804393038158375,1.0601145310370328,3.6632098070540797,3.642623937559252
GLRGC0187,3.271878899043451,-7.183519756999557,-2.9889057155496075,-1.6285981185517258,1.0648770964678802,-0.6899788980979933,-1.9545694564228668,-0.8622925855992554,-1.1565572450930695,0.1890473533246951,3.8400813599599455,-0.785451560261059,1.710536332317965,-0.7052076029438942,0.504567552490862,0.7125605182146976,-0.5540725943163569,2.8120440359287464,-0.06209421733311705,0.8209091192786075,-1.8312728400471163,-0.43854169738926424,2.641868806384262,-2.3109975880307676,-1.618210171476054,-0.27918743253645123,-0.14385548467418588,-1.8380931688505906,5.6460076945127105,-1.270373927634038,1.080869280807327,0.6854166517551843,-2.651135050389245,-0.07322077360707545,-1.6554333441194173,2.254818084642868,0.9887081938910665,-3.3394156743931176,-3.5948132838102773,-0.027346156225105566,-0.31030828154642603,0.5946205473918081,0.5736413492687289,1.8915438518989112,-2.1173103892386256,-1.9937444034355465,0.39321492386594953,2.1623617973592086,-0.36474587128886526,1.6820086942715549
GLRGC0192,-22.098077277132592,10.821501532629176,2.4312875888525713,-4.761845801184983,0.7451878667106274,3.4162483882086403,2.7389093087966327,2.6653853831696988,1.1004462084870037,-1.9600489014276188,0.3388472803341049,-3.035751094298492,2.571942601962565,-2.7379758768655087,0.3716440686592197,-1.4534084247707906,-1.7233043960703778,2.3386452751383415,0.9578868126203947,2.1957666911470906,-3.996146971437437,-1.3284820064256846,-2.145393866023125,0.6325400810189049,1.5374571911293458,0.9956995922185323,-2.350064858597179,-2.241610822760639,-0.12417350589282095,-2.6225655887716806,3.408251260749383,-2.1521453908621107,1.2024731330160914,-2.2005330837318633,-1.0496973786541361,-2.7666488504662623,-0.3038332373465052,1.1227959659940487,2.449189071364653,1.9821847084380873,0.23305061510582073,2.8542927786605645,-1.041616156163692,2.2870142592089864,-1.5350667878111905,-2.5201018150214,5.370779456420052,2.141727451395602,-1.0836837718708976,1.1602010833263583
GLRGC0193,-6.369732306489667,4.486087978144637,2.6334022116621605,-1.5309101225519974,1.4343866228954847,-2.5936608576574867,1.7213933911088537,-2.2941361376541174,1.0021435970133437,0.5110145929365923,0.27727746350639454,1.11090918122803,1.6166303210394244,-3.2451334587591734,-0.08803083938042329,1.435452009445019,-1.9699774360606996,1.6220911258991617,1.8803705553688044,0.3788842891770584,0.8918101417105752,1.0286227314364405,-0.8723351261343766,3.0820455503468307,1.0664550594701936,-0.4193750086616746,-3.197034072925898,1.9792576963547621,-1.4093183087706775,1.4518598491997137,-4.28885065410519,2.6780917010982717,-2.4471493993434974,2.4660017075940597,-1.165793236033407,0.2151462743415024,-2.276417155328495,1.674180091832855,-0.14388125713836206,1.7951964326446892,-1.6571877276172173,2.2766550214405736,-5.615047303622276,1.8833956342926939,2.03652921281027,-1.426389818984302,-2.0486787585656145,2.5637996451786393,3.8478181238028326,-4.816904748484708
GLRGC0206,2.9155176324880525,-2.807339760761794,16.635416225141324,0.9348873790594953,-3.557988248605309,-5.182575086475234,-0.3102881021008193,0.5752713047593923,1.3770914766340538,4.789708178122967,-10.487296990816159,-6.192554763410873,2.262970354733825,-4.137107955916764,-6.536847724028709,-0.38729222102122385,10.49937554701731,1.9186883280924345,-7.018301073948433,-3.3219164731347055,3.4847851766474935,-7.037375108048498,-4.092019702813408,6.055404006609263,1.5635993224426092,-1.919045463743586,-0.36793557193937004,-1.452565838630577,0.28879333622150183,-2.992625672311981,0.6913239145624044,-2.4404068206166345,-9.011995350297104,5.104083782522631,0.8201276204378812,5.680874936049742,0.5145448990747643,-3.052180421090551,0.6043925367733082,-1.7524177468561146,5.277662334096636,-2.1951668176957315,2.064856926667758,-5.399498058757826,-1.6421086536806129,-0.5172822061623237,0.581613264546511,2.501697945816461,-1.6906691052417682,-1.3416116020256923
GLRGC0207,-30.083903985394958,1.9410668619770963,1.014120653373399,-7.937222015176882,5.986670980995725,2.0564249063029854,-5.286448408398693,-10.064690195401644,9.684213358181449,-6.83136840541113,17.991975943609905,-6.596640962996638,-9.640577316107297,4.769912568688096,3.168070232703878,-5.1089150320544,11.700416888973749,-4.158564474213343,-6.3775748696835945,-0.6895511252761831,4.776075348825715,-1.7061319523368634,5.493276298268325,0.21548617075655485,1.0935248986362653,-1.5599223302253873,1.4971182893625443,-0.5134684210538588,0.6039126062120143,2.678643788025265,0.6189839336973977,-1.5426691025557353,-0.645907822025808,2.7366470016822664,-0.7074517588931826,-0.2946212762294562,-1.7855919309497459,3.0932421015724576,0.7519107412444069,1.4235624065418846,2.6028071432512756,-2.4677323301357514,2.282444987141255,-0.36158057951578493,3.118303302016504,0.3093092198537007,-1.3772305627940917,-1.4383878419081972,-0.7986226275413332,-1.6856438554126494
GLRGC0245,-2.365391218574133,-8.210105289892487,-0.7921342388575244,-7.791803351566992,-0.23899210565751247,0.796708086131394,5.281482352124529,1.815152823749507,3.7983265073088193,-0.9875844653059562,0.4313515480350404,-2.3847634095099632,-1.2282132138059094,-4.590279921295756,0.7602125494687312,-3.209007313803476,-2.112419519166771,-0.8555296852928077,0.7582348854777707,0.09008474684175177,4.096214939351925,2.866471351626414,-1.835974795753668,-4.708418517781603,0.44058484057403735,-0.41358444327476807,-2.7257252757109844,2.63701987476058,-1.0873917254953953,-0.37956242850518557,-2.0101294189535466,1.9254566136051683,-1.9661169277418755,-3.2402857902604523,2.3687116674954876,1.0673129656635392,-0.2639050491477174,-2.457472655075744,1.9382248364823333,2.277477056703519,-2.757099902050781,1.5669979925183208,4.10030098459469,1.4366076012708509,-1.527042021423755,0.6302751757361625,3.88162578597658,-0.45183403145550477,-1.182309128775441,2.413482744686696
GLRGC0247,-4.152560543299787,-0.3608807768195044,4.933569541773196,-7.220623336733232,4.375006354201605,0.6001896446488562,-4.25176782294227,0.686622825448963,-0.9437666218591556,-1.1031982559098148,0.14092008981681073,-0.49791296752658093,2.689099038864902,-2.606246231035438,0.8098003678875916,-0.5770042209052334,-0.200689607764422,1.1764727492644076,2.421417974767459,0.4113631394145985,-0.7571265624238481,1.4173236523884511,-0.21941270522219122,-1.561678315516947,-1.368131768078322,1.405534986551436,-3.1238252940356026,-1.48999325614121,-0.4488324803974526,-1.2588458545877592,2.930062099924516,3.1429662650044072,-1.46542129900201,-4.548735991334275,0.0030549801116612923,0.4931239292308856,-3.032229486299011,2.25722022948421,2.5446244860365503,-0.0404416645530418,1.7905826622083172,-0.1070933218266927,-0.0014204868595507213,-4.192108867767104,0.3361455393128936,4.232131635912497,-0.6796844896341219,3.804129037953884,-0.5653009437937098,4.007599498295802
GLRGC0251,-9.146995206908926,5.7128321337362005,0.4412563827266096,-1.797827498551358,-2.775687689756641,-1.869556637015521,-2.9029921273991888,-1.0901499207243566,-1.7480868402094611,1.1503152723308583,-0.7196767538521508,0.28425861908282,-0.7840496207552325,1.485401683237945,2.8246488601261257,-0.8262036542284189,-2.5931740253948345,-4.091572434003432,-4.303378700448631,0.9493037606193354,1.7595623878952267,-3.244693499695345,-0.30825385858015397,-0.39453035006717746,-2.015748432415645,-0.41747141608770577,1.5227167960674661,1.5623856208322664,-3.651525730419984,-3.001891193070942,-0.7624905103872044,-2.7868678221879457,1.2201412458349836,-2.5941095152265,-2.001097260909271,-0.1776701019534298,2.7565743491282166,0.20174064030902372,0.7645424450865392,0.1963828021182868,-0.5119545874554324,1.7109383042309234,-3.2641776282408843,2.5155269208847755,0.9808453271998668,-0.05774197099375882,2.6418478817326014,4.491949700726359,3.4612051820338396,-2.4318901376810635
GLRGC0253,-18.54411250874061,-9.32830230415718,-1.8889982887729229,-4.4964279931907205,-3.263405111450616,0.8679974668384322,5.037040123554962,-3.030385712598843,1.746169322092161,0.8110353939277823,1.0818895371945811,2.2326733701651817,0.599424932354957,-1.0141275164838077,-1.2345121078610763,-2.670027641416577,-2.0146552958343746,-2.194500783175609,2.3157668927388224,-1.204849448462448,-0.9894723210328527,-3.3287947891376777,1.8491866376524193,-2.012018712023261,0.9078046964788051,-0.8966635541190777,7.669045950899568,2.8354835392603084,-2.400073783277433,-0.22474979150740215,3.0535137490796216,-0.8883305344270377,4.009506314024408,1.82049460527705,-2.368582066422386,0.40666202952619074,-2.500607875708385,-1.172425437682991,4.629298934306174,-2.1088543241814657,3.633358234848835,5.545181924111483,0.5442871367273036,-0.6680425666509374,0.6994375445236141,-0.17349588645699604,2.860384124766769,0.12482668615965305,-1.6445972686250105,5.2348228490366555
GLRGC0258,-11.408421314146848,10.228309358226307,-0.841613812516138,-1.2292133923717896,3.7847521940041426,-1.5191094762774888,3.207764779655945,0.05094255839577244,0.37801230450094897,0.7190138218556891,-1.9499967629975261,0.4506947345621338,-1.5137106106739,1.9649963552449519,-1.7007928605360436,-3.024571073851238,0.25205053348792833,1.2384544038920542,-3.5537344141264553,-2.5582758143975726,-2.635737944941524,1.3972524781158138,1.6562299335739123,0.24654028356636837,1.2307792351424638,1.927707317729451,-0.5694106364213029,1.855103738020826,2.3730644934461784,-0.59064058896863,-0.15259586329729222,-0.014924786739632876,-0.3053102584778999,1.2002730526381955,-1.1652994630830993,-3.5900511524528165,-0.02238945812501342,-0.08216287556488946,0.4597887811619563,0.05793556652742023,0.18261101975788258,0.24701671932770258,-0.21356036499401707,-0.07640928036059974,-0.4270884521040412,-1.2865454841811774,-0.41366599219584266,-2.7034017095976774,0.39588777793598284,1.513413591257598
GLRGC0268,7.344708541735425,-1.2214161878529555,2.6306398627917935,-2.9732889700711937,1.6807094275667622,4.186833938240548,-5.19833048847163,2.115137743834609,-1.52320786796229,-0.1113113253549749,2.933421059124469,-2.875838776257722,1.8539634249811388,-4.988044130255724,-4.849813978192849,-4.009800291658213,-1.1819548230220147,0.6085399475158607,-2.0405077013816255,2.3430832593093736,1.0821533997651231,2.0543646195137564,1.0907197228462662,-2.3133236898347493,-1.9448081383965607,-4.246131694205781,-2.703883821254492,0.21826238660061953,-1.3111951037334209,5.522600342653433,-4.686586784210809,-0.2633106655766874,-5.335544170274686,-2.3246783677786307,2.2106514546717255,0.05863326813065585,-0.6565862748146609,-2.3029170513121864,-4.931694397311525,-2.584392378056852,-5.521982334196142,0.013384873018798711,-4.438565417693358,-0.1054927536349846,-0.281795742276486,2.9047196418235735,-0.04819139700107821,0.6125051540706802,3.3922301525555127,9.384953615043996
GLRGC0280,3.2658873058668747,-5.31427064023131,1.3866845818118527,3.086664932821246,-2.138605616014725,-0.2645073159227821,-2.0892594811797593,-0.7536218889562342,0.810695818948156,1.733851178792718,1.106005276292328,1.196828972559068,2.422063532692251,-2.615006832603359,0.07264522523229221,-0.6871439825072204,-1.01031539880384,-0.9112512260919663,-0.053585503034542334,-0.016278146036073252,1.5931521825246664,2.254276310187883,3.954566080075673,-1.1906967368441481,-0.24014277265071027,0.7226589592949375,1.3283520110844027,0.15829581915078156,-1.8291311672707526,-1.7014061857155736,-1.4438472643857059,0.8777607375678663,1.2495329666297261,-4.279353533100398,-1.2024872973299259,-1.8427259003854146,-0.7867036941026962,-4.901333672525708,-0.8026770378209647,-2.8060770246684585,1.2270473371422421,0.7901190773102208,-3.698682652982169,-4.677997498148952,-0.7472818454867561,3.961083555019783,2.761307958981745,-4.023657150532122,-3.2715262759223602,-2.575416057706787
GLRGC0282,36.74707574231346,3.061589381120885,5.323768729590752,4.511262422748795,-1.4506943793649574,-9.711170394346148,4.293139950010344,-5.5074546214119,0.5661638666765442,-3.1902483126422,1.141668587509735,-0.451853019080325,-4.621568035313214,-0.7882373447560005,0.19558290844337892,1.2911863402279355,2.0420847953493784,1.907979781839667,1.2014466034910332,-1.6735415987754825,-2.6928157357777907,-0.7879565442806218,-0.8583100770777682,-7.767886641217712,-0.19931518284393543,0.44810732269587383,-2.3633953162015837,2.2896371607674135,-3.0890714642847446,-2.13829670605794,-2.3598525877524246,-0.2810108029259283,1.1890905394496534,1.6941468245459672,0.9955965225321382,-4.453790057660394,3.806876764741074,-0.15002526575932532,-2.024220595823475,-0.9411227618740234,3.0381551260738218,-0.03706945318100165,0.8767346812202038,-0.7372921574512931,-5.41930878882862,-0.7015163693803941,-2.5987392559189475,-0.5212686773791136,-1.9773818843666007,2.275731744064349
GLRGC0302,-14.892275004079265,7.248471942523772,-4.301851933505456,1.246759465101313,-0.10103031219074768,-3.3238322946627576,0.19700832234618385,-0.8379471224083946,-2.8671250715579797,1.5757051087291827,-1.825714275813978,-0.5892344585105952,-1.7685212011447113,3.1870029291986604,-3.4850223465569283,2.3424275329716777,0.1273882714094406,-2.998318414582512,2.2595395417154904,0.6008390889207682,-2.3048217815829752,-1.7199956792875484,0.30540049102723965,1.8809443337083562,0.0128378620827053,1.4192814893153354,2.1065952517698947,3.7723625066653086,-0.6403806032166234,-1.6397690155604059,1.8238246621139356,1.5451336215038436,2.8072364612444565,0.9618819524732313,1.1701243390960796,-1.433656695169539,-0.17044506972678933,-3.5901036179284,-1.6399821219634763,0.6457899362534697,-0.36268503545147746,-0.9805556727915122,3.9518811075610256,1.628801578467384,-0.6953962293993466,1.9927905426149595,3.2670599605451915,-0.3437598839473094,-4.326838229905316,-0.36367179992010457
GLRGC0306,2.8456630897096797,0.7558246376343339,-0.6127683690243225,-1.2529717757612289,-2.3230721344922025,3.5324154551452995,10.170291022756665,2.260971308112358,2.0878211209064252,1.9561144749591608,1.000965840002608,-5.385875213093749,-0.18417676545456638,-5.496682270250207,0.7774149911272382,-2.9279896390856246,-1.6163850386452607,-1.6363245925290546,2.155039122296872,-4.488867888653866,4.016943392411174,-4.899701739154646,-3.041921738837766,-3.3020095269891656,0.568161516106794,0.7993559943285914,0.4358765002647673,3.2629186179790826,0.8420405330213447,-3.183247927263929,4.426564891473325,-0.29032304160003003,-0.5725167230953806,-3.5119482934061286,-0.8405875851861643,1.6664214020576278,1.2930651779104954,-1.4771677393022404,-3.8765595935333166,1.2570247591394512,2.249929903932469,7.1324440816579875,-0.024411386969558833,5.165292896096716,1.9429664886921079,-2.6257799893333784,-0.5775657752442017,0.7961658197760504,0.07781602653448734,-1.4741829248106204
GLRGC0309,-9.424445950421273,10.340232509559346,-1.7599896309118424,6.073497660191305,-1.4253944553811804,-0.7557448705964084,-4.273478264524074,1.972237720383694,-1.0482566415328753,-1.8428779389934395,-4.417187252144697,-0.8045899770670605,-3.2831078425926874,2.5768447376560544,3.667780785523112,-0.03793167860056776,1.7828794651621982,-2.3438511535248456,-3.10061759318474,1.4702640581827524,0.4395872113799703,-0.29439946901298464,-3.095797173817369,-1.8678409922904475,-0.3798367908934297,-0.109959979312054,-1.674734087141037,2.753999216706654,-1.0088907506385552,1.9850324812427609,0.6920473494880787,1.8576655495675571,-0.9810178645286954,1.4902677558614692,1.1317237988827382,1.6276344122013213,0.14194128871791606,0.08547732332507572,-2.07876741299122,-2.209227372192491,-1.259080731434676,-1.6461109440949833,2.777472939091525,3.402840813574194,3.6183255796429625,0.48644874914951874,-1.6683386940578286,0.09753476226566389,0.19454727490815815,0.6200752221904333
GLRGC0313,24.056067929155574,4.553870457597658,-3.0637937558827257,-2.5365784863411722,-8.607253891202582,-2.8987478869374943,-3.0082088892376624,-1.0844318635160395,-3.7391291665396102,-0.7733668096229881,1.4528681635306684,-2.1990783340603777,0.09357224042914665,-1.2141753725575808,0.16623198579887546,-0.3341772081820662,-3.7683493432882975,-9.831283409852075,1.480804765432256,0.23721997421749577,-3.8508277375396385,-2.5396512554640025,10.281990958482346,10.92227383786569,3.497825260570639,9.513432278959343,1.4278788550812564,3.138206210817968,5.1530307989380395,5.804702269664792,-4.25529483720957,1.2402501431237816,-2.358309188485075,-4.649016432080882,0.528670700985793,-2.2899149783558075,3.7012725489712706,2.4629405954901777,1.4098070122782957,-0.7035571738246799,1.8982683435875536,-0.5655742764856291,-0.4990041359260152,-2.309273148083754,-4.104676195271708,4.810577381650224,-1.4139665998863302,0.2400304213473832,0.7292136337321505,0.28130377879289015
GLRGC0324,7.577477654407522,-9.728282625260197,-1.4061540481059243,2.023837152675875,2.0422374588208356,1.9038377625940817,-5.281022763396904,0.5285031583681287,1.0461506392541444,-0.23215935385288983,0.6659805094720131,-1.3730097943630335,-0.24725620071390478,-0.23609989540206447,0.684839214490108,-0.13607838012865592,-2.3833232538063385,1.361419945808737,2.0104044444132576,-0.006790456984359358,-0.32599873524365935,-0.9584138302798662,-0.30892997201139144,-1.1225295266091253,1.3045997833958234,-4.074655151977528,2.2275438831161134,0.26853867390895564,2.8247510898015538,1.3279920864355088,0.9509705516700822,3.03907113963099,-0.1016196890388747,0.6165742239949068,3.4784219643908267,-0.9974759755307432,0.762699593181735,-0.9877604350992476,1.8578806418944183,-3.2248307242733887,3.4086918886607407,0.49489977058505613,-2.4635437832562257,-1.4969152437174669,3.600066826657499,-2.653314940066736,0.2868703784476449,1.2996056330908528,1.9215549411025705,-2.6425137577774978
GLRGC0332,-16.239211540214754,-0.9417961887614922,-1.7014260758337592,-12.95379856139197,3.4051438367339504,-2.2547325963823104,0.22033065930978188,0.8776415729732289,-1.8313699957340395,0.3361536524953847,-1.4585691917296855,-4.085283088792262,-0.4519450304589856,0.2885033612019722,4.400203607434287,-1.9720581359466307,-4.031393026807507,2.4663547139432027,1.8606417616425261,0.3674852046996783,-3.0049235238893655,-1.5186383758759825,-1.4504790223238717,-1.8775222931280977,1.6013226273706942,-2.0398220054488596,-0.4585905078919463,-0.71366457806677,-5.4062273097748905,-4.814438258447741,1.3422772009462745,-2.9397323074682924,-0.8863760085495149,1.285557569106966,8.519778788491967,-3.1720603005449854,1.6772004953439612,0.5128835094853759,3.565190549854126,-5.229174268824112,-0.5730496838833441,-2.6633208518703464,1.6036321668763938,3.3476605771076793,0.6024979418840286,7.055261457167051,-2.9927956185949216,-4.6442495240202595,-2.9149524396239306,-0.1676824234261351
GLRGC0335,-2.352396571629071,7.914335745507502,-0.9261759205062288,1.7416195997632287,-2.3351943045086885,-3.0227824295949217,-2.281128263863795,-0.9218818674453755,0.7110393023614746,-2.430410955272052,-0.46926288955847956,2.75333483288481,-0.43784261689833737,3.303671331454474,2.2659178490488494,0.4598864946926866,1.539545488079591,-0.44012282718077184,3.965056447165029,2.678089220049282,1.0403111223849408,2.4442801671378995,-3.7195906952478417,-4.24349436755082,-0.9212693095776866,-2.440422615398352,-1.564861961569931,-0.5592560125431489,1.6202370125031167,-0.3365455008051319,2.3265037986094277,2.2760834406179873,2.1998192014257247,1.835103881139627,0.28693498524515376,1.2707383046849725,2.893523741091103,-0.8497811642250328,-2.810096047288144,-3.3371404746019686,1.850732573984707,-4.717256627773459,-2.5073248844429235,-4.385359374154375,1.929725943343253,3.485923447298834,-2.406579953681964,3.0139338765290375,-0.5699606216827656,2.0576345038228228
GLRGC0348,29.024931761522637,0.510313023184328,-1.9342544708720297,-0.22657873592882105,-4.174048540904585,2.491048692980278,-5.475188288493641,3.764906381813898,-4.908820229788089,-0.8154746359578993,-2.4761487905673505,-1.2745525675616605,7.8391258540115745,-0.5178482136911303,4.003087719322166,-0.8128254420827012,2.1889419210332743,-2.8102328844501696,-9.213017601392416,1.8058402147124282,9.94816109974191,4.843871024173977,0.7813103593786122,-3.0202059753692616,-0.18598460557099866,-5.127920525548607,3.794899556025957,9.068746426627749,5.835650883350954,-2.8010800724153873,-1.6732711826348312,3.1031104240466747,2.291994089137492,-1.3847681511253933,5.0312029632075195,-2.050470372422999,-5.375717990903544,1.9624295815062633,0.33902256580008755,-3.635362486282043,3.0088205511758046,-2.6615886608266703,1.8074445923216644,6.131288144926663,-3.9108756221980805,-3.3487140245769567,-1.577619064682298,-1.7952761256159437,0.13000174962985306,0.19076674608679683
GLRGC0355,7.998382267888303,6.731892818759949,-3.1723101111171115,1.5596670858300958,-3.81196843505216,0.13407699265014825,-3.416123287901788,0.16650011133216805,-1.670203529896016,-1.921740207330991,-0.7280867582164389,-0.35368379910856945,1.4500907855531673,0.9362822901722381,0.027930924941122145,3.102586622243765,1.9937289576576105,-1.0088025524786834,0.9037802618954011,3.7521313779302496,1.6557046980506178,-2.6032472588323543,0.3711654739128909,1.5752253415653799,0.3775917988517286,1.4257661408806008,0.22334781105898074,1.2850006742473823,0.1448779712507003,0.8986451929735771,-0.3137727257423746,-1.3632057035149252,0.11618069488904884,2.8775311923496836,-2.5603917744674196,-0.1940247348044631,-1.8344453497384268,-2.6626325988605157,1.4704750709944268,-0.4647964675729466,-0.7296255022128196,-0.9727153721212294,-0.6248282639496762,0.6791230444266616,4.254736403916094,-3.0180221907338605,-0.1743919975943453,2.481137695246957,-1.2360139318225578,1.9228362046822534
GLRGC0356,2.5973824191432726,15.800565835524417,1.4146840760680934,3.722750033398645,2.288400075487935,1.3002556050376357,-2.409330657121292,-0.2511901456357423,-1.4725188715773767,-2.084969969638247,1.0058751116765643,-1.6449964775902262,-2.193570500486972,-1.5353776552796672,0.4649442052082095,1.867095996187841,-1.393885628879111,0.08198771360888125,-1.9050202449156164,-0.5225903643463176,1.5174073843483424,0.06711471628420189,-4.422706839686857,-1.5700923543830314,0.7187753409030363,-0.7153034442907051,-1.9902716002280778,-0.5719204688103483,-3.4126451788704886,3.2469672745214693,1.9875872371941279,-0.12530226578204776,-3.1479835997490833,-0.6078959869304803,2.307368675107194,-0.47337820884704396,-0.3483292229225651,2.743823012430575,4.23910030389665,0.22986523178754512,1.5962827745710018,-1.222191573164041,-1.1379233431673814,-1.1950975829730366,-0.1748621363304519,-1.5371023562359412,8.541571025818925,-0.7905427433053521,-0.5722591747025481,1.5134894682642945
GLRGC0366,-8.251064481613666,3.178808658452506,-0.14247709907018513,-1.0572387476188143,4.247486172701996,1.8122975250442848,-1.6000432465609493,1.0419989033828643,-0.37867957124519697,-0.12085777002517739,0.6650137479563868,-0.575079974205778,-0.9673046049476096,0.9745432615900285,-0.4561933032555641,-0.7338233499179103,-1.7973203270304647,0.6950982142676002,-1.0237887097054166,-2.2830905567541167,1.0797788234515997,-0.005278535702359416,-0.37231301356161434,0.7989104806113001,1.0595468613510362,-1.1797121109827922,-0.7573587348590748,-0.9588954511241458,-0.22124701982725323,0.9027184166145847,0.19720663215257617,1.9704995833416825,-0.8714910584055148,1.6587069149823086,1.5044060278309692,-0.552876119758445,0.3922698015925363,1.2678123239317454,-0.359042266414476,1.4351014402614728,1.357956135485967,3.009878772095528,-0.49573108162237606,-0.6952531204775219,-1.3764737731243906,-2.6358679515395096,0.7027280579319738,-0.6275580579694282,0.08612600527041307,0.488431023580854
GLRGC0368,-4.381323525488393,-10.882739358817847,18.80311291575399,1.7800059165344826,0.5017598613332073,-18.997382089284184,7.543395683023556,19.10400803078742,-7.980607675249046,7.288932542669227,16.191044837460776,-1.8329167945402214,-3.684911293789156,4.338571119757824,2.273074950898297,3.3835750432456946,-3.1297822454806585,0.162338017622978,-0.5920087602107378,5.293222686633049,1.187791598884942,0.06210714856491711,-0.1104637865223774,2.4702147336612157,-2.47394787739657,-0.8026020609852669,1.638127660638666,-1.5544278804731568,0.8049396544965874,0.8206472741031369,-0.9546130252249412,0.6160091513060931,1.2838804720292032,1.5873117670306305,1.5208425874734885,0.5488252462196919,-0.4777200561242147,0.982210613727204,0.0628179127545032,0.2462632143790171,-0.752420219205103,0.8460288869993894,-0.04646022727017362,0.1900381003573789,-0.4526860756529487,-1.6576527095096079,1.2577454135909816,0.7503462688652119,-0.6547319504981248,0.2948062380302123
GLRGC0370,4.199322303011217,8.255297234272149,15.198870717831058,-9.957807781257356,-16.433188724407675,24.719262198704403,9.177429359193674,-3.993972963040885,-11.204069866028505,10.694024109262566,0.7451620564277366,2.679435399826204,-5.165893378090905,8.36077375131009,2.324665656386461,3.8972898831207896,6.606208251849968,5.3833731897334305,0.6003683673562606,1.096009124210055,-1.3061376333577477,0.6246892809531289,0.8298563260270064,-2.731344841328953,-1.420174477408079,-0.2304812846772507,-0.2257508666078289,0.5595217477501312,2.4933236176261464,0.8557444520850952,-1.8470074465647315,2.011414591559807,1.8276778783761078,-1.2709081957381998,0.24708093627097516,-1.3148793094925793,1.1544463392471769,0.3474172935014432,0.05951481420549045,0.3290122771130091,1.0842279378648492,-0.33992831303816723,-0.29840578798861245,-1.1324408317914252,-0.11368853939682294,0.013277265149059496,0.0121252695362865,-1.0103668306220457,1.2858334122352266,0.5755770919454875
GLRGC0379,-13.090415795215325,-16.415550018715546,-3.354121631614686,5.666542355112018,-7.0200035097946,4.119317762697725,8.217748958718946,-1.5428818956828063,4.091371436788148,-0.1014005618189347,1.8373004762414105,1.3176978735242952,2.611351555146575,0.18026751517634235,-1.1675642236003294,-0.5279289338998285,-3.848062888567687,-1.507950737234953,0.677508773617447,-2.4369308945785217,3.8621091922215824,-5.386499170922129,-3.0508247743074057,-1.0669220710540643,3.996477955726856,-1.0174107266949286,-4.167779708365178,-1.5092507137538034,-4.115892309901801,1.650204773498046,-2.1094759269001635,2.320991231519122,-1.3616211961583258,3.356046365288863,-2.5419919622521627,0.845036679029315,-2.657703441466868,5.526309986455559,1.692846013532608,-3.0080293912962786,-2.7829791261003116,-2.9924994907663818,0.7598604167685182,1.9143955752853028,1.5208800634242172,2.140136012778522,-1.1752160631795872,-1.508439032891278,-0.4560746082787338,-1.2774588920657153
GLRGC0381,5.62545958882109,-0.16540340070803944,-1.5486621815227852,-0.518748667642686,3.4877371192584046,-0.5783382668593119,-1.60792843463497,-0.3309979347779371,-1.2374009822498173,-0.7306962682241072,-0.8385330050213392,-3.3811554863264446,-3.918165219321635,3.4444118696842145,3.157765376129544,-0.7720244221137845,-1.3587971906051934,5.313252539295707,2.638266932331921,0.34279737568896895,-3.5824049767677573,-3.615014235630801,-0.030937119724951022,0.49016901424148485,2.0208413962194536,-0.5434795964838425,0.06247454933927674,-1.2686495394349526,-0.10336243009471754,-2.4044666403242134,-2.21713889185278,4.281673874409413,0.2024281888971181,-0.9617572893145211,0.8830680145191898,-2.0112443025099953,-2.1703576469251176,0.1951501440466332,2.353405470150959,1.819522496571488,2.2636985765628785,0.08301628631079273,1.2627615373712089,-2.083010521355405,0.9564465958409516,1.1403415766752112,-2.7901819600291833,-0.1940097774101317,2.268294415035894,-2.423101010859296
GLRGC0426,7.110539369574505,2.5028357369041467,-2.788703632210508,-3.9586468125951875,1.8154150493845038,-1.0227785365321707,0.36707686438722226,-1.0298646805407299,-2.026638534919633,-1.4842761262036468,-0.040311693837856016,-2.832812707191848,0.5231957868126184,2.328310507588803,-3.471363720401231,-0.48765665276744197,-3.252944960320177,3.2510913565463255,-3.778953443978074,-3.026546213142103,-0.515733971752855,-0.8237480720804384,-3.3904195915301645,0.12282538117276383,-1.9131192950935876,1.452599574538336,1.6140845377001651,0.6552929624918613,-2.547852663656274,-0.9723893269212556,-0.6241397292427218,5.944928406225054,-1.0402062935260514,-1.9465304033222062,-7.366754574744241,-0.4484250821933278,0.7572398325478492,2.6709717274445124,-2.399947527360204,-0.8646568264256074,-5.81532406186394,-1.6436807310895556,-2.882569466539594,5.229941977999935,-0.6917979920966607,1.1173357392241103,-2.7736794892491607,0.8053473436653471,-2.7866089167247186,-2.3492805201914773
GLRGC0436,3.310142031908851,0.5310700498683186,-2.584248919737528,-4.707943356289436,-4.9564277344887735,-3.1400240218791335,5.567022325599374,4.0024158482286465,-2.1492525475228605,-4.5696850152098705,3.515124555046966,-0.5728450808073676,4.279830486335499,-2.0254347715420544,-10.759214648381457,-4.291272284788023,3.35174968782201,-0.6722728662657421,2.6031898114023866,-4.09028598873269,-4.547655890985095,10.67841986578205,0.4473660214365393,-0.5730964782322989,-8.643160241317185,0.09859724234692722,0.07183061311019263,6.0591570227853495,-6.808848050133972,1.1773633903644722,-1.1627688774866483,-1.4030200123225411,1.4882317047711549,-0.3452614567048608,-1.1559534704019594,-2.7175258653640952,-6.148435734515778,2.408141979573979,-1.6819349677456987,2.000948579453224,5.502076585167762,1.6898163549315888,2.1092955791735193,-2.040736640119144,5.522865378766614,-3.6469924570485936,-3.2660578916407625,1.251698996960952,2.3698484632844576,0.09568297029716626
GLRGC0441,-6.56197373332311,1.858015364461131,2.808744194111735,2.735063348897978,-2.445860730565773,2.1315595634970603,5.158656433156374,-3.240166810604582,2.390214388073101,2.281935810821074,2.917493038249649,0.2100318540625436,1.3072927950435884,-4.683811225860499,-0.43776602475766424,-1.9078427024077553,-4.872600932089832,-1.8704255514595847,2.6359074780408034,2.479740817229457,2.387491914858485,-2.450125258399367,-0.9966563887015502,-0.8972202940586673,-0.3706791439840154,-0.33897105857353066,-3.14049358193768,-0.6518053924909726,-0.8618893438850138,1.0979544726357757,-1.7817413948424887,1.2305187868969634,0.7388900445462697,-1.7729631691743164,-0.044906067079373675,2.2965665134227367,0.39359394391729907,-0.6819084666746803,-2.5495473827420594,-4.395309902543,0.8429652320090596,-5.193831139084808,3.30053233207312,4.43787462715386,2.685714470174253,4.206373613611077,-0.9514088797523033,6.313257344681223,1.0049599011566177,1.8215049630346654
GLRHD0606,-8.66694747048894,-1.6169553672766799,-3.2365334413375284,4.567060896819754,-2.376601911756625,0.17767557258169064,0.026457486285994068,-3.559808613939477,0.8552321289865595,2.3262262973344585,-0.15914478939299004,0.045050745029599125,-0.3477573763935057,1.2595220449856066,0.7224506849655072,0.6383040267592484,-0.6174332127945333,-0.2718164609225374,0.46774156831893726,0.5108710718554855,0.2988347003592754,-0.5454544044420242,-0.9531885759213389,-0.34614816037143004,-0.5135959481928472,1.8412816056753072,1.565085482619506,-0.5195610231816783,1.226001462956876,-1.1194999280965618,-2.9521198049641155,0.40075741967715506,0.4495191830433798,-0.17691722939044363,0.6217925576537939,0.9991639491409599,0.38836083390982634,1.1407275266119774,-0.6548226289760525,-0.16317956654795035,1.3944694449469783,0.017703913588168814,-0.6771746924588348,1.2460894189456726,0.5136437871722925,-0.4160049991619549,1.9360119990421225,-0.701818572705399,-1.954944579568224,-1.6945419009246319
GLRHD0610,-4.48932579923826,1.8360834472634273,0.9683099177255294,5.792955219849787,-4.0114416888976185,4.158247001087252,-4.857580421569494,-0.2234742842401692,0.3845240708219502,-3.025418539377673,1.7315664729740508,0.33965185262285835,1.1894492037582791,-1.3030597074871189,1.4292803301698689,1.4529611952969954,-0.5663624499264617,0.24521920549856033,0.8786520840219025,-0.8494847326486662,-2.8314123175580517,-1.1275296783685753,1.4254658970076028,-0.715881515577616,-2.5911311195575237,-0.8803082316800842,3.495724680453399,-3.2112913816499162,-0.16859028495617134,-0.6843265229781859,-2.4203080739172464,1.663454840039036,-2.265737567973253,1.0721866499448034,0.2689395064845697,0.9756435497523217,3.0885199419176437,1.197637787708971,3.4319001583397215,1.3420120106370674,-3.8344387151801946,0.9391862308338184,3.9961868351433707,3.160568275774903,-5.529480861589573,-0.15913721447618462,-1.173452217561911,-0.21601425185582596,0.008752238284263362,-0.03952142085562336
GLRHD0617,14.9760597677391,-3.6823451125361384,-0.15583285510355108,-2.823489606208106,-0.48730794988551046,-3.258381993411531,-1.1560082818606638,-0.6622767912927979,0.5177763979844846,0.6923243726799264,-0.6672847725858368,3.7606477893008914,0.8668444934252634,0.961612653380343,-0.21026199004537083,0.27479027821546037,1.1584444979040474,-0.05855875266822673,-0.5508832292479433,-1.077516447888502,0.3327784107094918,0.4325869694246564,0.0628020852403786,0.7518074284051864,1.2912347057254805,0.4366320194904595,0.6384516748342228,-0.3009168346619454,0.5155148773212885,-1.6355003903326744,-2.2604808975034394,-1.874642620649886,-0.8414482420181036,-1.0721285157603389,-0.05822453021625735,0.47738667959094694,-0.9471657825699873,0.7420810315579214,-1.8490272529294203,-0.3527675075368162,-1.3727790027043627,0.28592180204792345,-1.7210909143040198,0.5042504948331888,0.2736475636494681,-0.5699561451415833,-0.8276273329577885,0.6043933249261247,-0.229299143902565,-1.5351363334209451
GLRHD0629,-14.543426130007218,0.22868984249536153,0.013271970539011201,2.747721651133936,-2.6385029290423265,-1.8760474115385857,-2.798053760848708,-0.4996411779080405,-1.0910110141244462,1.7638602242581716,-1.0033671635527337,-0.7051040798610223,-1.4082929803844564,0.15448715105371652,2.235534504996758,0.6595217846001417,0.4272251089766002,0.2090746156172533,1.0903306076191457,1.8606034847492119,-0.07010224450383681,-1.0124522749850553,-0.3859376319747903,1.0453001636393786,-0.7540468606022833,0.5184821448939952,1.1060804241410773,-0.40175011441557007,-0.2347309454395289,-0.4167171217294361,-0.15757068948701033,-0.7281416318722753,0.3750837932880754,-1.2655868478511205,-1.7293782746693525,-1.7516752537170233,0.7260051806154317,-1.3632707359510137,0.2938853539097772,0.3320516097322012,0.6503728020116558,-1.628522283485816,-0.5260746416821885,3.03329763053678,0.6311766151744441,-0.6296469133032734,0.4725373014011785,-0.6968334066611852,1.2454162280260073,-1.6644945459540654
GLRHD0644,4.827058021999694,20.62858225033059,-6.455684480484183,4.764260179757769,2.3475813932316547,-1.9160251647367164,6.835541308554506,2.9528345322723815,1.4750007413673927,4.064507352378229,-0.6320781654907431,3.007632697123208,-1.3368728918650987,3.4713260007846607,-2.847873946578293,-1.4500177109720656,-2.798596267354428,-4.490155656420272,-1.421021171516969,-2.224769701236314,0.07020562750656859,2.157313507301562,-0.6050727830151185,-4.36324100549766,3.8261506495553066,-0.4930975585499215,3.9271566238769466,-3.168375970584594,2.501395144772259,4.615457107055342,0.018496232272604055,-3.6036132338886606,-1.7036262476074648,0.6769390185941504,1.9238410046299472,3.608723853538192,-0.47867230401159805,2.156861445438993,1.8609254983976848,-0.5236207498276316,-1.4002693707016927,-5.553772456011875,4.097792704918387,-0.8500450572898766,1.1983743524943975,-1.891369701146539,5.088122480074294,-0.02251683835873475,0.9787363979743586,-2.087016519713222
GLRHD0652,-8.845878505053086,-2.062330897062751,7.607219393427755,3.6894497120365277,4.0929731142779335,2.2499866467396736,-2.7482460909112243,-1.0368965266063,2.1717615875254626,0.6763279766072191,0.8130754629753766,-1.8340630210477116,-0.01965553803494667,-2.1686793368325237,0.20575648654755688,-1.6541063332828014,0.3656178642621008,3.1237344579848694,0.9545711069045478,-0.8835871327615011,-0.7755717754448277,5.15499413142699,5.157581250788529,0.1612083142206157,-1.5944969184961804,0.7995528004197409,7.053497100707919,3.5153466515122482,-3.265705046707748,1.6244434772837382,-4.388508045816245,-0.8767604499919915,-2.3854295525148594,0.6650562065342429,0.39848495380691934,3.8775157129054385,3.6643502447220904,2.075050448196335,-2.8030343580408075,-3.6313974027389078,3.8786698760078733,1.6452750338238478,-5.473365136953535,3.2591287883123927,-3.6297567086735065,1.777484882351185,-1.0982489054212774,7.322660177048063,-5.801508520695896,-3.2688698041160893
GLRHD0046,25.391041480144015,-10.163810277316811,-8.266084033208807,3.188648964020542,3.6977870509768698,6.28271086689689,-2.810120149018215,5.98701475245761,-2.4172003077630144,-0.7393049534064365,0.11839859924360584,0.5425985337807487,-1.531193267067036,1.8551801899193574,-3.3536444763010147,-2.883334648658624,-5.914229187959492,3.440730119580584,-3.62018627737014,-5.302770340376359,0.751442084233138,-6.785255069854971,4.567788597216116,-3.231257015780984,-5.008979044958059,-5.347039519584485,-2.581292184664413,-2.3130468147037826,-1.3664011890965393,-3.319814390524624,0.864631012268293,-3.218927046779194,3.4732826252446825,3.9172822969819814,5.431431399166728,-4.610797934271708,4.113669619825626,4.145530262877391,-2.7596909867187724,4.385460038198407,3.51089345955013,-1.2669845917969604,3.1150535773669557,-1.9074393570322765,-2.9797476235743603,3.1457548778420215,3.498271635254202,8.220780510594096,1.1415092710970274,-1.967461346214172
GLRHD0053,-5.578075753794271,0.5298316406881861,-3.9608853292515924,2.5460704935797818,5.316773271097509,-1.7087726807176318,3.0637966247810176,1.4835597551017154,1.3984243276108579,3.21170961494218,-2.9208929656273344,3.4236683478568444,1.0685402135321678,1.1779635460617992,0.8379240445195039,0.823668526541395,-1.402905555769234,0.37742803594154234,-3.0019170532154735,-1.3128278157440356,-2.9713995651858314,3.511280037452245,1.1690892606008918,-1.5959357765028168,-0.21319885540551306,0.22685189779540682,-3.228836541314898,-1.2223700031705242,-1.8914373071839545,-1.0949669747911501,-3.0548395411965488,3.081781356453415,-2.971646498546269,-4.427458653328607,-1.6168181078830632,-0.7126191432436864,-0.12876705768077198,4.989583572569,-1.1596237648847778,-4.395912628634527,2.720515442799836,-4.533609193960452,-0.1408317753139759,-0.26494715217391784,3.931307662494648,-1.690681478234456,1.6360310348831815,-2.6866725516833982,-3.0305248828507874,-4.389974370330645
GLRHD0054,-14.173512733832428,5.581264141520387,-0.34723176400773004,1.6442670601456975,3.208011635916569,2.0781642601105395,4.511009015251889,0.6069271668899082,1.5626411252729504,2.2777335354672625,-3.408531492804586,0.050714237940977944,2.315475143141928,2.363856575253193,0.28969602892009294,-1.8689062196273174,-3.725184193437033,1.5071580071529813,-2.0623720402256076,0.5274936332805162,5.031765210087299,4.096820043735674,2.4144946395218336,-0.663354023409254,1.0029955220469027,2.8218437438577615,8.298155861262721,-1.4606668726350134,0.2030641887932447,-6.643917299037787,2.1810450812644993,2.9902735032874106,-5.592410336204617,5.05166013624955,-0.030917178261629638,-5.43457842539947,-0.6547061150891117,-2.164677988149628,2.9007113715312167,-1.0373563557464105,-1.4910466065433159,0.7079105178964584,0.23664345448177743,-4.092321473746712,-0.992605819441869,0.9039298277029042,-1.0450401931948556,1.3125889527026133,2.370900619380517,0.8421069916611907
GLRHD0058,-3.6523089336343726,-10.63912061399181,-4.641965263367031,1.6261209673577244,0.5204007148265344,-2.0446177827979044,-2.7798506796605755,-0.10377405900489202,-0.5344147761036159,1.7896571774096428,-4.5587012386395696,-0.023384856855224935,0.7070280797154739,2.66705144741324,-2.086906468717465,2.597522507867002,3.3627993846256863,1.4310666244208308,0.6980870993546758,1.560148755375463,0.016958665635528797,3.8775863298481377,-1.726843760406419,0.02248096780579548,1.2063506471237644,-0.03632145016889677,-1.2779213318113039,0.18617141176882676,-6.3953768885127555,-2.281982749118358,-3.5397881573730916,5.704144309357529,-0.9611576856748892,-0.17332658224322006,2.603064282220034,2.3471110743444994,2.4850926566509406,-1.8232616168276077,7.213296968079813,4.287452836109557,-0.1340621368353428,0.5078849269796845,-2.1058732387093153,-1.7144880116377312,0.5499272754150099,0.19764889529019478,0.46817383335449037,0.9543133679179009,4.807022142933901,1.5742860886579217
GLRHD0089,-7.926764608280482,18.1865047370992,-2.8677823778071616,-8.002149859667226,1.3061622107285251,-3.178392665242127,2.155203540386544,2.4739907049801086,-2.782855187976015,3.0487344935843437,-1.6107838262340064,0.407037818819387,-3.966946112854063,1.7219373932113566,0.4466066868542276,-2.1100163172288604,-5.1973101434027695,-1.0789559035007448,-2.4545184580332036,1.246057172421516,-3.9854063765369983,-0.6108932895903069,-2.4780351656122885,0.17197860785527228,1.2512859585551301,-0.7943815959061902,-3.453081062968214,1.5521943374095333,4.6062602409149225,0.9886186640922368,-1.3116945558678466,-2.7959540751023315,-1.2664316051552387,-0.8801549504200983,2.619405688464379,4.4977410559678,-5.373994297716541,1.298888977813925,1.2535396720965366,0.1448222592326423,-1.4500576059325678,0.6411970654618043,-1.0249315079445689,-1.232690963827639,-2.426176612401819,1.3615905677481102,-1.4400730718079722,1.852244774626756,-4.031869968375097,-0.9823614417889884
GLRHD0116,-7.312791508696118,0.04946478402617768,-1.2591299229934938,1.004115473292174,-5.180974163612023,-1.834644448614389,-1.6649091865757257,-0.002153427417254025,1.515470063368956,-2.3337753640859824,-2.5802975775133077,-1.7578707346359015,-1.6168649169030311,-2.107068131742532,0.24965076383590656,2.69850553247776,-0.8441671283847052,2.2343834029471705,-0.7749046050332022,3.0822123761437275,-1.346651917785384,3.9740623700982156,1.9469510306618207,-2.4895573352188713,4.977998575514197,-1.264222980711748,-3.0916539613124936,3.2911525934174146,3.521171024797192,-3.0788252811261896,-0.050115869122625056,2.525788454436303,1.1768212558794855,3.6017342551958778,0.08909913669083512,6.992425300526511,-2.5772482857571317,-1.1438074317783886,1.0808109927846055,-0.4081655247139807,-0.6447123217439812,6.582960437125428,-0.4334784516916501,-0.2869279105722189,-1.0633949749235612,3.784115143929216,-2.9314564834922567,-0.31154953072333696,2.6535908468997427,-4.2338522726494086
GLRHD0351,-9.809058081194944,-3.1431021299085744,8.39784778230857,3.430083740090215,1.4187126585348522,4.5404760574412855,2.0611864545208936,-1.0140851179995667,6.561110201514316,-10.062276546223863,5.0601920077393,-0.8813061300538184,17.660450478977047,19.803640179334753,-3.6644934271866907,2.814569040958958,-1.879221602115194,0.9412905982301946,5.720461794359748,2.1163323009225854,0.48989596016487325,-2.3071648953170545,-1.6008125496622696,2.115717339595739,0.33702519050352675,-0.7168769936621227,-2.131353766756123,3.3359446182410646,0.7728498852813379,-4.142883221585372,-3.5920839280806134,-5.454936809713039,-3.4356377723503275,-2.211162357009377,-0.15559346084389053,0.5329338067284441,-0.1842785908505146,-2.345126812103681,-1.8218554976093795,-0.136484996170963,-1.134520223452843,-0.4822689143725096,1.0478944733463855,-0.009623837135473493,-1.2789726843035092,0.9683692438453313,2.7571503889990163,-0.03477667292755938,-0.014081902977546513,-2.023290830148039
GLRHD0367,15.073999193283317,6.231760284747203,0.15073418933879526,-6.247338732551365,-9.457447581784143,-0.200102210793647,-3.625721745229628,14.453629298028517,26.939623707306676,3.520323075540226,-5.086555421146834,5.304592244346937,-5.812734760774992,2.6771198180945555,-2.1239552965673116,-1.0308657723974,0.34021368789835826,7.102093009047089,0.9264100526794106,4.007813021436423,-2.468841906602774,-2.2122621683455095,2.758697901995018,-1.0291482994100902,-4.802913195239445,0.16883780094761902,2.220562132538239,2.9287908552025277,2.665959541532956,0.8591722181588484,0.973706107977323,1.6009822240293463,0.9213586315004502,0.12683142767911593,-3.1054898707811502,0.12759540981273215,0.9004029157577944,2.166387008482162,0.6411196145809791,-0.7805923722309974,-0.47955048460065886,-0.7096409976227408,0.4865238435344623,1.1545628183358705,-0.9026073424409963,-1.225929311164444,-0.1355705744257681,-1.1229572532976848,0.8975246422527612,3.268099604139127
GLRHD0418,-2.468479856560506,-2.802240462490416,-0.3516090649577879,-2.7319536584094295,-1.7375884220578446,-0.18695642256294348,-4.674810145626209,0.362830338648358,-1.2903471059242029,0.0277763993117589,2.085498015745732,-0.19631060003832804,0.30639921724741354,0.915324306393055,0.06333688270459231,1.5603575254779056,0.29773586808639935,0.732336802143612,-1.223466679132059,-0.34613205820753334,-1.2889218919708405,2.118552036252209,2.521253614119752,1.0978738905593448,3.3687308348325646,-0.7200693300656912,-2.305551217464248,-3.610417213322064,1.9400750990779647,-1.1686027718381562,1.1428620976348578,1.2384329818560271,-1.3854493862898425,-4.218140727672001,-2.4406966664006378,1.802665239515736,2.1508060302315086,-2.1853898139892016,-1.538951502386993,1.6800146290178632,-2.5682604423201894,2.259283913573974,1.1301380217375425,-0.4444203435100753,3.6551077412492665,-4.539228165728415,3.756765067451531,1.2745969230863854,-5.077683009818309,-2.1496112558996243
GLRHD0423,35.3142444232549,8.705828792309703,1.0733714799032428,0.7553500656348344,-0.5423879117089051,-4.33019581906254,2.677431287970169,-5.678440032092031,-2.2445893758929505,-0.44038358060424393,0.15162091948087333,4.63123008922365,5.2496834473981115,0.8638831818800898,15.026850558338042,-16.246337795493126,-0.8939935916339569,11.699225227813386,-1.7905229486600793,0.33665192880494565,-2.9943741751446304,1.0586834511804437,0.4151669594127032,9.082389151173409,0.47456482705737035,0.2451225808838436,-1.0474980044815385,4.467019702792273,-5.05902777474833,1.6092120101239864,0.7452171178037803,-0.9823905885156413,3.1209786019612675,4.693771025566319,-1.8871105143990778,3.560263669518465,-0.4937970178155933,-0.260661599664366,0.8728900901385785,-1.6964315844074316,-3.2918291281356913,-0.1970636162945474,1.9440993171039633,-3.480679418019411,-0.525645075092111,-1.7484787709985354,2.534398900840155,0.19147374883448823,1.036664648244883,0.4543793676252274
GLRHD0509,10.058575396091705,-1.1669778695730386,-6.527224443827275,4.957052289330149,-5.45634852073987,-1.212797794919281,0.7958491126682132,-0.942391852193478,-2.94835300722378,1.2144671908499602,-0.34945842593529175,-1.2897213146455555,0.7602193596182132,-1.0682104026514,0.7745148912437688,1.5259170427449698,2.3224257056932327,0.476615731001378,-1.661175898241757,2.22317545399612,-0.3207230579995159,-0.2294757839540652,1.6312510246796679,0.035015846576606835,1.7179905717433237,-1.3577610168199337,-0.3344366413742085,-2.78928810022932,0.8407328715965383,0.594178433883367,-0.08218714005724345,-1.9265754611535302,-1.9136727108604847,-0.8001830576028041,-0.27143468019696637,3.295429359322242,-0.4379492900803458,2.5266177349239403,-2.318062064053914,4.7048957042749775,-0.39307211886566285,2.4073946701278013,1.2198095265389293,-1.6044847735580998,5.4101827761703785,3.633884695552302,0.047371141187445745,-0.0016170893450639771,-1.9659346696855566,1.759722543117846
GLRHD0527,6.523457335359689,-6.914196163393811,-5.75907061200089,4.699193333153648,-8.736433240148148,-2.7868674858892812,-1.595375171117159,-4.977965200814193,4.849670576509857,12.35165262175455,5.2349027525657075,0.4639579973005429,1.7629212899413103,1.6009084799482283,-5.719680747060021,-1.5888442290836138,0.30608741730497013,-3.3248771887666386,-1.9390212495743948,-4.159382974674667,-6.073452038260812,-3.0862789988533104,-2.2480353709233487,6.320064360757601,-0.9667172307005365,-7.023860175324915,-3.770876847884549,-2.433113875557035,0.12750566362892143,-2.835272216041951,-1.2713254677751,4.117785766105435,3.4941410566512223,3.8460481955914214,4.270829036166142,-0.0020748865298322043,-4.0564467091809275,-1.9615986470382925,-1.5461748682629122,3.423361945737149,-2.5812691763058795,1.716004193124049,-1.9380072402851252,0.43940142620318073,-0.02101616457362756,3.738887015550862,-1.0672734228522451,-2.968766180304628,-0.8152778156830798,1.178112842891386
GLRHD0529,1.5572912973618824,-5.340743839433245,-2.164656340789034,0.9285496823249577,-2.2018274459917526,1.505597415761774,1.7853565496890262,2.334659778319003,2.2358500424033285,2.8190949803234693,0.876449599055549,2.166424230958329,4.235611179435787,0.23401981371339325,-1.5237895605719727,1.073192907079452,-1.0608636318733893,-2.0649969479061756,0.45638187730605506,-0.24577504715122842,2.5444623470951826,3.1338058515334737,1.4173607141053164,1.5925310553889485,1.6695453829475742,0.08684759863315052,1.237794755318111,-0.9248847595264185,2.9568930219966223,5.618416061061853,0.7847834886126599,-3.157051497007626,-2.0662234845995204,5.1960576187863685,-0.4188574353879545,2.7634728053250073,-1.3678624647190687,2.7762682100761498,1.0333524553067173,1.3003481906919374,0.337489938926039,-0.5409173501560253,2.0327540629409504,0.14489933099275684,0.26876281420636794,2.0871493528477836,-4.385381723892236,1.4965297134504119,-0.4813234538075182,2.584448611657806
GLRHD0534,27.202483599743363,-2.345393651629278,-4.081098487103129,-11.67273098675425,0.4099930333738809,6.805731020066127,-1.2292170220836607,5.502509670775585,0.765777828882451,-6.294455070954782,5.94798506264328,2.7900770761321807,2.767937091569281,0.2775380115942663,2.0933191827500512,1.4605417726958503,1.1375929685299244,-6.036262532827793,-4.566129563694536,-6.0008648544125265,-5.259244518474624,0.9665675806278613,-6.851022830911123,-0.11885595816095788,-2.4445081565610094,10.967181693277883,0.95524552306733,-5.461504381768179,-1.5973080850705301,-0.0667504815643124,3.658155371292981,7.746582994529378,0.730205559448383,7.885753772203442,4.167392845844145,2.6290302631294327,0.7477361318153435,-6.616369030228765,-3.9058418147492597,-1.352467486930791,-2.2702516152657743,-2.8843255204413842,-2.3597653037548834,1.2421063315648786,-2.165888690419912,-3.1558311768040825,0.34594943124106725,1.4420687985007226,-1.3033062745794997,-2.120756954220172
GLRHD0538,1.8399433347837855,13.313048782965057,2.6899236954081527,8.290434219284426,6.176278623146865,3.8254607818485087,4.7048903529494055,-1.2124874162582289,3.6132457566856857,-1.6510151959931492,-0.8106594268329859,2.405693857404271,3.8809361633282213,0.6198186240547481,2.9858557723837134,-2.4447385563706403,-3.0186484712957613,1.2583038261953852,-3.342960315453352,-0.0839362266979951,-1.8988028257196943,3.1305925191279913,0.6718603074392179,2.2576621768943954,6.874165800211589,-2.239227367571154,1.0610648029922602,-5.85444577712486,2.281295215524397,0.8124125057340993,-3.100961942282222,2.2390484337608707,-1.647908536011793,0.5159526064632315,-1.2277138707087334,-3.852317079223488,1.9287077142616034,-0.10957938096195126,-0.6031192764136786,5.260639221607034,3.8542810358736723,3.9775538790398848,1.9951952516967209,4.434023675577034,1.714401560808831,0.1113474329259388,-3.4117093336441284,2.6859962935163586,-3.5725003520168612,6.51598482688017
GLRHD0561,7.901015782271367,-1.8640097318125837,1.4936006171893306,-1.08707956239838,-0.9173519451355541,-1.4500306034832486,-3.125518931708866,-3.8912128661530585,-0.047888595354949035,-0.06847859446696392,-3.1643130712467777,-0.5970660448397561,-0.041585409336173634,-1.3838765163976325,1.03202011501081,1.6809099807473984,0.4731766769142321,-2.167746509866967,0.6290167914898066,1.5178103542632735,-0.21275998418201889,-5.279083646434254,-3.46998611481859,0.9409924209650319,-0.6093521222999047,1.125524874817102,3.434798713301067,2.3132140946663045,-0.1190798642691849,-3.473645776436403,-1.333202405881931,-2.1237249981578006,0.6816971274378684,-1.2672492454907087,-3.917951201808767,1.3045938907143448,-3.971926608329555,2.6545490143030044,1.9498936251212589,1.1687656121126873,-4.106568338224411,-0.30627601806151644,0.16875571855943444,2.9525643354328754,-2.3757564290404383,-0.9776398229429878,2.2511985535102297,-0.9238076164212672,2.183889979705386,0.2510455241234065
GLRHD0887,2.5220476914500294,-8.954984190893898,6.14768323873226,6.783933190414497,-2.2597574215280605,-3.3283603669963155,-0.642358837611963,-5.22735069527221,0.728951755966127,-2.7992751160390497,1.3100878823338575,1.7224556631241923,-2.8484072341836426,-0.8541744891730868,-0.83545731227451,0.712335652591201,0.9738785821187504,-0.3907348682475434,0.22044888448879596,-0.6233941397188064,-0.011168596228238004,0.6113372055546401,-0.8194435898996858,-3.6465485283342547,-0.8159446609106025,3.6959783715644,-2.5488323882121504,1.5823718941305316,0.680372880815659,0.8556736813825946,0.5627740298508723,-3.1887597097310563,2.9583420946531165,0.6631685089319496,0.24853798881145675,0.4523575625789367,-2.753989727854657,-3.5846276435635045,0.0007088028983686952,0.590463473460861,-1.503888391336938,-1.6065182823774897,1.6378913913612654,0.08593791636667278,2.207877587308508,0.3616664812535593,2.834104194121221,3.1288509371134543,3.427566545660081,2.5669245074909197
GLRHD0954,9.899239148970407,7.9704773522506445,-3.241325690630507,1.565426257129656,-1.2630802443034193,1.467965550851613,-3.288879651112205,2.2512076679815656,0.9009973023489944,0.6509459505852243,1.4844934157796563,-0.2578163394431628,-0.8300263499339882,-0.4110425896488664,1.2545928055233573,-0.1256054867453992,-1.2173817753896956,0.1648428083522479,-2.4851227642919893,0.3772548356644322,3.081616769748193,-1.6263375270392433,-0.09989824450524398,-0.35049730390478623,-3.7235722013093633,1.515385942906788,-0.3896325597043777,-1.4469291699623117,-0.48020035438312286,0.45258622375021107,0.5185454170894913,-2.510909551667083,-0.9232745729764614,-1.139787419461282,-0.7871219336092266,1.4625707453005394,-1.5206546669156065,2.39287464778459,-2.298925133094993,1.5114038378480918,-2.0063265322168937,-0.8725820930025807,1.3197012832299073,-0.012379283607844167,1.298041679955185,2.3034118824912206,0.05472238842845022,-1.9075265596644255,2.230977741678222,-1.2654070092920497
GLRGC0490,36.17042146284063,-5.812857426545579,-1.2980104834397805,-3.4366690278754155,5.996772555089463,-1.2308201763932378,1.466109615185164,-2.0633853531455966,-1.5845087386667338,-0.41033030350335525,1.186512093710953,-1.3299870014919324,-2.042037739144097,2.3191127004517043,-1.1602213091979774,-1.754308886801105,0.8065664534548235,0.03755947624513418,4.343858942523244,-2.8056543833239873,1.2608966970995203,-2.8272728819201043,-1.116076209108239,0.9132492803118539,-0.7399642043806679,-3.595019891498358,0.3672541782088208,3.1416544773134234,-1.4269185301018115,0.4797023787252215,1.9778928346865687,1.2143696583595203,-1.6660701765713353,-1.482110236228229,0.0039008826306224423,-0.08698644933428733,3.8887514304722064,0.8682395694624233,1.0008273099214244,-2.190756613698199,-0.1768080372236972,2.9375674595535126,-0.3330985377592844,0.18644717749875414,-0.46113021069330695,-0.24881985368280654,-1.3682107303145588,-3.466068817666793,1.153546906896838,-2.027993310271347
GLRHD0830,22.755089450708503,1.3983569701205385,-3.948361252797466,-1.9640732224669795,9.90235295728572,4.999114925502877,8.220745226886237,3.558791718215028,5.146145353482274,4.8653653095063945,-5.4092127832079155,-8.193100268886855,-3.0347358688738986,-0.3498121878832388,9.181836398727736,9.560712495467172,7.551896398685098,-9.40714347004904,3.4669208463077656,-3.5761562328131875,0.34703471938457175,5.609517293287804,5.232567689619033,5.5238489681769245,-3.588649321934944,-2.8607076430488805,-4.679593481182534,0.04115151647765585,-4.373575593607125,-3.676524224716169,-3.293446653298964,-4.427761196987014,4.042285681544341,2.625134768581328,-3.7646043496354573,0.03926742926079079,-3.974988114121926,-0.8249596925827613,0.3204973700892027,-2.8450511560272727,-3.1058960869588024,1.3272007371330896,-1.1047185459080593,-0.22285373968824895,-1.4362478178275297,2.03495593406957,2.9293784298162495,4.293357323269875,-3.3562584213737536,1.4205048086536465
GLRHD0831,-1.5615238082425686,0.37204709500718924,-5.831208925448494,1.2175169637307197,-1.5982902303457398,-2.4815037550104764,2.3764542314690016,-4.769674803470324,4.346739792526342,-1.227043173316982,0.8762653865271179,-1.7104862201758997,-0.9674655271820273,1.2800374547532511,5.255069133904204,4.0071329868587435,-1.5535573870414807,-0.34574983528638986,2.7910478368043803,0.5862329023979213,6.846401375750432,0.5684359513712539,-2.8838940136375717,0.16460853015122953,2.369413314969775,3.99529923981107,-2.5848877843448035,-1.0250413255998334,1.746661298948473,-3.164978545775296,3.305304057940532,3.943627386750906,0.48004447344519874,-5.525705810029575,4.556284367724225,2.739948575701179,-5.108369502793987,3.250712573515098,-4.185530781904791,0.915142850028087,2.4393516788421596,0.6155661510371575,-2.131685919036388,-3.379021332820646,-3.904591290000417,-5.43445703152926,0.1453851308368792,5.369450227173357,1.14223638059276,2.5496473253688063
GLRHD0833,-4.759708137031952,6.092985634352123,-3.318415510955767,-2.099540674060828,5.471380082844207,-1.3283222219347144,4.242677947209457,-1.7350194947449677,0.6449147327750956,3.837205880843123,-1.786112744109936,-0.008468486634265263,0.4851485298202677,2.1619500643079266,-3.6480863469110285,-0.36967572073063465,-1.3042940023083847,0.8193052055249546,-1.8867091253133854,0.5188429288248019,-1.0523509693564215,5.110102792609704,0.5416673702655294,-1.4461681876875028,-0.6495088257144801,0.298910449880542,-1.9410388093860513,2.19279307689635,0.510123969099134,1.679687478747344,-2.2113388603426385,0.4965427117205472,-3.4119598259138577,0.9318597772107172,-1.9720645661983478,0.4968110171574078,0.7773141125709213,-0.5375396274459711,1.2888021454505825,3.3729025258293417,1.695899250538733,-2.6117079675924133,0.07224526830900772,1.9723757571423293,-4.914060894718662,-1.4191478467153629,0.5415533892009341,-1.7672562771386215,-2.1083164070796325,-4.1751611519073295
GLRHD0837,26.244150166231165,-4.830941614269233,-1.3056295779815705,5.4266493378826715,-2.5158806532668594,-1.160186513355715,-4.360409490072385,-2.0845029724388047,1.0089337836020582,2.1561335819161602,0.7948563843318052,0.9748946296132948,-0.8239268787520315,-0.3275867159894227,3.938553792670223,3.322750883190721,-0.22456686913773724,0.0650596966850525,1.1710025200249756,0.32591392519491746,-0.011883354256513113,0.8572968602440334,0.450189382052156,-1.749461319405682,0.6690030011360095,1.3391870695475399,1.3167694017844764,0.7343352274944929,0.022003317723361625,-0.1651523051463254,-0.8904513059358569,-2.379100156980289,-0.2298300100200359,-0.7595469925384312,-0.49870217721070426,-1.4637621603367816,0.3800916674272581,-0.0024379017204235517,-1.2169781491531735,-0.007424975476847801,3.6305685216072336,-1.0639003280129367,1.1322242299086167,0.050480953927475265,2.6859359392473774,-1.177835678956558,0.8831311630390517,0.6487121008883574,-0.9388120476336805,-2.2986259972350833
GLRHD0838,15.835832611640216,-2.109971510279781,-3.7540662822611517,1.7758285604770137,-1.792793293838446,-0.36080656808069134,-3.630266341875581,-1.7914505913063574,0.6386872956929007,3.065792076090806,0.043359153579728235,0.8265565236876862,-1.759780585233949,1.5604595198955276,-0.5282299493626346,-0.26286396772195014,-0.8300884234397272,-1.8911184189726111,0.15356616259317213,-0.32924887933833835,-1.1785255600033921,-0.6845033399607177,-0.39289632929711876,-1.3151767312185096,-0.6053243192123152,1.8899901365940244,0.8869021422549948,1.0477370517617821,0.3321692868835703,0.19130589224928768,-2.8181636245978963,2.4305464638878242,0.6155649260599412,-1.42114059010643,-1.9221914103864477,-0.8900984302714554,2.3903864096440723,-1.4903008587087374,0.2883914484142236,-1.6191854958531335,4.437742231107841,0.07014264038686947,2.0862851353727287,0.021158205657141046,3.3253096074504467,0.7298143977085456,0.4604119919495,1.6645676574872126,0.3174458956148706,-1.75979080571696
GLRHD0846,-13.762883002178562,-8.289060351047477,3.328147120312824,4.010452717157171,4.024046318612107,3.1556069024215714,2.325997496819883,1.6995878083799016,-0.22751721137088454,-2.1263992368790943,-2.841998412889117,-2.1530541262021186,-2.09187808567876,-2.0705302734962125,0.4080501577021227,1.4179021079119816,-1.2655109052926024,0.8057327608705563,-0.7878165164675949,-0.8681097793773899,-1.9005518115572895,0.15016043578700547,1.0413811115298175,0.3725436618433239,2.1460583510639446,1.2470769841392215,2.1504164961605023,-2.9491963226042746,0.950456752455069,1.5762944406997639,-3.4294110854365365,1.5335478764274537,-0.10245822486095241,0.7630372433034197,-0.8750388374312582,-0.7095608445551338,1.7241418954911525,-0.13809577712752408,-2.7460637228518068,4.169243889464892,-0.3152374108952484,-1.781204882017031,-1.6447068234185473,0.2637977015293686,-1.5667701512090682,-1.7753943923665196,5.3173384670535935,-1.9361542657868633,0.8738995574671488,3.1045389436522526
GLRGC0312,-5.258430298603457,-15.88963553974849,4.735146015537592,6.7025148616733565,2.852977330991579,0.9729187925875098,-1.4348506471685383,2.651781052328986,1.483791146497969,0.2765935068890709,-2.638864246600726,-0.40427112998685727,-3.7098732401889034,0.3070730344630757,6.9925785435647025,2.206561643145727,-0.6054079546188758,2.4085164597114783,-0.25581719419969634,-1.3434532525662983,-0.23890863451124272,-0.24480092481795218,1.4875651956127514,-5.136524841943172,-0.5134577568220251,-1.6214302602432185,-2.7459916034527945,-1.2287518544630294,-1.6217683508176777,4.085756060066717,0.07147267047621289,-0.8120190945902513,0.6286594678086208,0.1609931330118979,-3.7007861880819197,-1.2031751585226858,-3.021194305553725,-1.4716436948989426,-0.5382658801147657,1.3903295920654475,-0.11954294700686656,-5.313532745551993,-2.7925472281097385,0.589850170440745,-3.5851347788199264,0.5718946820571856,-4.342178081429711,-1.6132968880679353,-1.5726157956786302,-1.3953830530123805
GLRHD0853,12.797531127754882,-3.358968739594074,8.968375742680426,3.7654989785880413,6.891036320827611,0.8145019285629594,-2.3854206190941247,-0.637383701343704,1.7672602678379032,4.583837517572183,-0.7855535313784918,-2.2674300829889344,1.1839791611086092,-0.9325737124730593,4.633420241173081,3.363599989827599,-0.6871705466160988,-2.658726978053117,6.949472318863364,-1.8092379205404046,-5.121940446826044,0.05677630462187416,-1.0901699232448232,-5.184963623712206,3.3531441792030683,1.811289841429805,4.2872786493404025,4.30341017212932,-1.1422224102048795,3.4524971482781432,9.6695451551304,2.9688335731304187,-4.552628013629368,0.1759521458326451,-1.969194926240593,0.48932109971275783,-0.14560878233592403,0.20457428317838414,-2.3339998916194182,1.1268974239142104,-1.706810413581989,3.35914399567413,8.978031197922714,-3.3069596810391846,1.9069387037153591,2.574808546211548,-2.6907242929882256,1.4002313653217417,3.1488368492445673,-4.274340075478429
GLRGC0326,-23.663451900075906,-13.090654240812842,6.526507336467401,-5.507355605128227,-1.5304021580326022,0.18176015241828766,2.180481228946696,1.7652590057465611,-3.514570892187379,-8.577547486171047,-7.775019845780706,17.58737582202057,-10.077638124141718,3.789004297423118,0.8742858794717224,-2.530951161546507,-4.28150980737796,-6.354185623632959,1.3737931091839994,-1.9437417542161632,8.648605327827871,2.8677398967877217,1.1051092719213684,9.743008076608474,-0.9275502848458792,-5.024666771628533,-0.9938615994611856,-0.4538254833199049,-2.25441365196017,-1.832754157892197,4.900768059447497,-0.02974260887702366,-1.8431075024370005,-1.8400426566679975,-0.6821899242875632,1.5089957772922924,0.9935481627031463,-2.0730458696980554,-4.325496961335384,0.5190782520577651,2.379297648436734,-0.5518407532602794,3.186893824497076,1.374645906626242,-0.9844146753757422,0.3790263286007063,-2.4337897145191163,0.2963745983088787,-0.7518113813976609,0.005175362623715531
GLRHD0857,-6.432985544451628,-8.595176622884146,-3.717817913516214,4.917883273050263,-0.8508116999810649,1.0600543004555254,-0.5315551176621571,3.898224287187149,-0.7564363451482304,-5.849262280417701,-1.5714066978821442,-0.38451443775034516,-2.342277315361889,-0.09084382334467925,2.0772648309694017,2.5344908087020945,0.9736625686173432,1.732309956710092,-0.692531004381086,3.6678249343377023,-0.6484419404644087,4.36306175582416,1.4579597804021538,-0.9634035871427276,-2.1226353137490483,-1.966407973272825,1.2724639932619732,-1.696066868973853,-0.9125490436378441,-2.6328512025032333,-0.27123576870386873,-0.24442158697783695,0.7877343687628748,-0.9598802718295608,-0.23779090322409824,2.251117333843176,-2.0521361105913987,-3.3960830860706155,0.37619384607391193,0.15475823096936403,-1.409223989447311,2.141863466855851,-0.33632831095088145,-2.044577850520116,0.23989764955947834,3.141874128041376,2.266862966340112,-6.421324743245563,1.4980299343476686,-0.8928511267771183
GLRHD0860,29.424478674655962,-0.7564624531628984,1.2479743472299825,-1.914463645836695,-7.185890405789494,0.9151595774625213,3.337567438363854,5.319490437879519,3.645978586654284,-5.721678350334205,-1.1718327037735898,-2.928594202974523,0.802785011918503,-4.734517105340791,3.42693729954754,-2.572118883517028,3.6474981866764935,2.79825790560334,2.7490518513799085,0.8837068373785618,1.4166013089912335,-4.705371545910045,-6.5862539611239646,1.8277750187585207,3.6005919103095008,1.2401999318714825,5.706764304505425,-4.697167873894287,-0.2891584908828855,3.7293685408906994,-0.5824943943980213,-5.534301441668933,1.4735731297335988,-7.460177874815097,2.6226000712432715,-2.0837268642176197,-3.1789409668484425,-4.476943431164717,1.630188969869842,5.308258811608485,1.3179746329407118,-3.3776465222797376,-3.7823925374330143,1.327506007106855,0.8303378428643733,3.2133689059516444,-2.7268312306321074,1.8262892725636752,-2.408240758469569,-3.1639083677188764
GLRHD0862,-2.531710399729194,-5.889125700206835,-6.718616083810489,-5.234776442372216,16.523381737805497,0.013417999581915977,1.7722224968978608,3.155456570373378,-1.2773138843575067,5.773467850778856,1.0307996760679068,16.25240707195658,8.251236056183483,-4.167337291116293,1.7624659819082764,-1.18243464814701,15.177303529483918,-2.849289402812424,-1.0573437709875892,10.692872204523582,0.09056912188154889,-6.989360960502937,-3.4034533363465966,-2.4507639992403583,-0.7617852056430837,1.8642574622283723,-0.8008113828639147,0.6009119626895012,1.1400654047973757,0.43173338056576993,-3.349545662682132,0.025740543380917708,1.1766442138155222,-1.1675898576831139,-0.4709522455397901,-1.696847263957027,3.5811329364989053,3.195941649452132,-2.10394703797838,0.9320356452852512,-0.52694871641071,3.134631242060752,1.5090315359302973,-0.9926991727759464,-1.290462331408969,2.1440018599095123,0.5669493478706068,0.09918172156444025,-0.3640533920470436,0.26465446143995347
GLRHD0864,-21.92415042663169,-4.498970905686029,-1.1199014690851858,4.980786455338272,1.7367535388886115,1.9762671346763117,0.833347065111731,1.6725096217832933,-1.997420063793311,0.7627764472744047,-1.2619413977741964,1.5168268925516322,1.7278148722813669,-1.5715607909633336,0.7212463461853063,-3.893168666597598,-2.0817396683907647,-2.456480268452817,-3.3290770357749553,-1.3700794914174512,-0.7334111687918291,-2.252252372522182,3.8920832365902536,-2.2101173849329157,-3.083096843481376,5.069170796172113,3.676337228858678,1.994360261871819,4.127755185630433,-2.7757213628818205,0.8718284878643368,-7.545866535405137,2.6630111331568016,1.6488283264822035,0.5150023492309576,0.25427690227124494,-4.938166065163767,-2.279265377661123,-2.945655531840149,0.14896902143841936,-6.0325441029582025,-0.09685506819479879,-0.24657900650774148,-2.867081563000557,1.5780530214696786,0.4921059610971942,-2.27273567091374,-2.379697632507271,3.2806369257095525,-1.8630079735189196
GLRHD0868,-12.730471487540052,10.782538612794244,6.796195246359762,-1.318806874549914,3.911779818496127,3.4666836123898928,3.2536702761065373,2.1454158294643504,2.4485725650081007,4.356199563140671,1.3629902018208664,0.2858843651519646,1.79226706321017,-2.1095981451423373,-2.4657479497986,-0.5674923003192688,0.3809182829708389,-0.5904654600680665,-1.5599392872250617,1.8608609067087782,0.9241937888833334,3.000055461354721,0.03746916568464201,-1.7953201902658376,2.180691827940225,-0.4668870349409327,0.3283722338424272,-1.1798298391407949,-2.456312256787294,2.167959166627393,4.470286980860138,-1.3212729178664215,-1.2104382644009373,-2.7747184565637397,0.47561780125449077,-4.07439776177326,0.650490859671132,0.41213798329145945,0.42298311918984777,-0.7117552498711038,-0.7830649470606246,-3.9434430421891897,-3.9573878426515092,-3.6127350054567424,-1.9592724146005942,4.099851724159887,-2.464191413734309,0.774893136640677,6.948649601522563,-5.781974123599144
GLRHD0870,-5.750976114761456,7.022091032647073,8.771501683105713,7.8317146422671,4.076731043535119,0.8459512037248352,-2.8480839695133517,-0.10838438977681936,0.021568301105696002,2.287417503632326,-1.0479326637995066,-1.1387328248776063,1.252578427386509,-1.1669291223109497,1.350052073034861,-0.6883156850844888,-2.0076288659814625,-0.021825752130348767,-5.666367159887956,-2.275305982686326,0.13976693153170097,-0.3785839527504272,1.0646687384076419,-1.58744150408669,0.4962052968597999,0.5266791522921412,-2.5769724226987423,0.24651445361102098,-1.3264576558755623,3.3408564582388145,-2.5869347926064354,-0.29338236574453236,2.738284517626147,-1.1161948857962893,0.7611412225428424,-0.8406364379122387,-0.7582346670533856,-4.487916799156782,-2.469108406130513,-2.221370461978478,-0.8934358978816486,2.1750491194450476,0.0031325602079246575,-0.01778911566672964,0.23705764173426364,-2.3361923072438024,0.4480376199388387,-2.1692041877156902,3.4657659658276785,-0.2932773905717608
GLRHD0874,-5.784221524358092,6.029491837811609,3.7281917750091473,-3.379987256631489,-2.2475965420507915,-0.6249259387454084,-5.722792091063782,-1.7743691787391365,-1.622489110710258,-0.7453170198656418,2.8152638185539685,0.8716317036856128,1.189231120335407,-3.3812822592086365,1.8163269229719354,3.1484846928064125,-0.4524554136158636,0.2046393663445268,0.1389981298882665,3.80611644384909,-0.7295480523552507,1.251635920952256,-0.6237495132972933,0.5779346893153791,-2.2392046465335707,-0.7830375839307453,-0.49099949087787514,-4.090490716722144,0.5388657230616455,-5.945810931404333,0.6217295066020594,-0.685145575662658,-3.0990646131990016,3.354184581197556,-3.6560825717433865,1.6713754053253835,0.6492673989286531,-0.6156399897239593,0.9077531960304074,1.7071134269596633,2.9595584399521617,1.705141512470157,1.361097896695462,2.5498422782395482,-1.8114656551425672,1.264526725703515,1.287463404487058,-1.4533858265318353,1.8539750105261659,-1.7031361313062865
GLRGC0388,-12.647376341008805,-3.7519436278829037,1.5704430122598727,1.1486997435661732,1.4308562246096226,1.2209054635946703,-2.8778601407706987,2.7704835214031336,-1.1146980156220132,-0.27703255103126573,-1.7032178093772092,-0.35691720933693194,4.555088834167452,-0.902165938946725,1.1725253278298589,3.31328307377749,2.039029594026105,-3.074062475555992,-0.9372093764054151,-1.6443135180983923,-3.2540313849924125,-0.8689772326323305,1.374086703690106,0.9215053468499782,2.821361909823766,-4.8983754862669855,2.0195663152907173,-1.762734375445278,-3.8751743300324533,0.782148173484719,2.23156159812804,-1.137609728452355,2.9967126092807863,-1.9421738727267022,0.6043623601726965,-0.8742443064250519,0.8493392117706796,5.836286724796508,1.3563142069284713,-0.1014237390238201,-2.3669478529940813,1.173250479002445,-0.6117971244675621,0.8575437637191209,-1.7453491774983967,-6.467749744936541,-6.972562924763325,-0.8614699821166829,-0.7589911804512663,0.4216393860477043
GLRHD0877,-0.932527248752646,-8.178225678187616,6.340435483099821,-2.1548558093575836,-0.055722711660534226,-6.714611521734261,2.263526486426831,-5.8630441449286215,-0.2623262401059091,-0.3812529790317317,-2.325760311437776,3.768803541561168,-0.2124066119967243,1.4970045707262392,-1.5736370395527506,0.11357788362777944,5.579659817847851,2.0782743119659077,7.491608211969177,-6.967418997074928,-2.4445290373444464,2.002523089832271,0.10849241202386654,-3.0162765377270913,5.128831256128181,2.8240598425528756,1.8173093367624589,5.266526476760476,1.1710267500035407,1.8538983606598374,1.5995715226606866,1.4059008802776944,-2.969871906672525,1.4713013048656338,6.387559457470942,0.6973734722769264,-1.8645082173020748,6.677986588936805,-4.023205672172926,3.857854095713999,-2.3106628558304596,-3.0334130321223323,-4.026976410838009,1.581086845151539,-1.1499461407686324,1.3272917012335328,4.064183021129162,-3.1510580436088445,-2.7297669298707836,3.5934461624945926
GLRHD0879,-7.028306672550523,1.7849768524094587,-0.33217080574104113,-2.3681358414932494,3.131038115988836,-0.3924350471192296,-3.530046589537094,-0.31197057255834804,-0.09464016070037577,1.8780025229196975,-1.7821553712059843,1.8824035370178291,-0.46838485044916534,-0.5830017672410776,-2.867338939877685,1.0332023718632621,-0.6612903832961713,-0.03019095848716999,0.5304591946669256,-0.5724354465817244,2.6891429749591875,-0.6446194522190966,0.36607932495292916,3.8983380021088303,3.119941383603041,1.3880889775866934,4.466980797629608,0.7556162540422591,-2.216934676963539,-3.8484308813980213,-1.5358234355257094,2.8729104080151564,4.029030816838075,3.2647872905151867,1.2234005426534362,-1.3309632012706833,-2.506294795661963,-2.136200090780436,0.791108415077337,6.454564710672728,1.48724273422543,-5.788716450887839,-2.350044467112854,-0.1855264262744584,1.7551124604960573,3.0047035679375833,-1.0868695358091478,0.3565179178477399,0.08763224557152471,1.6155425421110199
GLRHD0880,30.175342784598925,-9.599121742368094,-3.444626884478676,-1.5228960024911298,1.0054188406087543,-2.426508537334169,4.08434312085546,-0.4515277048765656,-5.845402784975917,-1.4162421313746913,-0.37007458505945845,4.924161303768401,-4.4001824603895745,1.8792119006080414,-0.9860736232380608,2.6568817772062534,-1.280586762117721,-0.44407122356690454,-4.315342023341273,-3.5240306020037475,0.17969337411408995,-2.206654817772491,-0.030555658189981832,-4.775183790929212,5.353793449926138,1.4127169518978855,-0.1297811651843557,2.5764807575333304,-0.22553481432235725,-0.5898134641410402,0.10627148492078516,-6.268770770226696,-2.6616832597889952,-0.7488423047535381,-2.136823959237789,-1.6165439069094412,0.8599506495350426,-1.6830555378355745,6.615762321899266,-0.28528895550606764,-3.1482286663096777,-0.5774519529557357,-1.1595390354429314,1.6524808950862466,3.311119471885198,0.46647306145854533,-1.5921550884355613,2.484623418316155,-1.5628444374422437,2.003921624794716
GLRHD0881,6.907770416176003,-11.885197498191994,-3.4406117179309135,0.3352535823524003,11.91291000833796,6.0467448702699365,2.8508927001908284,-1.6248486408953224,-2.260273952265768,0.6395482712528043,-6.004773696739355,-9.91021303297688,-5.948728386627828,1.2542597449951922,-7.533029302509992,1.973492506757713,-2.584088477849903,7.866361878703291,-0.7309125899043664,10.353826740175386,3.1187474901586283,-2.3458055033503236,-1.6255835817906938,8.992553546143615,-3.223231229163679,6.216720496669391,-1.2301789113971728,3.84883032369966,0.9973730734500934,3.192178660802579,0.09595653208202794,0.4059355327174665,1.2441566168825084,1.4655597932478635,4.0799433605334885,-1.2087562606066025,-1.2812757778463555,0.9877213422426141,-4.17247053640476,0.32837267698530853,-0.45629527679605186,-0.9397047501875854,4.710159864898797,1.4888289178990668,2.993546000813647,-2.2156427680140385,-0.9006758848031785,-1.3958267008365115,-0.4064307267222841,-0.0065303145503049255
GLRHD0884,-3.826846712708671,9.201453527120883,-2.961766285109758,-0.23326119810563398,-0.7299818926626114,-3.987195923262929,-0.4886695238053211,2.2139848108280944,-2.908673268132581,-6.854704825141954,-2.4060552634138914,-0.1885123459788635,-5.049109755022297,2.2094397295095707,4.153254254660641,5.0526587208328415,1.657291932684076,0.18239415567210657,0.015780131533700812,-7.531767728662009,-2.241877608543379,-2.3185333729806703,-9.53948171989613,1.3369147293854615,-5.354944133520265,-4.768779271686638,8.134846257509688,0.7091236700036182,3.4037481345855163,0.07640136277469611,-8.43640639315098,0.572326709380913,-3.009071337655365,-0.2731024457865217,-2.383530287925114,-0.5354332592112377,3.231490494211841,3.065067339043512,-5.320725245994966,-1.887577171676339,-0.25397676032077804,2.475156529339124,-0.35059974126190857,-3.291529462969864,4.1907609779140715,2.4746844494767215,3.4077296126774863,-2.263971576634405,4.8216814421953655,2.2986930744276073
GLRHD0888,-13.875173707956007,-1.1044998070650338,-0.490481255285483,-0.5523917637778872,-2.141648489210229,-1.5444909615409972,-4.182852747807352,0.021119911661030336,-2.072262146446434,-0.08397745263452613,-0.6895334769440622,-0.8674917159033054,-0.2253183983414855,-0.2962124435415069,1.3880783717523548,-0.9166163061151875,0.8508262194345951,2.173719267453295,-0.42386843707682126,1.0472051113736618,0.12078122384178062,4.979333202464215,-2.6049621972628314,0.039995952553888985,-1.5020336476517606,0.9032067444612434,4.327558271207114,-3.151261541381779,-1.468553453597227,-0.6869713496615967,-1.644708689999702,-2.110084189520072,1.8702552408884556,-3.6031145223027425,3.3822680292306417,2.263919959374912,0.734895889784814,0.7264327141324954,-0.5505654783504561,4.230507373438894,-0.33576039648520595,-3.512848716997299,0.11540071678120678,0.15411938112616225,-0.4581274103528946,-3.1305109750052798,-2.462759475148268,1.3317880493917744,0.5630137011050047,-0.19858807788840344
GLRHD0890,-13.65444491908103,6.521141969587233,0.1426376311165212,4.834314368391039,0.25503608116837045,-2.1091095479026443,1.4039143089025468,-2.311003359684904,1.7443022739050633,0.5532970186065606,0.0008074247120355604,0.38248406158659315,-2.2437843140905054,1.6151343748628844,0.1024492506577484,0.8503259842023894,-1.43053710097673,-0.04584823143301258,-1.7697453312955098,-0.3099580289204097,-1.4286882681539725,-0.22419293398163168,1.100158047539369,1.1527547059680723,0.5409521039304104,2.632699979532963,-2.7981494977124046,1.5163087047773904,-2.096754213944387,0.2670003764537679,-2.270457605504064,0.06361410637046716,4.687937798640874,-1.8982858346418094,-0.8502079830323687,-0.5528819588452301,3.5007327691882733,-1.525621629060238,1.4337469417498867,4.309345918294515,0.7963952260212795,0.34451549239107815,3.9834529594440546,-1.5690042308389012,-2.532736612511432,-2.9082722230433986,-0.6753568755381434,2.5321003176472296,2.443910852438736,0.2100075834386897
GLRHD0893,5.253491723691401,5.137064221991415,12.188277152684917,-1.7145803480765378,7.862012185530482,7.654692378348884,1.3946896384887486,4.44421990004149,2.443462293390872,-8.4501187662398,0.6653123148090124,3.2765033440552958,-1.2397866441462833,-5.009797222664469,-3.0942879167960617,1.599725257741516,-3.0203639242773224,-5.191341099649495,-2.07419657327951,-2.4742869024816865,-6.604862318956687,-2.087443930017595,-3.662678381747621,2.2353117912163625,6.522084489276181,0.011322263016401863,-3.3561987483989433,2.8107320382997596,1.7122801797825546,-0.2012297613215444,-5.8366514700832335,-2.1843701982170187,6.618391901787501,0.9680990381638441,2.7121427762152233,5.963249355450463,-0.2655327336489647,0.36810966923764704,2.82920602028927,-2.229003830109393,6.068162806752178,1.8295027895892086,-1.0101752084052753,1.3027568239765104,1.5680085024566157,0.566372683225497,-1.4486367183539561,-3.187277600960573,4.843958668530927,-0.7822543703920763
GLRHD0897,27.764790327460236,-9.18442595417929,-1.7194757770261657,0.9170289127095452,2.319222136825138,0.04944676249926482,-2.0345842595779127,-1.1620240218902005,-0.664238738639715,-0.20948882430926477,2.6068015437733534,-2.9377590883645697,-0.17069217763999825,3.864170102098043,-1.2067117890471157,-2.8089817442069,-1.5142380396012654,-0.744259413362571,2.1021253489470735,0.9016543394152582,0.63550589252429,-1.4639182666780903,-0.16713356190112763,0.3012608861551682,-4.297194421891306,2.6629027267625345,-2.8971055038270634,-1.7502698789830198,0.19528669725968895,-4.001304571811553,1.176322173655553,-4.420109325245937,-2.489371315181419,-5.073315912432148,-2.486622426440041,4.283566180755717,3.3430767904524563,0.9751485616861671,4.526252822632599,-3.2503337961916445,2.180440703263701,-2.031875478507903,-1.1288780017447806,-0.4692163783151929,-2.537935360735755,-0.631828521622524,-3.0260657346983577,-3.1375208275068864,1.257444160516016,5.386188726533446
GLRHD0898,15.050122638209237,7.467761710104991,1.4472122498476028,-5.482747096072893,-3.489423234026561,-2.6575550766430167,0.221227790467497,-0.34513159149732525,0.3884463278373471,-5.201641180799629,-0.1945526761179935,-1.5942124383353307,0.35029884732923444,-4.753026130273227,-0.6545844502569149,1.1315500768929403,-1.2990526836880663,-2.4120707574014393,2.5467519244600503,4.311477103690369,1.4679184173485718,5.416350200133559,1.1227175016465383,0.651708536527763,1.359052829812265,-2.430172291457717,-1.0293111265236192,0.011306793076181345,-0.5192107122888397,0.3413020829898894,0.5085989858263545,1.269801340109587,-2.328931790956957,1.9013955821241397,-3.941949996142124,-0.4904260273894094,2.210209305214877,0.5839859702735983,-3.203360046756446,4.774117465377551,0.5783806869295363,0.008720125478825709,3.9164057760543938,1.268011115801384,-4.900889005031826,3.5047018800734815,2.2282751244128463,-4.852074028128014,1.224613693412602,-0.4129849446095386
GLRHD0903,8.04337786221186,1.264439030163363,-4.965310879875501,-1.2011271766059022,-0.7099204851692986,0.2667508323835372,0.9148619097272892,-2.030267877825209,-1.734881501693558,0.8174476774791947,-0.2750265460799489,-3.2177959814148944,-1.2620967945696409,2.6933077780549706,0.05756217498806789,-1.1580059696992424,0.011060251681411308,-1.4377466391743874,0.33998221273920637,2.9420754660068167,-0.3584540921108863,1.9418477415986466,-0.9824733297917442,-4.0323772295993985,0.05305783348617903,2.9133967841431923,2.136438082459171,-1.702573902928719,-0.6012742689947819,-3.0227434177454615,-0.6495525673008208,-6.212386262445892,-2.483130755041855,3.8719891778348,2.8743264020777874,3.509031864852671,-2.368256078893201,2.391188501062483,-0.8872516389234147,1.4326928369549583,0.2633723186812239,0.5889119207435678,0.404240719805544,0.6957417995050226,-3.55017894726403,-0.10412195295432539,-1.7193231007374747,-3.7692418296872,1.2399967947514967,0.3179187467714209
GLRHD0913,-0.14409732699238004,-11.732578956796118,-3.620981128316637,2.604724587306046,2.145808982078617,2.1966208181466116,-4.017661673547973,-0.3454302502933532,-2.5389399210657855,6.7851248059905656,3.1806084216920816,2.5260359584545293,-1.3198136957881375,2.9142137204479877,-2.291370107209297,-1.3735311279032498,1.6036281937166357,-1.214833551551583,-1.6613592323822544,-4.333654290438167,-1.2704727183017204,2.3910424080073094,-4.474518144008594,2.15904549460261,-1.1701948997567608,1.878819155647246,0.07400196785883013,1.7838208731778915,-2.0533436890943504,3.812836524197199,1.3938922431441383,0.4789095150692308,-4.398384218914618,-0.6222805954794658,-6.718471259967749,0.08978416058006741,-2.561301749442175,-4.6370638726314874,2.8217355192317726,1.415886720158758,0.07285042918473206,-0.9531063927701918,0.9231624129502665,6.712194856820005,-3.232331776719904,1.2273526224189693,0.3121045105135997,2.4275430238287905,3.002509391293889,-0.11453797888435174
GLRHD0919,14.668777490771928,-4.069402879634744,-1.9925965193803081,-5.072296358034735,7.763837105531397,5.1693791530673785,2.1624408381266256,1.2661194226143628,-1.908604033353777,-1.6718530888046659,1.142300036949715,1.3853729708022036,-0.8398597122517276,-2.4482849547133325,-1.3247078723431849,-1.234155150221489,-5.568701784627395,3.656813244906324,2.939856456488041,0.7043410926861856,-2.7742485675165383,-1.2103582206065708,3.0406086389291374,-1.1833691835378601,-1.5753961911602825,-1.7836722615533296,3.0576263483156936,-1.2587945939673615,5.12581779279446,-1.29234783268419,-2.0144298493691117,0.2404805942076765,-0.7731607774378921,1.3490697979635242,-4.1291295557157275,1.9023303973713444,-2.996605220356632,-4.355933004470783,-0.963786358403242,-0.6536429613579812,3.0497203297681232,-2.093969163128325,-1.8636795818423155,-4.101571378481602,3.706449698966803,-1.4132716402628003,0.20239989230600106,-3.305161009268637,-6.7534817132065585,-2.864750547274342
GLRGC0497,-15.266806368074402,-13.205281896768767,-1.734434179336626,4.290703403356454,1.0893587560451268,2.9305291961291053,0.05162825550644286,-0.8120020490698057,-0.4243414454774971,-2.5952536006156595,-0.17713841298490482,0.34442100035711243,-2.0313769232075165,-2.982057900210471,1.7409794835202403,2.1646822264351457,1.055151071017828,3.7319240724374216,0.3312332147800476,2.1112664502006,-2.3225167119239867,2.3038749456977814,0.5181051041884279,-1.4329317802794264,0.20991918984920546,-1.3245819904588703,-3.355624935093019,0.9461377369621986,1.468967818717514,3.5662475134929568,-3.2306820644808933,1.692754699797316,1.1674392310059702,-0.1632591675311841,1.7106862274634986,4.264937031027705,1.5133600539932102,-1.1419251333673788,1.8826546838890639,-0.739183418829319,-0.16006459172949594,-1.647927437373223,4.093471538067834,1.8800148097226221,-0.1769782799752228,1.0137412887965143,0.8749728917387569,-1.755712987341785,-2.7709911115855776,0.7462268124855979
GLRHD0924,5.477013031826214,1.2879266732590926,-2.0814160934797505,-0.14743273480504274,3.927549390379326,-3.953319098692368,-2.4105105682304213,-0.3909062189330911,-1.3358763246014653,0.17949197226894836,-1.4162159265070096,-2.0568113755101436,-1.5737008339294585,3.2455071136561457,-7.790129421416435,-3.4523532018552405,5.301952659339883,6.1774076102228115,3.572404104017784,-5.225469656727439,8.283772881646176,9.33422112245371,-6.450879227155362,0.6896972845518742,2.0377298395290566,3.952914180700169,-1.6571232073276383,-5.301362914182955,7.615089894593997,2.0665953529033594,1.4268844566537249,-3.752058898576193,10.608962360747233,1.5316531310671717,-3.565848036681458,0.5326398721550076,5.594317116593156,0.8943268526517951,3.031381701692431,-4.076102712852699,-0.8387202934723892,4.344515530512505,-0.7671025980668577,2.0459569772934088,-2.0332300629853335,4.685486902670401,0.13138141379222776,1.2571139545384646,0.7018255813435196,-2.1707448166652905
GLRHD0926,21.812698419070212,-8.624046781414306,-7.496152262013852,-5.139591519679613,-5.732923461955727,-0.6184530983089875,4.847352529273896,-2.1723561924392416,1.9922951113757879,-0.5533788625328385,3.6479061599461735,1.1649971186241361,-3.924152813248292,-1.5421522221585835,-7.41188518949186,1.9648276639366387,0.6899585432414257,2.268066388127702,-5.006620363281253,5.902506843834287,0.9951396871903397,2.091806428927958,3.4753217770647193,-0.711419036948598,14.54503993120276,-2.86723695486561,3.5697278454956907,-2.4231786384918337,-5.587813646114431,-2.6499732086993033,-1.9008097750871813,-2.1096534184717637,0.5001681815793715,-0.9134401476773193,-0.6760655542256796,0.7365773314485023,3.198096402045211,-0.7464743731658602,-6.341809375211381,-5.015368505666051,-4.322315752496346,1.385998340290005,0.5344189205669891,-3.8086506698107594,-0.5877509047877428,-4.269946907991267,1.2405020569362952,0.8800249982547714,2.1837800156439644,-1.7822190790170531
GLRHD0927,0.39191011276783094,-13.309497590990473,-2.729900272992071,-0.9560184658772602,-0.31162537398884044,2.6122258824554803,-2.2176193233438872,4.320978873175001,-1.2719353934094981,-2.642975955684953,-0.0864772560543539,-1.454190041386081,-1.2776132997466634,0.9927354258443485,3.3435436695198715,0.4308820587084746,2.9595846469187195,1.5385076028966627,0.6340313756430759,0.8178304967073521,-1.426633623136784,0.5397219534286509,1.5389684048742787,3.337421160818088,0.8384061746786681,0.46551748994754194,0.7462997845902737,0.23086510141352054,-1.6959000531823383,-0.3279063531946202,1.6747965301266132,-0.12465716455762776,-1.6532907576089328,-1.9330510669327319,2.5688322170747373,0.7926988337039961,0.5716637278683465,3.440292467208745,3.517408839554173,4.722241475955824,-0.6502424294148138,3.17486458884434,-1.6081359642190771,0.15194279638034108,0.7774211011924366,-2.5717101789127073,-0.6682893655940534,-0.37456359903577385,1.3998764286502814,-1.8456026219384145
GLRHD0929,8.7317763286762,1.4684103906166786,1.0064225982510744,-2.95498395594389,6.355981900264625,2.755360078754794,0.6280127331192574,-0.047884677518063246,-1.2671205247207855,2.5292155144386634,-0.979377964483198,-3.543380762367717,2.7414373491254325,-1.6795004217491258,-0.5937796383339697,-3.1624912260698173,-1.3177978324331805,-1.6611992282087582,-1.4618074153222904,-5.062291714263804,2.0732136178675957,1.9360804283777022,1.3757675069999786,-0.1812972779880571,-2.580180055742698,-1.8072032339147985,-1.297040168305595,-3.4980704731488936,1.4171252406769204,-1.9545203266603115,1.5427876476295337,-0.4299994795027584,-1.4019728148818582,-4.286414251404765,-3.6333567408584435,3.137145201133844,2.1438537251908443,1.2485213046679366,-0.9382041079493725,6.1011469659843565,-0.7757522123898651,-2.1408986100646894,-0.0582901357924084,-3.561669682441764,3.248951360481458,-0.0038816116471663067,-2.0384532775934807,-3.1071457347054734,1.9154383348276198,3.74640050632723
GLRHD0930,20.64699410485145,-7.781667256107916,6.9353150712132,0.14393334191051088,2.343363493915398,-6.404859239877843,11.459606926915578,-12.883249974435191,0.6568846758501746,-7.072216579829288,-7.886090864566044,-0.7556595800560747,1.6098676169624642,3.147284950222168,-3.2747967252397743,1.7821985513569782,0.057755165956063864,-3.93708277113154,-8.351258517083856,8.114912012914846,-7.743879884644038,-0.705032697825211,3.756895628713291,-1.5136141285774913,-8.955114028870584,-3.9342530630700137,5.21638197832367,-7.0943402374310205,3.1426735475423593,3.713473902766038,6.544300356771569,3.968066153203972,3.168486035583169,-1.2177563066391328,0.669860904931846,1.536767749290139,-2.40277850649499,2.5671109012776805,2.2302784122435493,-1.526241825587901,0.2396717394140833,0.699721827786958,-3.209076954060942,2.292483164531016,-0.20967096448659145,1.571553261497883,1.0278633055201642,2.917563958572819,2.539751305562965,-0.014841934322214648
GLRHD0932,7.555214141655857,-1.6231736565510073,7.979719612268701,-2.847515246278274,-1.3296266102829892,-2.3417476201353193,-7.154625884802859,-0.5011249179922395,0.18562999738117505,3.7012079053917466,0.74591202173725,0.6131754884157288,3.9434523012424534,-0.7627971536174173,-2.2840484941582715,-0.2252200162569687,-0.2983628162988468,-1.4501260883637588,-2.332328461210348,0.7866299713478792,-1.1879601952637036,4.523666459205619,-0.18556483221158762,1.291684887214906,1.282437417794297,2.1853015456430884,1.438289808386164,-5.156865189974929,-0.012899697288910918,-2.690311400845909,2.556720643804697,1.4625425762388078,1.0473151482199956,-2.768053075001072,3.7035022881772965,-2.7338532882559825,-0.00619111394534094,0.8269381818884048,2.5274186046463,-4.863791928875314,1.0207364619825698,2.416266977572455,5.855611260004373,4.4493234114509645,5.228032229289917,2.4181302029419585,3.463836085697394,-1.9780511149768072,-2.595209814142906,1.3437170207608549
GLRHD0941,-8.423173807204458,-0.13094465661024882,-1.929592403520461,-0.6215445675093052,-3.105367343432168,0.3285047189279401,-1.9847255905938574,-0.6967072742356378,-0.5756583530767622,1.4859764954634926,-0.7883226783514915,-0.40134199017167227,-0.1834537970318101,0.6219733205981667,1.5777550316777005,0.6086167239936255,-0.46645544018566015,-0.2654536282733423,1.4712290946657276,2.18104416453285,0.1560775905358599,3.0343613682466355,0.7538444665168593,-1.4357174506037829,-1.9148763599008642,1.2159823925894107,-0.6005309594305825,-1.6244835759293,-1.391712096670764,-1.3264635697561928,-0.9289357418947853,-0.9919019854710988,-0.13356316527269863,0.3653867729859108,-2.553361440490079,1.1127850418755245,-0.25001212128995076,-0.6105815125885894,2.038364142375063,-1.9208280542694829,0.8774541305186498,-1.440939325668609,-1.0496366209809986,0.12234106457428359,3.35961515242761,1.1959382943640413,2.1931693019873757,1.8677184113622924,-0.21624512711362331,-0.17797155742599297
GLRHD0943,16.655256910529012,-4.04804720802649,-3.945415685877861,3.8379619903386324,1.7882312595696161,3.5460752825727604,-3.0746900934996058,1.676474017480268,-1.9501933725894756,4.580209240443548,0.9947012158966672,0.2369977555593016,2.42321602894583,2.666678148291083,-0.293061473395843,-0.9739602101203643,-4.117513669534387,-2.4826017486215965,2.4658743982617697,1.8555331072605006,7.282082399219447,-2.492378298080383,-3.636056217512272,1.0542976693974024,1.6732438963999068,-2.576450677260213,1.230470195818743,-1.1089640301886874,-0.27643037309168117,8.156911414060126,3.8428133949184766,3.235477764212053,2.6244319551113735,1.5677862545645964,-3.992545256572173,1.0118097034931728,-3.4876923153250012,2.7810347978944145,1.62238043076994,0.9481737643212301,5.454623474641479,2.896474527274139,-4.160678809465971,-2.3487529368702913,-1.8220258907928866,0.31271646286071864,2.7001220084943114,-4.976753375119112,-0.8050586213128653,-0.9193956426204005
GLRHD0946,-6.49228018301875,-4.931357604358428,-2.2098049718764075,2.8157474345849667,1.3037013365854466,0.6042018737062581,-1.4730387080352763,0.9332720114022123,2.311874911462839,4.0235758718862265,-3.0912829024138406,0.9692222057914114,2.0261966657530865,1.7929589786906999,-0.04576805077909019,3.2221416226451574,-0.9831992031432014,-4.5934896314113605,3.2064692475947587,-4.134355692463926,-0.903497264241697,1.8427584607567915,2.2016691296071627,1.5178789359309999,0.6291037995835898,2.221516089295768,0.2641982229178352,-0.5121164164297085,1.8297423328881892,-0.9177539492445796,-0.8894565671577556,-2.289800306047298,0.30933492511381017,-0.06177907632190055,3.5975662834840416,-2.2609043282835137,3.2507071774565546,-0.7062807202556538,2.527807421911595,-3.2699805099082258,1.1391747398076943,-2.376984876663377,-0.25914970213488875,-4.22408929987007,-0.8863225944423428,-5.261171832883128,-1.3194519466154804,-1.275952547239697,2.044140133016031,3.5701868964475936
GLRHD0948,-23.51145221835823,-7.549855277773045,-6.335739056104464,3.869320675349835,-5.5370835464324655,1.2544488581833395,4.640028629859775,-0.4432061786864591,2.6687522752921597,1.3683494910087448,-1.3662843339575674,0.3258386012367351,1.0212829637952636,-2.033103417663871,4.137188625409841,-3.389278191479711,1.9213646179482937,0.2607656492917911,1.7962834102789804,-3.1350271372935135,-3.3031239711920364,3.785791119184694,-0.232399220505596,4.29061443592124,-4.371279549113214,-1.4124279762927445,-2.953054100344915,-4.404638277875081,5.178318396664581,3.692509041411149,4.132828183258005,-3.806376055224771,-2.020019543208001,-2.941175305616081,6.5693885029134815,1.1951476350287724,4.6139259829967605,0.39302413009304654,-2.0559856072761424,-2.9256154288224865,-3.117401157724057,1.6446406274026932,-1.1615989792289008,0.6210292237255672,-0.8437496517175255,-1.2073371316909574,0.2340389847220014,-1.5139182936156808,1.0472806124116798,-4.053683442147149
GLRHD0951,-0.14723367658661796,5.256548209911626,-0.9137857345131868,-2.8437389241490356,-1.9914367361927878,-0.7660456578517573,-1.2968183340725725,2.0002005895231463,-0.373405538832953,-0.7746568652663592,-0.41436974429394025,0.1942600564416276,1.0314146472420105,-3.229231043753307,-0.8733140445563793,1.5082706821909397,-0.8310053965436456,-0.8426661601130517,-0.37325568402494624,0.065140860985419,-0.8054121809340611,-0.07234635232698428,-0.34500103481398176,-1.1514628717687727,0.22912424051390615,2.224303287396689,-0.0734642532283707,-1.4594008723849494,2.1894127893339026,-2.4932574477514318,0.6035882113868952,-1.6412727942535452,-0.0546831885753751,1.3707358856831997,-2.1405938385486816,-0.23581682825871278,-1.9998870266442643,0.05284345591900099,0.6580843642685685,1.467515811548016,-0.07631805213447063,-0.859551312247479,1.6398933815348504,-1.3707186398223559,-0.2991905459557528,1.4474255503057698,-0.3813789763240942,0.9002501304475037,-1.2254702626415832,1.0446093863196304
GLRGC0456,4.588663753615601,9.93835494586797,-1.503695805654593,-2.152030378481566,-0.7782407004358385,-0.25169657007137,-1.9328234080878262,-0.49247289910330283,-1.2033501990258093,1.189827897330395,0.07974172310217315,-1.0272711534752368,-0.9384177817629904,0.1152767377763195,-0.14041380297190126,1.394968218279776,0.32312290342182476,0.1179966127957523,2.05883153365494,0.35343194157750957,1.5631555035940867,0.3484580794785402,-0.14514393680925702,2.7411000362921714,-0.2921773867861082,-0.18514772100688798,-0.9700902313986173,-0.734472800962168,-1.0172564919803557,-0.7666286202061425,-0.4329589746347157,-0.04267333879665199,0.5936544019679076,-1.815502651708338,1.9561356527361158,-4.972416816165653,-1.6400432763602533,1.2337161516432225,-3.8100449961944554,0.09829426025966952,-2.8783643558679697,1.9766098542039938,5.285099278317778,0.42748094834148276,0.15635783670715134,2.8773605063543117,-0.7588170511862671,1.597671395244636,2.297160048120064,-1.4376190032695617
GLRGC0464,-28.986091441766526,-6.920410523241303,-5.726174403437187,-6.2681005594145685,-4.241269356999189,-6.63717153726804,9.45015089214701,-1.4824488070263466,-2.0143878826696673,-1.8919993864222304,-1.0045370670072173,-4.979958564128171,3.1218593708548723,-4.117757156452013,4.062409699972068,-5.2374856902983264,0.3636994948707779,-2.7099564287342233,4.373290341922932,-0.1115220050935263,5.8481886308066064,-3.1190933493772666,0.12322865335195646,-2.8965006714364954,-2.137400701014274,-1.1952808383604365,-0.3138655417197734,-1.8410186493793381,7.605948350022133,-0.10445841745711025,-7.395236987190102,5.131112495550747,-0.6322289137911988,4.215419408175492,-2.2107905353239845,-4.139886173059149,2.044640664040438,-0.8173684579583788,3.9482104032314,-0.337045635685591,0.26747002142922593,-1.1324948372656216,0.8463257740750527,-2.0212823370206365,-0.7226796360202612,-2.0496812358367507,-0.6305677754078941,1.0411055921277514,2.030923990850535,-1.4777968876168022
GLRGC0477,-0.497300930915516,-1.482705904670154,2.832961786853175,3.0124983409512716,-0.16072542442447732,-0.07560775119287005,-1.5505624615631244,-0.989470437428489,-1.3549123320756786,0.37669242691421806,1.51201270296,1.1526847925153885,0.41577844142268355,-2.019247961834893,0.7050362634328069,-1.0280055952426776,-1.2922263817176534,-0.5449314808906215,0.3212898421317673,1.1532484162482024,0.11775911187083693,-0.1699774370347773,0.11743701656607354,-0.12715249456924924,0.6515771421743897,-0.4760734106888816,-0.08847955022285946,1.3094211061230645,-0.2543479153897635,-0.017438471690420513,0.17237150742285193,1.2310580400832516,1.3043230083309105,-1.4187118018022657,-1.766039385011674,0.8163654186362543,0.15779720405617184,-0.4234445073956774,-0.46949183780474146,-0.9563963517177648,-0.983044618410926,-1.25609881300308,1.7054804678735203,-1.0383817224367027,1.1396442388917731,0.06891632331790332,1.19749242581019,-0.6757871452887563,0.8210812401071166,1.3588987406148332
GLRGC0478,13.802542268315092,-2.2580562535955138,4.706132264635113,-3.178055033556091,-6.608611960662825,-1.5246942854612429,1.9185630683826653,1.8594913345367414,1.573336651035652,-1.37005912484857,-2.8177700022491754,-4.927921469794592,2.9291577745114905,-0.08665512643846784,0.7438509783311648,-2.631912277812427,0.770294079777208,-5.007154277145963,-0.8356857255388499,0.7196333624895402,0.16069180792061497,-0.4183318032943355,-0.4220646064744825,0.9480649485205346,-0.36777703542571255,0.922515931610014,-5.524448655624154,-2.850062035142043,-3.6337964480510045,0.7029725656821358,1.372509267357643,2.738180680158499,3.302139896410657,0.7280877487732148,-2.9725507863164475,-2.067459617913396,4.453372973560044,2.4501209283895293,2.0831871677259657,-0.6520593529408829,-0.36603751701455145,-4.276965796301235,2.9575243634375474,-0.8584668793972111,2.146853711350285,-4.474683052172621,0.6397468105045627,-4.420627556912841,0.4812142301568068,-1.4554639512094885
GLRGC0479,6.217176582665719,-3.4833157825415326,12.17559409158699,-2.3367336662712663,1.7296490771777007,-0.10048511650597516,-3.4236721374141945,-0.6888729349918827,0.5894707958625279,-1.9460517898829135,-2.7057621367770563,-0.10897853768969507,0.1830131325205737,-2.171714776262389,-1.3398735568126978,-2.4966243599709683,0.8195115799082049,1.4321873249979964,1.0267579142709247,-3.6529683760567546,4.872060233863791,-0.23898835553265688,3.625217268855518,0.84383794337683,0.5385560072435993,3.43847350671334,0.12110491783149255,-1.3836638587443781,1.5829196075792056,-0.10597485419202626,0.27486707295390844,1.8645122542906503,1.4349940086880826,-0.20304041291145158,-1.4313884892696598,-3.3800672339322526,-1.1870018971721579,0.36658244776061133,-0.3534962640565188,-0.4541055497825447,-7.039929985385817,-1.2541661195279163,-1.4114933362805868,-1.215320010259595,3.685763399158346,-1.2015230743123009,1.9433910319241863,-0.5555378130379863,-1.8058380944269201,2.0579823775900734
GLRGC0481,2.6580671849631097,-3.2807310404186936,-4.952127412813424,-0.35835383544663024,0.17621433223369834,0.722924767177848,-2.2280150534905903,0.1597574768087102,0.6950901846596675,-0.32592322197333223,0.31026783829859467,-0.3441865384214496,0.7818039349701671,0.08960982082808572,-0.7868863285370326,1.598209570941695,1.0724993561952918,-0.4762723008983595,-0.2008569707717178,0.06438233773344976,-0.28000219020043,-0.7928060186253115,-0.0872066348764634,-1.4924135644812955,0.8566890280838692,0.042930466411887976,-1.4127077197681408,0.982668611069214,1.7426287407403205,-1.3902146861385931,1.2296276644012687,1.6879150152357085,-0.010320527957267336,-0.4107999202646235,-0.12611067802084114,-3.9579256724671987,0.18490582520170937,1.0638735589747736,-1.0999744354126177,-0.17445833230219857,-1.6269963373763934,1.5878530167070548,-1.4520766976046524,-0.8651042632962112,0.3923711404757002,-1.3926907063367262,0.14381783932758657,-0.43201239813806397,0.8862577543073705,-1.1574635538806908
GLRGC0482,-12.58972242051484,-8.603618829774218,-4.172450933753112,-0.07973424138294048,-4.309911904322919,0.7926515295241183,0.21425749640745878,0.6677178519643517,-0.6143406027015418,-1.5079052131149446,1.8411775894711824,0.7525593753284029,-0.8911353387619022,0.9735281647303682,0.027215565333850847,-3.103082004137509,1.0351953866125834,1.8455573380407229,-2.241767533144358,0.4999209416308101,-2.7048977000139764,2.2380824710664635,0.10170867878685642,-1.2820685455708416,0.38326119199505365,-0.627016274097361,0.6001918613302655,-0.9081692213541082,-1.674217133113411,0.768835771466203,-2.1690612933281894,-1.3433669784772726,-0.4613284140624555,0.7894872172532289,0.15201136374751797,-2.3236365189337236,2.2314814116894977,-2.1583454605685097,2.268330387548022,3.6728373453799263,0.5583880750132928,0.7029905013041369,-0.2739698752827115,-0.14976785696905393,0.9111847150387201,1.7214214383517172,-1.567887281392352,2.039574685210554,0.805503306852249,-0.67142254354037
